sha1,project
00a4e3109c8ee9c2702639019f620592a6aa9280,google-research_tensor2robot
010c934d5ecfbdfa8ae4b5bbca508586e0ff5d3d,google-research_tensor2robot
028301b84fe68740472967e12b534cebcb93f450,google-research_tensor2robot
02dc7a2ef295368280577b1255d32899a083b5e0,google-research_tensor2robot
03307a5ce18a906faf8dff6d1bbb2374edc1e26c,google-research_tensor2robot
034f49c435168151930c6a07abea48b0df58b74b,google-research_tensor2robot
0478558db5d50c99980cb171159cd20f09047125,google-research_tensor2robot
04f4b4c75e4aa18b7f82b6f3c8a27bbdb1acffc2,google-research_tensor2robot
067d45f8bb4b674ad25e402ca1bf7e5a923f1896,google-research_tensor2robot
08170f9277c3005904afffa5f96718ada189a5c2,google-research_tensor2robot
0863a5ce679fa38b3538f32a3dd6ed298cf6cd71,google-research_tensor2robot
09023bab9fc4e3e61111536a3070a7bd867b1d0e,google-research_tensor2robot
09328520d00cccc8cae64d03a67a5ac4bfa46ca5,google-research_tensor2robot
0c6d1d991a4e3979884e200c3819335d27a7bd9d,google-research_tensor2robot
0c8feb43b8eb8b444cb5ac543dbc1555b9a92107,google-research_tensor2robot
0dbc0a74354a63e3268c0dfb2fd9e14e3a105f7c,google-research_tensor2robot
0fe226213e29ca8ca16146a08eb08f408b535321,google-research_tensor2robot
10418655d39585e60c4f5d2f671917c73b1bb407,google-research_tensor2robot
12af6e2189bfc02a702c3017725c82d96299da1a,google-research_tensor2robot
13b3403954e523e438894a7d85fb7a0b903ceeb7,google-research_tensor2robot
142f2d63ee82532205dde87838d68bdf99db428d,google-research_tensor2robot
159a4f99e581893a7949f8042cfa71389c295a41,google-research_tensor2robot
15a9605aacaef316ab4bd640b91061a0bdce0f89,google-research_tensor2robot
172fdf6e2161776da60717a271564fcd76898c8f,google-research_tensor2robot
17d55f7bbe3bc7717bcf279cb3ab3ece2bd4a36c,google-research_tensor2robot
1823a7e0614836423bddd1b376e9855fbc2ecf6e,google-research_tensor2robot
185101389abb4132d4aa2c07a4f907d918da5638,google-research_tensor2robot
18e9fd7b516b6ec1cb37cdb97aebfb502888f32f,google-research_tensor2robot
18f99b5ad5d9ed18a95569ef00e379dc1887aed5,google-research_tensor2robot
19948722933b33eb6d29502609100864156b99b8,google-research_tensor2robot
1b74fe94a0759f5585dfbf0e759f4e47afcef99c,google-research_tensor2robot
1c9ad5c99cbe0774ba0ef34033963f1a51317301,google-research_tensor2robot
20ccd9dcdf9aaba8a307379300a8df2fc61053b4,google-research_tensor2robot
215f63fae031ad81037531dcd1c3a4c611d6a53f,google-research_tensor2robot
22157b416e2179f44ffa2851ac3ed21c683f32e1,google-research_tensor2robot
235c5b32d12271ebf5ce1ba9d1f648562ba700b2,google-research_tensor2robot
236c03b4c33e07ef086157082e0d147bb507eff1,google-research_tensor2robot
2509a1c1cf3e883816ed7d1f550b5db33c63cd05,google-research_tensor2robot
25cc67c07057bc7264266fb09a8194a4ff6699ed,google-research_tensor2robot
25d7796df7ea7c28017155d611bdc9c0a26434f9,google-research_tensor2robot
2761eae18a1ec7a5a24d32c727ef4c9f4aadcb72,google-research_tensor2robot
27f4faf17a737a6b70b2d6ce44796de20a593818,google-research_tensor2robot
286486b69349d4e097faef461ea68b569de3c745,google-research_tensor2robot
2c93272e3043350b219e21c86e2ee0701f270ef8,google-research_tensor2robot
2ccd0454834403139e5e75f506d384380cac3e42,google-research_tensor2robot
2f5cd117a66171ce91e70817d087fd9679d4aa9f,google-research_tensor2robot
3393fe5697fb123f9a2c288a8d55f4ec62ef335f,google-research_tensor2robot
351cecbf76b71d09b56a766b981e1a15f85d9528,google-research_tensor2robot
366d97e9d727da7bdc5735f9c5694d433686323a,google-research_tensor2robot
3985566b147312a22c65980e229447748c21f076,google-research_tensor2robot
3a8f9d5596d4e766fb266e89d96c77e2fbd0ed33,google-research_tensor2robot
3ab8aa56ebe86464c8074a3a2f7282ebea74c1aa,google-research_tensor2robot
3bf26e788517d32aa845506846fdabe185e088d6,google-research_tensor2robot
3cd1cd6af25f0df944929dfb899910c4e81d16c7,google-research_tensor2robot
3e19fa960d3b2dbb9f9f3cfd230eb862c481d64b,google-research_tensor2robot
3e4513202fb9b3c65f891cc919cec1162c63708b,google-research_tensor2robot
3e7e1d8639ef1a6454a7ec5c6b8da10f30ba38b7,google-research_tensor2robot
3ed68b8ac578d2776680696b199f00c17a1044d9,google-research_tensor2robot
3f56fa5dda96332a10fcdfdc146528cc4de5e14c,google-research_tensor2robot
3fe70b74b0cae89f7bee45575f8e4047f04b5115,google-research_tensor2robot
4027cc20f4a0651ca7404d93fb9059b73e31c11d,google-research_tensor2robot
4084f80892f34d2afc80bda0b25564eef5565ea5,google-research_tensor2robot
409059be332ce297dd8ff67d791808472cda6693,google-research_tensor2robot
416f283b9461d2f9bf10f4f0c17af294f1f48da8,google-research_tensor2robot
42d613dffb0c5ba7564c90726dd2154bf193e8c7,google-research_tensor2robot
44e1f38be3bda1889355d8330547af0bec4f01b5,google-research_tensor2robot
45d638585562ef2d5800e01237e7b81c894e2f79,google-research_tensor2robot
468fd2a2bca37159b081567180a19c1118b0c89b,google-research_tensor2robot
47546d595e2c6e58c0f655879d928533a9097c96,google-research_tensor2robot
47f447530dbdbfe0ac5a283c7ee8d7766a51fd63,google-research_tensor2robot
484a15ee63df412f1f7e53861c936630ad31124b,google-research_tensor2robot
48c023c16874d26b95cfb0b9ccf9fc5f6b5e3eb7,google-research_tensor2robot
49f4948b5849df6c8b460f231bca92e44b64fa26,google-research_tensor2robot
4b8d40244e2618dd5f46bfed6698d5ed812847cc,google-research_tensor2robot
4c91e7969081cf303833d2da15d8c5658fad0fbd,google-research_tensor2robot
4ceeab7064054768ccbfb2ec13c432a0f55f83a3,google-research_tensor2robot
4e5f79e3791191faf80fa4e6326588977ed8b877,google-research_tensor2robot
4e6048f2911e4fd0784b820b84e0867a0cb1d596,google-research_tensor2robot
4ee983f591eb64f3e5ab50577258e78cca806da5,google-research_tensor2robot
4ef6a94964c6d20648c807b8eeecca281b2c6ebf,google-research_tensor2robot
4fb91090102bd63ad48a513e5f27602c46e8f80e,google-research_tensor2robot
4ffc10d41b836dd4013a34bc9edb3133dad9a528,google-research_tensor2robot
51c67327922fca51751d06538a9edadc1933806f,google-research_tensor2robot
5387da5b47edd488e627980e95c50fcc4d3fc8c6,google-research_tensor2robot
5404bf06778ec544e1815b8aba86b6e3c7527af2,google-research_tensor2robot
55aac41c96f65243489247146f8ebfbf72c9422b,google-research_tensor2robot
56140535492f7e6cd62020219b0ecbf31d6f14e8,google-research_tensor2robot
56cbf53b3ca5bab2eecbae43037f02de94359464,google-research_tensor2robot
56fa9f690d0167a0f8a8684ca6498e2457686b36,google-research_tensor2robot
58aa81a0f8b29c4391b517dafdf86bf10d62ecc8,google-research_tensor2robot
58d71467eecf02d3a1646d26cc9011f81753f560,google-research_tensor2robot
58fabce519fabede9f12cdfdb7832f97c13b412d,google-research_tensor2robot
5903ba92b66810a9ea9aa60b208213a5695c115c,google-research_tensor2robot
598ea01dd531c8bc899d7a02bfc949b224922391,google-research_tensor2robot
5a27cc8ea4204bc458a9c162b0d05288384710fa,google-research_tensor2robot
5a53d994e69ab5783349594d9dc6c3b1b5aee6f7,google-research_tensor2robot
5b3c954498370db6e16f85dc292f473aa7e2339f,google-research_tensor2robot
5b963ad30359c57641e04086b5ae0fecd44a6363,google-research_tensor2robot
5e19c272dd96986618c57b4753f9dbac8ceb0785,google-research_tensor2robot
5eaa1e847c287446d6042cedcdb98f71fb8ba961,google-research_tensor2robot
5eb108592694e7c702a53c9c62ff5b079c8a0042,google-research_tensor2robot
600a79552c6415999f6964f33f9cc626300e9dfc,google-research_tensor2robot
6064419f4d3a543f6fabe800c824c2203d54762a,google-research_tensor2robot
60dae7d204540ed9d4ee7a396fceabc4c864d4cf,google-research_tensor2robot
60e3f4950dd486f0ed5d9d437921671eb1baffb3,google-research_tensor2robot
65114e00f8fdd1a218741cb69eaa68c2a89dca7e,google-research_tensor2robot
65485c175af544a023ad12e3f633a509a1f136d0,google-research_tensor2robot
65664d8978b0585672a8a7e5e9ef4a2555007c04,google-research_tensor2robot
6590f955dc31b6bc3c98d26205d724066593a256,google-research_tensor2robot
661fcbd9b04ba59497f6e2fbb11db15128d071ab,google-research_tensor2robot
6b111358f2d681be8fe5f7827e0e35cf58219faf,google-research_tensor2robot
6caac2c4a90aee561a0c90960e009c2e34445812,google-research_tensor2robot
6d57b4f5bd2141589ab5af84a132db7041b07835,google-research_tensor2robot
6eef4a085ad2851cedacf476a484935c7b7d974d,google-research_tensor2robot
6f0ccf7589156f84d95748cc8b9c722103604908,google-research_tensor2robot
70639a8430ae735b45205e3adaae8a3791bba507,google-research_tensor2robot
70fc069d6605b4b7e14f555824f930df6a212fb1,google-research_tensor2robot
7451f460956c6d7e1f842b0ffec6c200e51e07ed,google-research_tensor2robot
7555959fbb2ca29f3f5c5498db4f4910950a895f,google-research_tensor2robot
755cdfa3c17b63c5026f5d2779734fb29bc7870e,google-research_tensor2robot
75cea6335cb55eb056a62f908847f5f02cc799a3,google-research_tensor2robot
7635d8d05285e7187109f380c6c478fa8e62e74f,google-research_tensor2robot
769ea5ca9976fa5edacd86e0e540fd9aea3bc076,google-research_tensor2robot
786bd581e0239a255346149dd291fabdb70474c4,google-research_tensor2robot
79886d0a1b4800e9f60aebf0457b28af981f8d87,google-research_tensor2robot
79b54a327c48d4b2ab0d804ddd7b2c824c94f57f,google-research_tensor2robot
79eeea491613cd8de751f502ec1ed33eea2bbc34,google-research_tensor2robot
7a58c5f6b6f2857d7ee730013da512f42b70cb58,google-research_tensor2robot
7bc43884133fe1df2b7738fcd4e2f07c9622396d,google-research_tensor2robot
7be9220b82ad46950cf4b45f9a553badfef6b51e,google-research_tensor2robot
7c35e268684be58733296e9a3174bc6c32abcfdb,google-research_tensor2robot
7ca7b1f2037e6859cd9f5cf02f23e7380b8d21fc,google-research_tensor2robot
7fbc3ab8106506e87439f179cd763d7898e69d09,google-research_tensor2robot
7fc1efa25b87e925d07f37b9d22638485b474604,google-research_tensor2robot
804182eb363f5fc7cebd91f7b5091cd8efd9152f,google-research_tensor2robot
817dfb434fb2614f084aa884da2bfc3cfcf89b05,google-research_tensor2robot
8284611e66fc4bd920007509cd8a744c8921f368,google-research_tensor2robot
8379a4a5b315ea65206b2aca7117809ae0b3c355,google-research_tensor2robot
83c2360824ccfc2cdcc22f5a798c4793e3c20b69,google-research_tensor2robot
840a3b532ca64d1f28152dd48348b03e46494999,google-research_tensor2robot
84b01cba8dd830d2216a10843b69083d5038d7c6,google-research_tensor2robot
8623b89b26b930a90964329d97d1c39e317a5331,google-research_tensor2robot
87b2279234ad93316a8a8a0c103c2414ee2fce98,google-research_tensor2robot
882f2f9132d927343790480a52b5b761ae3bedf9,google-research_tensor2robot
888d8d2a30b87a6d269d430dc100e5772bab3bc2,google-research_tensor2robot
8a41c432863e6748cb01e3fe40a31745953e5f2b,google-research_tensor2robot
8d756379ae98576c61fee18e4964a98e2014e67d,google-research_tensor2robot
8e3ae06b210e1fb13c691f5635e48e13bd528dce,google-research_tensor2robot
8e4aebda61ae5916c35021b5cd09febda2186ade,google-research_tensor2robot
8e995573ea93b9d6bde7ae9a15fdd95f3780f408,google-research_tensor2robot
8fbc4d696f35ce44a63841cae13f26af6c334004,google-research_tensor2robot
8fcfb42840fb70bcbc5786ebcaa8638139dea7a1,google-research_tensor2robot
8ff2e5c88649e6ab4a3fd409f27aff76697f480c,google-research_tensor2robot
9020972d06b4662a47999b97b115e871e6d53d4c,google-research_tensor2robot
920612cf7b89f5be716ab37cd92673d3ce380d27,google-research_tensor2robot
96c885688a5738ebb6772a20efc08fb70f98a55a,google-research_tensor2robot
976a746c8df3328ca56f885e776344f5c4699caa,google-research_tensor2robot
97905d1867ac002a157c2e8c731e5546c78cc9cc,google-research_tensor2robot
97d814c75b7df39c86821c43214793417cb84fe4,google-research_tensor2robot
99e71676ba6a05444b0c956e09c32228ae9d5764,google-research_tensor2robot
9b23a1955a1c5fc147b108f5952c1713f0a8f65b,google-research_tensor2robot
9eb0b2dc045c8eac2a1782b016490e1a86616219,google-research_tensor2robot
9f2ec7908ef47814d3b435a99dd50cc2a57f4ad6,google-research_tensor2robot
9f30385bb81dc4f5acd1d856adcd3326e265242d,google-research_tensor2robot
9f5b235c5ee615607260df01b38cb8df037b5270,google-research_tensor2robot
a0e79f83a455ed6d8b776ff4265958173ef2419e,google-research_tensor2robot
a17af8c49e89df211b5d29e1cd491dc1701fcc50,google-research_tensor2robot
a3674958a046de711e37445d39afd4e529d8dd09,google-research_tensor2robot
a375e4a7e2c9352e971b19b57dc5e52f52a13f74,google-research_tensor2robot
a51af865dbb7c7d76cc562c4e4adeed91455cad7,google-research_tensor2robot
a5ca206d51369150b609d5e0dbc4e5aa7cead56b,google-research_tensor2robot
a8b148f3077f4203218fee553b601e74dbbefb8d,google-research_tensor2robot
aaa087d5aa6e731553b7130879374bf8445a7684,google-research_tensor2robot
acc75f4f850c1b2f10915bcb8e9b54bd679d9c15,google-research_tensor2robot
acee7bf7cabd9b5226e399e6094bc341c8d6187b,google-research_tensor2robot
ad611fd35061ae963fdcbaf80d164e8aa12febc5,google-research_tensor2robot
adccb70c89dfce97b0ea2a402037017f8359fba2,google-research_tensor2robot
adf0b431a83b6fb53f7be02352e1c85d6db1bd81,google-research_tensor2robot
adf97bc55f09d8173194764941f89e9b6f8474cb,google-research_tensor2robot
ae719f98970ee3767100f55d0f09a05970c10b21,google-research_tensor2robot
b012497127ce8feada48b8f52990d2821214d927,google-research_tensor2robot
b0646d81d9ef04f2fd3f227981ca1c20ac2d4f88,google-research_tensor2robot
b0943f0cd226f9549beb0e79855fb675171a0de9,google-research_tensor2robot
b292bdd7a86324969879a1e36f7d88c522be1645,google-research_tensor2robot
b2d143e2ff297f49deae9f09197cdcfa38647287,google-research_tensor2robot
b3c58a036c30c6e3a48793df325232989a10af9b,google-research_tensor2robot
b47555194749abbc46614ea188866adb481cbd24,google-research_tensor2robot
b667e945ae7238377dfab2564906064064537108,google-research_tensor2robot
b730f3d8cacfba79ccdc4f9d3948be230c957072,google-research_tensor2robot
b88691595186857dcddfeadcb512ec2004a7de59,google-research_tensor2robot
b8bd1e4185c218cb212bccaa60468af17adf34f9,google-research_tensor2robot
b92f1f7d3f00b67eac066672fdc67b59db89a963,google-research_tensor2robot
b9bd67551c7c5be98b8eb812c9edd31f31faab56,google-research_tensor2robot
ba4aca8a1dd48ab1b3821383ee1ab6bca888d6c6,google-research_tensor2robot
bafdb477c5889879b2c6dbbe1cb458af14dce5b7,google-research_tensor2robot
bc5e726038183bb150dc38c78971a3b565da5e29,google-research_tensor2robot
bd186ed74fc0056b754110f9ceb7c7176c844112,google-research_tensor2robot
bdce9f8908c4363d58d5e0d7f64c0d59752b9455,google-research_tensor2robot
becbc7b33b15219542a5f68ba515454e4d0287ee,google-research_tensor2robot
bfe313d40eb34bab8d95d45640f395354adc1a9b,google-research_tensor2robot
c0d5a641fe07eec71475de1678f606640a481fe7,google-research_tensor2robot
c278005f5ca887bbfc481ec0ad12e0bcbac4a86d,google-research_tensor2robot
c32179493e2d22bda44f72206d097c59f173dda0,google-research_tensor2robot
c48531bd7b0de3a9b68848e8ebe9b58937103fd5,google-research_tensor2robot
c4bcbbad32dfe2ee2401048c854d79996a12f39f,google-research_tensor2robot
c56d51aaf77f18db999cbe8774978d9b15b75035,google-research_tensor2robot
c5a8c71859b57272c8d31eed2611fcf626f7882c,google-research_tensor2robot
c5fb2013a5af8ff474b2fb87fcae978d0e9e812d,google-research_tensor2robot
c80d3319f1082a8c391f8811587440b8ff90a1fa,google-research_tensor2robot
c8601ef3e1e7654517e82dadc0eee50e354f2308,google-research_tensor2robot
c8b7e37aaa6e7b3397b436cd7024c942e828800a,google-research_tensor2robot
cb839df4d506916ccf84b0ddb8a122dae9c9810c,google-research_tensor2robot
cbb16d4a81877dce34150d4617363923d2eb886c,google-research_tensor2robot
cc5ae18012fb397d137130bb5b091e9d7be30978,google-research_tensor2robot
cce4a25356b7e483098b7d3d8d137616a8911b2c,google-research_tensor2robot
cfbdf1c2091b949f44f1d4432448a0424a5de69b,google-research_tensor2robot
cfe67d4ccc07cc9380c4e6c620c481a57a460bd5,google-research_tensor2robot
d1da77adbd02357249f912da9d0f92a3bce42424,google-research_tensor2robot
d213d544c1fb2f0480cb6f719dfd0069444109e0,google-research_tensor2robot
d29c021c3f3b49378184b9381c1d22439a685c0d,google-research_tensor2robot
d35017bf4d5acfd701c7184a454c30776c25580e,google-research_tensor2robot
d402f3b69d266edd9cea087253aa094c8da054f6,google-research_tensor2robot
d87f9afeb70aebed3fedf4410cea3b59e400015b,google-research_tensor2robot
d8886381cabfa42eee073bedc25d2ece38b5664b,google-research_tensor2robot
d92c48e2aeda52bb1189f3af9ef6531fbee5b2b0,google-research_tensor2robot
dd8bc709760f3dfa409ce058617f13acc328fe03,google-research_tensor2robot
df9791b348aa57579f508cf189f22999d999ac86,google-research_tensor2robot
e12a8d91252ba46fcbe230acea44be1c02140d20,google-research_tensor2robot
e17e1e06b6f8623da0ed7433eb0fc5eb1f5c88a9,google-research_tensor2robot
e1adfce7821e958ffdac8a7814a0c4387ba54839,google-research_tensor2robot
e4d18cf5d8ca66c125c38ab36fa60b68f036cdfc,google-research_tensor2robot
e56c6d2f90c89b5ae77e11bef2ffb79e42371d81,google-research_tensor2robot
e5a128890555ab54989434f2be009556a3990840,google-research_tensor2robot
e65c101b730ad39fc60305eb3d2ab5d5512c6f9b,google-research_tensor2robot
e6cbfdb6351b8d1f0ae574723b70ff472f889726,google-research_tensor2robot
e6db5c8c90285e027946ffb5b7209bc1d2e695bf,google-research_tensor2robot
e718154d03a151591c04bd7ca688461e38ef489b,google-research_tensor2robot
e890ef87424e4f25f1b277a02dc022cef429c6d0,google-research_tensor2robot
eb28a7a1e68a7178011fc74b6eccef49d282c96e,google-research_tensor2robot
ec415578897ad27ef428899d6a50eff9bd8c0f54,google-research_tensor2robot
ec5d21bb96c560eda018ef5eaab5bb5b7b39f32c,google-research_tensor2robot
ed816f4d753bd05b0d86f671803127e6d6338642,google-research_tensor2robot
ee24f3bd24b241ef0e6c38e499a313ba49074f39,google-research_tensor2robot
eeeb2429dc91eb2f8430d0991d5d766d04af6a0b,google-research_tensor2robot
eff50d634cdbb696112bc874fcf82cca2ed9bd89,google-research_tensor2robot
eff720a670f9770559901b69da0eb464523b0187,google-research_tensor2robot
f0fee0b64db81544540f8a198438e2467d7fa2cd,google-research_tensor2robot
f171c3ac3e1961fee29e4c08f75beb830c8aa0e7,google-research_tensor2robot
f465b591268e2c88811fdbe5f6817f0ef8116703,google-research_tensor2robot
f550e2e9273edc6cdf36acf765c0696538c4a248,google-research_tensor2robot
f783610a009da92e51b21b134234ddaa1a2864b7,google-research_tensor2robot
f8fa5dde145ea1bf29c1d262052e20e0df6746eb,google-research_tensor2robot
f9200906f559f5d92c7615beaf93ac60f5aa2ff9,google-research_tensor2robot
f93201f252e8a82167817cdd92871a9c9a6d8b7e,google-research_tensor2robot
f93f378db3183cceaad1b96828b199cf40cad606,google-research_tensor2robot
f956c3da0db02d8c53ddf8f7e20ecaf58922ee78,google-research_tensor2robot
fb4a5cb9620c16c41001a7ce90d2079e94c3bfbe,google-research_tensor2robot
fc0284f72e543a247d5ab19c00263c57d0e58f71,google-research_tensor2robot
fc4fa80344b6614049418904d125314c59c3bc81,google-research_tensor2robot
fe08ff1e066f47a8e7de013ee17ad7b5a68db16c,google-research_tensor2robot
fe46128c79b892452a53813d52833cdbfc93b92f,google-research_tensor2robot
fe83be1f66f66b7f37dc09d4c4d3997f7d0f55b1,google-research_tensor2robot
ffb7455d3845d5180c77bfd2df1ffac2b554a60e,google-research_tensor2robot
005517ffa9215f7c874ed0eb995425a614094676,graphhopper_jsprit
0055762fd04baba20cdef7e9a546fb1b810413b4,graphhopper_jsprit
006aa561cfdae7a5da26a5daababed91d9904c28,graphhopper_jsprit
00eef796796c5b043eda0d38b28344aab93ba6d3,graphhopper_jsprit
00f6580f9d3c5867983822851b04feaff18e3355,graphhopper_jsprit
0102cf8bdf5c0f7feca96f41bc0ef85226668e01,graphhopper_jsprit
011a30a67da6938e2e65e65703e180d9f2956215,graphhopper_jsprit
0124986886fc5785a6242676ae1803af6be51463,graphhopper_jsprit
0139a13148b2d04f565266f3cb94db7f5d337457,graphhopper_jsprit
0159b407674a670e76ebcc7a67be05e8cb5f6913,graphhopper_jsprit
0179a00e0b448d6e47862b674ebce16641b3d9b6,graphhopper_jsprit
0186cd701fa86b06b9494208b282f00392534238,graphhopper_jsprit
019f369c19ebcd823399a6e80979a521a2b1672e,graphhopper_jsprit
01a6f894c930a48322e43ee8ef909f050e781f95,graphhopper_jsprit
01bf0d55afa97b5d91f532ead82f69acc5c114cc,graphhopper_jsprit
01e4139a6ba9c8f62ece1cae0c361e196c21ba64,graphhopper_jsprit
01fac56c68053d95d99a6c6c875e867d12714842,graphhopper_jsprit
020ee56366ec523dc7a233fa79d455e8469e410e,graphhopper_jsprit
0215b8eac6dce6d71ddb709922c9780d8a4d300b,graphhopper_jsprit
022e654ba72d35b0b56b39d370ec6af259b14166,graphhopper_jsprit
025316b5a85390f259a25be48740d41862cb88ef,graphhopper_jsprit
02710e529bdc430577487ae7371b2a3a09beb6dc,graphhopper_jsprit
02c3c96e9c4a4d18bb43ad6eb8e50ddc19336154,graphhopper_jsprit
02f0abd54dcf69a6188385cb40a47137a2634011,graphhopper_jsprit
03146a97b4bee9f092cd350de8bf450a968590a0,graphhopper_jsprit
031d8ea6cee5d1983f2e54dadc737c4cb20dad11,graphhopper_jsprit
036b235d9c0ea0594537993d4305dcb870f3b08c,graphhopper_jsprit
036f294b128aee129dd3f61220d9e3852029d57f,graphhopper_jsprit
0392d9106db3d1515f000910ce3c18352afb2a81,graphhopper_jsprit
03cbbcae78e4ef7adc9509b766bef7c3cb9fcf63,graphhopper_jsprit
03dc5dd3ffd075b9fa6bda9e83e1c99313b9b745,graphhopper_jsprit
03e95c74a9c9282bdb001f9cc8a7a419aa3f61c0,graphhopper_jsprit
03eb60656bb88322f5b8b940fae0d574254322a4,graphhopper_jsprit
03f0e594faa0fa3cfa71df11ced484868a3e1062,graphhopper_jsprit
040f5d5c76cec013346a31c4dd53aceafd7445d1,graphhopper_jsprit
04286d3b75447a5bca73cedf53690260876954b3,graphhopper_jsprit
04471bf155a7314b13775e314ce069731139a9c4,graphhopper_jsprit
045e15e1778b50ecc5781017b547981d1e7b3c9a,graphhopper_jsprit
04756a7287232bf0f0d6ce2ca7c2ccb7e9996b6e,graphhopper_jsprit
04b52759e57cfaedff9c5edef9f5578ba9f8392c,graphhopper_jsprit
04f51101d0d63f9b85c68f2b8e30222553f19e85,graphhopper_jsprit
05005d5a0451df14c7b8cb621a70bca127319554,graphhopper_jsprit
050de45d8e97ffdbe758a014cb9935894e2e0748,graphhopper_jsprit
051d8429a6fe37eef778b85512e241b1dd79fe3d,graphhopper_jsprit
053840e33369c8dbb218ee18cc51a27da5f53f8f,graphhopper_jsprit
053db9f33a3390b638203ea218a32fceda3f9589,graphhopper_jsprit
0545877bbfa4c109a594ca87dd396dc0ae22148e,graphhopper_jsprit
057f12869778ab82f0055ba2b9bf7ac12375edbc,graphhopper_jsprit
0586b9664c916261787f6e1c020ed66ab7792d66,graphhopper_jsprit
05b883c03438f4adfd77a885276f8e11b7f6434c,graphhopper_jsprit
05d56b1c9f567b6a5b1deb391065d07e05e3ca44,graphhopper_jsprit
05dc00814e3f71a8661e2586594b842d583f533c,graphhopper_jsprit
05e0dbec8f31cea1deeeef0cc38a6aceabdd7791,graphhopper_jsprit
05f150e6674e19cedd0b226244a65126b6dc1f14,graphhopper_jsprit
05f3f1e3e9186d94904106b6f91b9684db9d2980,graphhopper_jsprit
05fb1d2775002d1b0b884659fdb8bf02cdec82ba,graphhopper_jsprit
060daac23234f1035301cff9fe702baa41e58a1b,graphhopper_jsprit
0612a1fd70802a391bfb2e44ec54bc2f2b43d9bb,graphhopper_jsprit
0628a72b5485d275b770d45cef4e22fd1f722a38,graphhopper_jsprit
0637bdb4b6182e3b6146eedfdea8cc8b4aafe8f5,graphhopper_jsprit
06614a4daed6f0ed04ac71e2ac21c347ffe2da1e,graphhopper_jsprit
066c0371f32e2215094ff435a49ac7b874a39e8e,graphhopper_jsprit
06770c7e317fdc99f2bc36a53ff2076368098508,graphhopper_jsprit
067e001cdaa2ff34e7420810a9e62de7f94bed39,graphhopper_jsprit
068a3fd5535b4c4a338d4d81c3d0d9e1ac93f0f4,graphhopper_jsprit
0693ddb071af92bd9d944b2752ea8a2b85d766e2,graphhopper_jsprit
06950efc7d477eb6f447a24b37469cfc5466260c,graphhopper_jsprit
06ab1c3247399ce668e55a753a1da50b16a175dd,graphhopper_jsprit
06afdb6e15243142d709abefbc54af55f114a338,graphhopper_jsprit
06d1ff892e4765dc07ac27802441e0bc960ebc17,graphhopper_jsprit
06ead9c7aeee3cfd486ca32ed2696d8a07fbf59d,graphhopper_jsprit
06fa714ffdade69b2b1946b87d93d9fcacbea54e,graphhopper_jsprit
070aef735f3e7080ea621a411e4b3ba9057acaf2,graphhopper_jsprit
0712e4599c27103ccf9f1a70b2c84e8e940b7b73,graphhopper_jsprit
0717f5dd667b7828ce4a3e8fed735bb6b5d3b091,graphhopper_jsprit
0721274137c0ccb5c60664de94c48221e6cc3d74,graphhopper_jsprit
0730c465dc28487f6f0577a8bd49f081b7058328,graphhopper_jsprit
073de02158c939f7724cacf02ec206ebac1fa9a4,graphhopper_jsprit
077a982343f3376cb13627d821aabe9d97bc9b89,graphhopper_jsprit
078c59e644593519b8e0a79a85c777f6a9ccd4cd,graphhopper_jsprit
07944d6dd6f31cea7fc7b4a99ed6e60a542e24da,graphhopper_jsprit
07957319da6e7f708f2c551c3822392f1bd1a04c,graphhopper_jsprit
07ac961048a2be5f58b0fd766a9225a93cc3d0f6,graphhopper_jsprit
07cf58c884c01e8d82a0727b9f4637478d0d86a3,graphhopper_jsprit
07ecdc2f28eb6427ed35b9471395292077a85a83,graphhopper_jsprit
07f6af9e56e806d3ad990612cded2445e905df95,graphhopper_jsprit
0806d524e6f5080ec554fe921ca1dc518dac90c5,graphhopper_jsprit
0810477e80afd9c9e9b24809cdc44e4788aa3373,graphhopper_jsprit
0815e68bbc28f76891a802aed734c9dcd48eccac,graphhopper_jsprit
08180033b302c20098cf7a915b225669ee339742,graphhopper_jsprit
083ed30193a309d28d33d35711cbca5ea5e53b2f,graphhopper_jsprit
08461988cb4d148df8e115977e3dcfd44fe8ceda,graphhopper_jsprit
0852ccaeda65a17641b17be215a34e7343d3ef08,graphhopper_jsprit
085bd3db3e1f53ffcb1f5812c58a07c0d0e2ee8f,graphhopper_jsprit
0863e459e6e53ab850a55e0f69a649f0c8d18a21,graphhopper_jsprit
08698994a69d6eb1b589d53f67018ef303a222e6,graphhopper_jsprit
088dff9298c431e712643df2a35adacb487a3c9d,graphhopper_jsprit
08a51c6a76d2a9ce1d3325708587d079213c2ce3,graphhopper_jsprit
08bb31c4f59c867038a0fa3b3247c854bbf28097,graphhopper_jsprit
08ef5b34d1c0745a83cb487e32f39c399c045c20,graphhopper_jsprit
09136487c29fe8a9f55070e633e5328e15aa5f95,graphhopper_jsprit
092676c84c7380ee55c9e2da469ff5d4c6f011f3,graphhopper_jsprit
0936d461f5f6f4571b64949e48ea26be48cadfa9,graphhopper_jsprit
093baf1abef889f5121eeed57b8e6e4533a277db,graphhopper_jsprit
0946dc239ef9c8388f086444f32c469f6ec24738,graphhopper_jsprit
09486fadec47301629eaae1dcc630f2cf6fa7023,graphhopper_jsprit
094a04c2ce261b747972cdbd342427ac6a646aaa,graphhopper_jsprit
094bda91a8df3fe8af7f11324574f73d99e9d0c6,graphhopper_jsprit
094dd9305af0d20ca4ea8fd4f501d7c47b909699,graphhopper_jsprit
0966204820a7948552d9c42b272edd51b61a9a06,graphhopper_jsprit
096b513aff4aae3fcdcfd49510eb18ce2f3e3e80,graphhopper_jsprit
099d01ddd8682513033f193163512bd26c3f5e7a,graphhopper_jsprit
09ae1f69cf1d4273759692aa310400348de90f41,graphhopper_jsprit
09afd211e6bcd7675379e256162f227a208653e5,graphhopper_jsprit
09db79dca654224fbcbaa2c55078584a5b369f3d,graphhopper_jsprit
0a0f81c67c75b46623667ea0a34ca20b2da562c4,graphhopper_jsprit
0a196f0abde20ed9b6ba616fe2ac9ba9155b15cd,graphhopper_jsprit
0a2840428a0451178f7824eee501e73054ee11e0,graphhopper_jsprit
0a2a0a64ffe7818022f4ada9a8341e8fa262bed9,graphhopper_jsprit
0a5c3e01c0ea5b251cc5c192e2b9395b7ca0e3c7,graphhopper_jsprit
0a74dff0017de1687f107ad452facee6001d083d,graphhopper_jsprit
0a7cb803569a9443dde75fa82ee08aa75c78a6f6,graphhopper_jsprit
0a8061845dee80c02041181321ce8340e87c012a,graphhopper_jsprit
0a8cde17cda44e1e90ae6ffb2233ec21b11bc69b,graphhopper_jsprit
0a9ba45ae5543bd4c90347af8275da50f5940a75,graphhopper_jsprit
0aa61bd8aa8d1a6fe5a0b1e8eb4a88cc77a1cf5f,graphhopper_jsprit
0ab0c3c7fd9d6191b88edba3ac95e0fd60e85bcc,graphhopper_jsprit
0ac8b08a67683312928b431a2de27db0f1116c05,graphhopper_jsprit
0acba44a7db51867cc064acbab7699f3f250d413,graphhopper_jsprit
0acec6af37fea89e3c5b31b9e773d85777f2482e,graphhopper_jsprit
0ad91ac409639aafebf416119f4d4da6f428cdee,graphhopper_jsprit
0adcb735eed7ec65f50cb5bbb46e700f6e93593c,graphhopper_jsprit
0b038c6cfc672c73ae4f4c964e907b7bf0c19a75,graphhopper_jsprit
0b15bfd1121ff45d504338f5f22f1ca15d40eb31,graphhopper_jsprit
0b1ddd528e0ba4acfa64c8b31523591c8f52eba6,graphhopper_jsprit
0b3b07a7de0e45ef47b25d80239ba52d9cd76a1c,graphhopper_jsprit
0b434f5c7e8f624df34fcd4a2855546bfa4c82da,graphhopper_jsprit
0baef3113f83b3219f230b557be65fedf3d16bcc,graphhopper_jsprit
0bcfc142d5a39721c80d8492f363ce1b94ef6b91,graphhopper_jsprit
0bea09152aad94b184cb9d3a1f3b44eefb49bc90,graphhopper_jsprit
0becec2ce8b6418e78a66882b25292916ac5ac52,graphhopper_jsprit
0c02ea71a5844b1cea4cd4b449208489dd060fa5,graphhopper_jsprit
0c0898fe3c99ea438baa0b348c321d81a0d5ed74,graphhopper_jsprit
0c5ae5dd7e52556d1ce22dc5c1c6444fc4567029,graphhopper_jsprit
0c7224d0fd7a650454869fa03ad545726f634a9b,graphhopper_jsprit
0c8c4ae4e36f4d320bfaaebab17fca4590066930,graphhopper_jsprit
0c987dc1a50a825a584a47933158c3b3b75bb9cc,graphhopper_jsprit
0cade3b8275f276691480c5b7a0761030c384800,graphhopper_jsprit
0cbfb72d8d367c401d10d95ff9aa523d0198af7a,graphhopper_jsprit
0cc5541e5a4d3ea3e1819595aabfaa334432d15f,graphhopper_jsprit
0cc9c47a927964eb81661b5e901a44fd062314d5,graphhopper_jsprit
0cd8101e89185eb91d4c01fed91b45ed549851cf,graphhopper_jsprit
0cf40912006d35d5bfc1929361589943cf7cefaf,graphhopper_jsprit
0cf6384866bb07180475e6c485303bc9b9e42c5f,graphhopper_jsprit
0d0e245317708d04f7833de763246ca14320b5b9,graphhopper_jsprit
0d3fd90918b44fd4be3d5d8e5a7fbf08ec3045b9,graphhopper_jsprit
0dd16277d5ab291e396a00c767112aed43042dc1,graphhopper_jsprit
0dd74b5bf98f617ae4223e3a1a8f4081f996486d,graphhopper_jsprit
0df29956fc2019744e348e263e6c82ddf75598ee,graphhopper_jsprit
0df651c0dcc3a649c60c8feef173b8de003770ac,graphhopper_jsprit
0dfb25b5ad9a817236e05ed18986fc16e10739d6,graphhopper_jsprit
0dfcd960fe894dae0327f7f5aa65b0aeb64b63fb,graphhopper_jsprit
0dfffdd9dd824e9d0027dede0b12cb212e2abff9,graphhopper_jsprit
0e0c83be25bdf7c490b3fccf50bc9b2bddf13d42,graphhopper_jsprit
0e17a93506a98c4400d89180c6b5fcf9006df30d,graphhopper_jsprit
0e2725450abcbd32fa691da0a3d2034abc0aec67,graphhopper_jsprit
0e35082d46d0666ae0532c230a4d3ff45780828f,graphhopper_jsprit
0e35f3914b4f45416f20a41f67300b5b2de7fc71,graphhopper_jsprit
0e3f8461a61e32cf69dc8bf616848c89425f2336,graphhopper_jsprit
0e42ac31b890b953d205b69fb97d13c4a1c74436,graphhopper_jsprit
0e45870a58c1fffa317953c12d3944676ad6c4f1,graphhopper_jsprit
0e4b8ed5d79ece5807847453734a74b94d2ea5ca,graphhopper_jsprit
0e80c0ab500b862373ea0c070323ae4301858958,graphhopper_jsprit
0e851b48028b75ac7940d7c9f02c935a263ac651,graphhopper_jsprit
0ea09eb6cfdb799fb2bcd5848699ee26c6f320f5,graphhopper_jsprit
0ea1a87dfecf6147fa487cac0b3a1fc5d55c2cfd,graphhopper_jsprit
0ea7deeba91ab078ade5de512ae0f1ffee5f845f,graphhopper_jsprit
0ebd861744531c570757ad327c028fe05686c307,graphhopper_jsprit
0eeb792ea4c785f517a6762e136eb654ddf18014,graphhopper_jsprit
0f3265012e2faa11ef55f0448f72e15a1e72470e,graphhopper_jsprit
0f38d5ed7880e7d21e98d55315efa07d751c98d5,graphhopper_jsprit
0f708ea12dec7d45d171616dd945c88700e8eb2d,graphhopper_jsprit
0f87a2b1d65303bb4bd8b0e86e6da22eb959f6e6,graphhopper_jsprit
0fa42df82feadf91e9d8e5d9db2ca546dc9e2450,graphhopper_jsprit
0fad95350119dc8c82d91c1a34d6781f7d3911eb,graphhopper_jsprit
0fb602dc994054533a4635a41f9eb620407c2107,graphhopper_jsprit
0fb7469d1f73bad31a0f0f7f5292fe2d911f13df,graphhopper_jsprit
0fbedc9a8c5c66d0a4dd77cd58ee6eb43e6e879b,graphhopper_jsprit
0fc306aeee49851fc11fc5c9b192574e61750043,graphhopper_jsprit
0feb87459ed3e398caddb1dd1137558df43c1ac5,graphhopper_jsprit
0fee3f999acc757e9f6fabe028246768fd934794,graphhopper_jsprit
0ffd6bc9a8553c41d19acd2cfe52267f2449301a,graphhopper_jsprit
100c9bc6768b80d85277b7ffb038afe908dcf60e,graphhopper_jsprit
10187a270b892afe3fbac7381d8a596789a4a809,graphhopper_jsprit
1022f40e26d1a273a8f28d685c36de197307b19e,graphhopper_jsprit
1075e385044b2ec15c61cec5ac18e12ee12dd308,graphhopper_jsprit
108840c6ab115e53c6fe9370b35bd326a4e4e79b,graphhopper_jsprit
10a5b1a5ef28d5f5264734f6a235bea07aa5af0c,graphhopper_jsprit
10dedf7e599d09f6613b12849736ef546a0a14f9,graphhopper_jsprit
10defbe1eca44c6fd9e5aec2a529a653dd068609,graphhopper_jsprit
11300b90d3f8030a716e02f6b30d253237328806,graphhopper_jsprit
1131a9cb39f9639d0329eae2c666eb475f05b72c,graphhopper_jsprit
11639fe08871333ffadcd87038161a5344a693df,graphhopper_jsprit
118240ea88c8fcd649687c6280bec65961983330,graphhopper_jsprit
119484170496f376066139b809cda9684cebd565,graphhopper_jsprit
119d803d044f963f97f1060230679cf57a419226,graphhopper_jsprit
11a320c2e425ef844884c7ee2763c197df6f3190,graphhopper_jsprit
11b2554b46727ab4ae8bd09c38076dd6e97d03dd,graphhopper_jsprit
11b649a806a5596e505e0924e8f50a74d54bff35,graphhopper_jsprit
11eb5dc9837abe06527e012746847ddaf682deb7,graphhopper_jsprit
11fb30ef3434b1eaccc45aca8b3a5de1c53f9415,graphhopper_jsprit
126538ef1ffe261f5ba281511654d5b4ac39ac88,graphhopper_jsprit
126b8c90c08deff003055aed451348ec95f166b5,graphhopper_jsprit
127219051498b186076fb7834bfe0d311d9e1a43,graphhopper_jsprit
128b78d66574ea15447916f3d03d05b172b4eb26,graphhopper_jsprit
12a33d7ac99e494110a21d7768b5af643fb8dc26,graphhopper_jsprit
12d95113b1e2e74ea498f9174cc2c481452a7fde,graphhopper_jsprit
12dfa30438f228d51da5dd28da0b98f244177970,graphhopper_jsprit
1303f791079f020beca68b84e43da3776b62ac3c,graphhopper_jsprit
13156f7acc38c0feefcfecc8723794cf4189d479,graphhopper_jsprit
1345211e211db269af605c4af90207a15cb1b448,graphhopper_jsprit
135638743265611ed6816df90d1afbec157204b7,graphhopper_jsprit
13599bae293b04dcec5b3b01148466c7648aa204,graphhopper_jsprit
138422af3bb67a2dcac98aff0dec4986258b340e,graphhopper_jsprit
13a6312046a70ae7504ef51515c2040dfd76edea,graphhopper_jsprit
13a9122df1f2f41cdcbe224e6b2a04ea01dd120c,graphhopper_jsprit
13c4f89b965dc59523a162462e8229bdd379ceff,graphhopper_jsprit
13dee5ca7f0a40be3277ae93b222109a9faf4d17,graphhopper_jsprit
13fe55d16a6f0d106073831b967a6d2fc9f8b73a,graphhopper_jsprit
1423c904075b7a356616d3ed081df11dbb0c1921,graphhopper_jsprit
142c3beff6ae41b0d0b9f771dcba13393012d427,graphhopper_jsprit
1458b03be775919840bfc75ad0948ab013e9da33,graphhopper_jsprit
1488502f6546dcfcad84dc28120fcab02035f45a,graphhopper_jsprit
14993b3ca1286b0c9e03ff184149b7b15df049e1,graphhopper_jsprit
149b657238ea5a513c3a7658b3abb5d3d2ab1980,graphhopper_jsprit
149c4d4ecbfcd42ce734fa11d7da35c38251a8fb,graphhopper_jsprit
14a761c6330f280c2f962e76f4b7c833fda1d635,graphhopper_jsprit
14d9d13946d787b97eeb7e40e930395e3060222b,graphhopper_jsprit
151754c79c8655ca2b46bbda5a293072ce6e4da6,graphhopper_jsprit
151f70f63bf44421bb619338f05c60b9ba48c14a,graphhopper_jsprit
1521c5bb56d40491e3dc88e15369fd4c0e46d31d,graphhopper_jsprit
153899748b1cd62d1930662f443b4b152b0cf59e,graphhopper_jsprit
1540f35cbb5dffca72c1d72eb753e8fc66558bfd,graphhopper_jsprit
1563610bb01dc5bb2df8d3e6ab0d58042c83a459,graphhopper_jsprit
15750af5f753d8ee9c3130f758d52e301004f330,graphhopper_jsprit
1585912486eb70355e6984dbc67a826b28f4815b,graphhopper_jsprit
1599fc4e769241da17ca00805e202801470160cf,graphhopper_jsprit
15bb1a76dd7df68a303f34a87b413a120883560a,graphhopper_jsprit
1604a637a5c7be620cb002b1e593b96a72a0af9f,graphhopper_jsprit
16069c9400dc9de7cad0cef3f10420a393a99810,graphhopper_jsprit
16085ab97a16ad8aede5ef86f666c11dc363ddac,graphhopper_jsprit
16171c01548606b9b4128c19ec083255bc6f1d54,graphhopper_jsprit
16421656f2fd10082188ff79bbcc2781baa0750e,graphhopper_jsprit
1645641ab692090d44ff463480ecc9bb9f45442a,graphhopper_jsprit
1647cd7b333a94213a2222835dc7ce3db450090b,graphhopper_jsprit
1664f2d338b70bdba90ff6414a718912001f0409,graphhopper_jsprit
1686b662ea1a1b2f86f073a2267c403324a40b28,graphhopper_jsprit
16962d0008e5ee731d9fe56a1fc39669a01935d7,graphhopper_jsprit
16ae22d7dc53bc8e0ab0c1ae698f82f849de17dc,graphhopper_jsprit
16b9a1164baf4c641d68797eb0eafc5f80d25cf9,graphhopper_jsprit
16f8d606f45d6245b8e0bcb9bb76d1515897b31f,graphhopper_jsprit
170699d5c07ad121aa51b8c42f62ea3b801ccb71,graphhopper_jsprit
175dbc16ed0fb7c9aa91168dab96b74429992d45,graphhopper_jsprit
176836ca71c2223271faab6dc728094ba1d516be,graphhopper_jsprit
1777e666e7f98674c7dca3c6aa835b48df02c9bb,graphhopper_jsprit
17b762f315844f3440fdb3c1d613bf451aaaefe5,graphhopper_jsprit
17f6d58d5a46eded34a084ed190a4d28aaddf454,graphhopper_jsprit
17f92c8629787210b7db42f37d9ebc6830c84cab,graphhopper_jsprit
1818bef3bd5e446a0b5d6af336678a4d97c252db,graphhopper_jsprit
1844f2de40298475f1b7c6e407ef5e09d8ddd9ef,graphhopper_jsprit
1848f22fe3e18d539076a64fbe13e4426db3fa74,graphhopper_jsprit
185980d8c0523c58e0f2205b371c249f0c72646c,graphhopper_jsprit
18680c90282c651f0a8a84e6d5e2e6949fbe85c1,graphhopper_jsprit
18803ad0ee10e49782e8c017c6481967d64bf05b,graphhopper_jsprit
189801de9a192fdd9416ef9b43859e4b97156011,graphhopper_jsprit
18a5285bcde894995216b598dec5caebf246d5cd,graphhopper_jsprit
18c655d3a896cb6596e87bb728c87a20c807d439,graphhopper_jsprit
18ccdf3396a341920d47af2e35b4a82707fc27f7,graphhopper_jsprit
18f1afcb559f9843c41462f5e782cf7fe4e8e014,graphhopper_jsprit
1907a66d2a12ce92d849d9e18faaec79e69d8f03,graphhopper_jsprit
190ee8ff6c834f45edab3d75303f7147a0761853,graphhopper_jsprit
19172f50847226b034081438361cb880fbe861fd,graphhopper_jsprit
1919c05ceb8b1d0b096e0ae2190398c1792a7cbc,graphhopper_jsprit
191caa788f98e1b2124d6db92733af84d1908ec9,graphhopper_jsprit
19284a3e848d00a145a4929721d49f9a4f2172eb,graphhopper_jsprit
192ec1ea7e07a47b3923b32afe77df74cd74e5c1,graphhopper_jsprit
193d4ec85cef5a197851b743f6373aa038812fed,graphhopper_jsprit
1945e5af3825eefe52320ef87cbeaf5e433858ac,graphhopper_jsprit
19482a0a7dd9c5882d5e923caf86e98c9895c77c,graphhopper_jsprit
195b9548e532a7ad70524d5768f07961cca3b659,graphhopper_jsprit
1967430c40d3d0025efb4f2d6dc33df2171158bc,graphhopper_jsprit
196ac52311da3a0eb87e4b7e72cb4ac19235863c,graphhopper_jsprit
198ec1bf0f34136bc165d1f495b9d7451c6ff9e5,graphhopper_jsprit
199210f39236f6fdfb43a5c5cd0bb42f91eadc18,graphhopper_jsprit
19c2270df871bebd37cd23d3b9bc335ad52e9b19,graphhopper_jsprit
19c2df66164465b8077c670a70dbf01e749c5d52,graphhopper_jsprit
19d459d01fc53bbfccf573507baa2daefcbe3d1d,graphhopper_jsprit
19efe1af54f0c0f1cb7cc0522149cd5ff54468aa,graphhopper_jsprit
1a4c288a0048c441b06c2d130c8717d9eab04194,graphhopper_jsprit
1a4d2511d3d0d0f3257e3da86e5967e6977f3363,graphhopper_jsprit
1a63178e05384bb5ad79ccba98ff0b5a44c2b1c9,graphhopper_jsprit
1a67d1e20e7e4979a56be96a2758ac9d41338030,graphhopper_jsprit
1a6e2a482a404ad97c600ed9048da0688b76f959,graphhopper_jsprit
1a7ed6459bdf57b54955515a0ccb8f950dfe10dc,graphhopper_jsprit
1abdfb47853ede919a34ea28305721052957929d,graphhopper_jsprit
1af75329396cfb66b12fa6d57386e05b8d918442,graphhopper_jsprit
1aff550eba0a9d4867327dba3d9f6cd7c871305c,graphhopper_jsprit
1b01f141ce39b43535b95f759c4ae7a874580ca3,graphhopper_jsprit
1b1dea71e9e1f2354f468d4c5fb38aa3c7c41071,graphhopper_jsprit
1b36afd1c8b9bf185e3f96766c16d29cfcf2d66c,graphhopper_jsprit
1b3af07e455db59cb018913d9b8789cef98f0edc,graphhopper_jsprit
1babe063ae80e466b01a898c21fb4334f74ba750,graphhopper_jsprit
1bb58edb70aa922bf672300595c4b7ec1c3f0dfc,graphhopper_jsprit
1bc0714851fa6ff4c2125843c4c83bce6bbe1b2e,graphhopper_jsprit
1c20cc8a92d939f832224c110688f47a24a9f37b,graphhopper_jsprit
1c3c439008312b2285aea4da83f1fa201b9782a1,graphhopper_jsprit
1c451c5090c075c22cf60f03761d7232335d7aa4,graphhopper_jsprit
1c4c67b7a600901e634ba374089f1f81d368f37c,graphhopper_jsprit
1c5f5a18ae76e1c830a05fff9e8a262484c5204f,graphhopper_jsprit
1c63530fcd5655b070d3fc58e513f37e2dcdec72,graphhopper_jsprit
1c6f1c41f3ff529a6e140fdb4ae85cb94ea160e0,graphhopper_jsprit
1c9437898d10e53d51f186f064eb39b3bc22b497,graphhopper_jsprit
1c9a24ad5b3b8da3d06bff9c20da6c1346b9b190,graphhopper_jsprit
1c9ad79371750f1c5657ac182c98a84cef0d8536,graphhopper_jsprit
1cbdb353f0fcebc721da9eb608a041695b5f22ae,graphhopper_jsprit
1cd1733a7a4f5e5c6b2b0837a72afd8fb5c1edb3,graphhopper_jsprit
1cf21293d21164193fef48a45c086b76c0fa500a,graphhopper_jsprit
1cf67a12553b2284365ca81a039de5c14990880b,graphhopper_jsprit
1d056515554ebfe7a2b2da99c528bc2c65be09bf,graphhopper_jsprit
1d2e5e48035c5ba7b71e53506b2bcd886dd2c561,graphhopper_jsprit
1d3437451005f76271dfe4a618138ba0486b32da,graphhopper_jsprit
1d999c4a28e85492252ea7290d0072d58e1466c4,graphhopper_jsprit
1dd12467ff65588377a33166fa65a06ed96b1627,graphhopper_jsprit
1dfe4ce0e57ae069df7f7f3349195813d62d7bb1,graphhopper_jsprit
1e2c9a7c7cbf3ac896cc81e041f234e7dca475c2,graphhopper_jsprit
1e520f3269b749ba5c3b22940a858cc4982db808,graphhopper_jsprit
1e66f7a02b0e95ee936f94316ef8e61756711f36,graphhopper_jsprit
1e8605479abddbe7ff2c6f28b02fe381782fe1c3,graphhopper_jsprit
1e8b4f4d66c9fb00784872c16646cc25a730b765,graphhopper_jsprit
1ebf2360096f911329f3ebc39fbd395b0fa9e162,graphhopper_jsprit
1ebfb89404e71fa58f71f69cd553ed529aa31f82,graphhopper_jsprit
1ece0e681942a29d6d90eb6a37b1c6cd1db373e8,graphhopper_jsprit
1ef29a268cbfb05580387f55617c9447ff16fdd6,graphhopper_jsprit
1f02f08eea57d0af0dd37a094f1e85a060d74b7f,graphhopper_jsprit
1f2223962355d2c619b442e06c4fab1917da1367,graphhopper_jsprit
1f234dea74177a71792d4013c50e904939224e1f,graphhopper_jsprit
1f2e15a6d9df2168f19bd7bbd15162c2fa29c51d,graphhopper_jsprit
1f3c8da5b03e68b895e46dcde2b2eed19836e076,graphhopper_jsprit
1f4974c2106ffad9f6688a3b077e16d076c2a29f,graphhopper_jsprit
1f4f9a0e58cb339469db0d7b751b934672e21846,graphhopper_jsprit
1f53c7262038eab04f6ab2b4b45e4042b85ea32f,graphhopper_jsprit
1f67b0a10b9fb059b626a613ca8ac5ea73a7b09f,graphhopper_jsprit
1f7a81f8c7c731de6f2c636e1f00bbd4e2b6d050,graphhopper_jsprit
1f96eefc4d6914f1fd540d703f0225424d31bbcd,graphhopper_jsprit
1fa6ffda50208b672c3995fd1ab34c78a9bb41b9,graphhopper_jsprit
1fa8afadb604cac30ced2815d4305f8b6b396c64,graphhopper_jsprit
1fb7c0229cecca8772e2fa4ff1928d028cfc7c52,graphhopper_jsprit
1fc64502096f61247667bd3421949f827bf4eb3f,graphhopper_jsprit
1fc8dd0d875609a7ec90409ecb1c1d9ca7a48be5,graphhopper_jsprit
1fd58cce6e2e41ee7818e9b531f34b31b1cae233,graphhopper_jsprit
200294f30b2f547859eba8c0905f34852548b67c,graphhopper_jsprit
2011501bebd815e8357e971669c50cfcde09b1d0,graphhopper_jsprit
2019471ef21e5bd567c249e99bebabc31ee745e4,graphhopper_jsprit
202c22ecd25e09d27bd9ef2edc8becb12412e271,graphhopper_jsprit
202e182b56d53f684d568f296ce0a960f14494f3,graphhopper_jsprit
20a898cd25185e30dcd5035d8ba6b958a27c3f5b,graphhopper_jsprit
20c884ef6b0537a9b95aba5da4bf45d1dad3563f,graphhopper_jsprit
20d267f31bc610846580eae8f6d093d164fd7ac3,graphhopper_jsprit
20d69a84c0c9e92f64d8fe1c3d676607e5b0e8c3,graphhopper_jsprit
20e89383f2eaf94222090fc0a9789ba4f54ab338,graphhopper_jsprit
20f218dabd0a1117e4dbe3f95bd4e8e52ae09a95,graphhopper_jsprit
211d56d9285a98483125d26c74744d4daaad5cda,graphhopper_jsprit
216df61db438791a11cab2256cc3165771d27510,graphhopper_jsprit
217c8245068b49faeba6dd128072546cefbde1a9,graphhopper_jsprit
218e7d9817193031c0cf69dde854e28fa8d39298,graphhopper_jsprit
21a1d43834029d2e7e7db9e549b0007bcc5c7985,graphhopper_jsprit
21aa8f0b6c4494943361163bd08fc95d21c6b1af,graphhopper_jsprit
21aac20c774bd4deb31de274e0bb82ea839c93c0,graphhopper_jsprit
21ab39013c3098f599edc29f98a41468092a8e8c,graphhopper_jsprit
21ae7631d061b440af768f740319c4539a963fea,graphhopper_jsprit
21c7d2bf833f2e6bd5aa91a9351a6fd0b134a3b4,graphhopper_jsprit
21cd56a77708a5eae115df61b8390b82ff6766e6,graphhopper_jsprit
21d0a8b578f21a53b1341b85b47ef1f17f32dc09,graphhopper_jsprit
21dc8864236cf33b490fc970aed355fcb88c9026,graphhopper_jsprit
21e2e24866ce236bbe05ea4597890147afd3a232,graphhopper_jsprit
21e4bb09f5d057854c1a4e03bcdbdab9bcbfd2a7,graphhopper_jsprit
2212f53b73ec197a1d8011eb59c7065a9ab62e8a,graphhopper_jsprit
22265c16d8c98409063a23203c9888bf1a4438dc,graphhopper_jsprit
22449235752f760074ad96fdfa09d3572d4505d5,graphhopper_jsprit
2290cc5d66ac6b4c6e03758f52af2dfc8eff8dbf,graphhopper_jsprit
2291bd23c213ad5a9a2a9b7b8b25b73da5fd0ab5,graphhopper_jsprit
229577dd43dfc2e569e3194f77bc74a8a48f1490,graphhopper_jsprit
22c8b00e2f2c3dc16b21b63d31859ef7e3ffde49,graphhopper_jsprit
230481aa5e5cb4d0fc5f366a5561edad793002f4,graphhopper_jsprit
23110a5aa72ed30666d7ba3cd3b27dd8efedb3a5,graphhopper_jsprit
231435bbcfa8ea04e4ccbafe813a31f69357a751,graphhopper_jsprit
23368a5409a490eff7aa546294f02ec25dcb0f03,graphhopper_jsprit
235f9f9cce79f90878e3cd00e10b60087c82ee91,graphhopper_jsprit
237075c46394e177ec34574bce366af20c3cc833,graphhopper_jsprit
23b2428410ed32a2f1976d2e90457ff50659a69e,graphhopper_jsprit
23c84f4b7e1f50817c132e511852ef5e09274115,graphhopper_jsprit
23f85e3dd88e6531d45383b497d25112152e8c1d,graphhopper_jsprit
23fbd17d6a9791642897fe85b0569df35d56ea03,graphhopper_jsprit
2409403053a1e16f84e2bb95dd4d1edabb6d3983,graphhopper_jsprit
2415492ee97a9e426c596009b720adfa541eb952,graphhopper_jsprit
242779d9f42986b40164a3a53f889e3c7d639886,graphhopper_jsprit
245e74a749bd14073e6f8e30e506d472905ca0b8,graphhopper_jsprit
2468ca758e6b96c8a0ff4b099ecd388304e62f03,graphhopper_jsprit
246e408186d6086634dfb0e04c29127f25d0f483,graphhopper_jsprit
246f32bc46031cbde6162aa2db9f8a1c4cf8b878,graphhopper_jsprit
247cb62d83fb37180ee2dc7c5bde3876f1175953,graphhopper_jsprit
249f1acdb3ef08b183a9db396d0a025121e978ee,graphhopper_jsprit
24bb8010543182e9977039c50be5abb3536ab9fc,graphhopper_jsprit
24ec47ac4548404c46df8693fa5bfcebedb44cfc,graphhopper_jsprit
24f044993cc2210f85743b1b9804180df8bc44ec,graphhopper_jsprit
2503a96237209122a3410850fc3c86334bf3231d,graphhopper_jsprit
25040ced090486ac2a1dcb7f661bbc70b4192653,graphhopper_jsprit
250e9a4f246dd655a66bde39a1085a89873b8cc7,graphhopper_jsprit
2516cfd051527b69aa4dff6024812eb17de72223,graphhopper_jsprit
251ded5fb795f3224e611d13db26e273c1db18b8,graphhopper_jsprit
2547c9da1e7f2c5576f052790e810f9b97ea0dea,graphhopper_jsprit
25507f8adae8f211f4007bfddcaba585736185fd,graphhopper_jsprit
2562ccb0a0bf2d18264f44210e5cb3439631834c,graphhopper_jsprit
257c0a6ebec17a17d1e8542b52b49fc226f5a2fb,graphhopper_jsprit
25899179c7b48619b35f787108746f0d1394def4,graphhopper_jsprit
25a3052a54fe2c5b5afb7c85bfc0015bd06b44ab,graphhopper_jsprit
25b59c367ba7d4e06f9ecfe2f91f88a7441c56bc,graphhopper_jsprit
25c123bc613a019b610beed3672c445cab7de21d,graphhopper_jsprit
25e5c096f230e6a570942351e007b451a9cdbad2,graphhopper_jsprit
25fe0838099e968d1dd847f809e7105b4f153593,graphhopper_jsprit
261a587e5f8d14efa71e6088e19f8e9271a8227e,graphhopper_jsprit
26219aa3a1af99efef3436a707b9ba211dbef4f9,graphhopper_jsprit
26441b978d9c0002279b8486859646f84407cfbd,graphhopper_jsprit
264dafd06a296186c4c85ba9280701c8d994638a,graphhopper_jsprit
2653dc8d086b4a6616042f95fd7ec6af1a5c6a57,graphhopper_jsprit
265fa644975749c26c540514b7522f96302f9227,graphhopper_jsprit
267775d25282c60d2ee3a80b36b0687e4be4d9f6,graphhopper_jsprit
26878a3b519b63bf49d745c922e4f1ff3ce50934,graphhopper_jsprit
269d5cb755c39ba13e78fcf6e93e92b4aa6564ed,graphhopper_jsprit
26a7ce54227f7672a96bed8e1d580c9549f6ec90,graphhopper_jsprit
26a9ecfdfa296570343647484b8e85ac20f552b5,graphhopper_jsprit
26ad6addf61019312c6f27ea096662fdb91ebdae,graphhopper_jsprit
26b966f4d78c60993a8f6cc3f1d71d3e611b6644,graphhopper_jsprit
26bc968fe2ec22546a80347e36cea46a3ee483a4,graphhopper_jsprit
26c42e83aeef94be4a4ee2e867c8a011d9c6b1aa,graphhopper_jsprit
26d03f15e3185ced0ee3383e04c5088ff29b6837,graphhopper_jsprit
26f2d5c1b2e9665e81261b17c3eb81ae77e550e0,graphhopper_jsprit
270a78ef046343e4a57e11d0041e944c890a0dae,graphhopper_jsprit
271d251c3529434ef0f2da719bff7589ccbdcca4,graphhopper_jsprit
273a67d1acee18b7f36f7ecebb11035b0b133368,graphhopper_jsprit
277615a51cdee62202e10ccc292c62e5107c209e,graphhopper_jsprit
277ffdb51af81cfa91442112ac50f94db7d897ce,graphhopper_jsprit
27838d4ec717a565ed52fd4ecc10e39e35340dd3,graphhopper_jsprit
278a0d28c3a4028c42bca8fe0202f58fdbe1d16f,graphhopper_jsprit
278f1149ab33c8afa835767007780899ebf85c5a,graphhopper_jsprit
279826f06182433152da4ecff622c95081249a33,graphhopper_jsprit
279862bec147f83bc31a551ec04986ed297e1b19,graphhopper_jsprit
279d934affdaf758624aa8151381a9966d17862c,graphhopper_jsprit
27b27daa8c7046a0207b8fce6b397fbea1f8a148,graphhopper_jsprit
27d3a8dcb69d55065d43143548865cd47a3f8291,graphhopper_jsprit
27e8694348b0599b812cc0d929e23f61cb6e97ec,graphhopper_jsprit
27ee5582edb77ccadb9ce76e5e788b779760a3b6,graphhopper_jsprit
28063feee40747d38aaedb4397263236a550fd74,graphhopper_jsprit
280f9e259d64e7b514c9789f2cc98a4229091a82,graphhopper_jsprit
28116c239e3f0d2298ab5b5489539c0593eadfa0,graphhopper_jsprit
2835d15dd33674c383f2d4066c7e63e55ec7fc8f,graphhopper_jsprit
2849a11cfe7a68542b8cf5ea4198b079b86f81d8,graphhopper_jsprit
2861652bf27b7a67fb55791d94674b344a31fff2,graphhopper_jsprit
286617f8276454fde8c4b67165a94965cbce1119,graphhopper_jsprit
2877765f7a64759b4c26452a5b0da1605c6609cd,graphhopper_jsprit
287c5ce131cda99e7f32ded2d884585ff02d734e,graphhopper_jsprit
288f6023a3c546e6020aaa09ac2e79c1e93081bf,graphhopper_jsprit
2891410ef53db530c67fce3e85385504579680d9,graphhopper_jsprit
289b7a0f772b94675c794a9a4fe7acb878febdbb,graphhopper_jsprit
28c92933d96bd04690e4caea0ef4b8f798f9cab7,graphhopper_jsprit
28dcb2fb567ee653f69977831aa395f19af649ff,graphhopper_jsprit
28e75725950608d2b8a133d67d69c1850eab0e5b,graphhopper_jsprit
28e94a8dfabf4e1caeba30451bab2d1fbc2ad7e4,graphhopper_jsprit
291764e75696ea1e73ae7c3b98eb1974e2f1fd0c,graphhopper_jsprit
2920640093ba30a9af200afbeba4700cda40b65d,graphhopper_jsprit
292867954cdc0de3e64f4cb82371eb27fb089109,graphhopper_jsprit
292eb0c1ef75b20c00da0ae8d62f655a2e0bc1c6,graphhopper_jsprit
2943e29422c3636fcfe2c0630858803737b9a0fc,graphhopper_jsprit
2953513e0fd1b1aa9353cd8bad1526ed2e3ff65f,graphhopper_jsprit
295d6409951749bf83bb59031c8e4b3c81512cca,graphhopper_jsprit
29756e8b1a1b81aa30988f76ba50a190f752a3fa,graphhopper_jsprit
298210bb9c11a4da5016c1a2437ba18a97dd3933,graphhopper_jsprit
298a83293658f56e0e595ae493d0041adcdbe220,graphhopper_jsprit
2993202d493211d11d623b175ee83bde2b32aff8,graphhopper_jsprit
29f5092140b7334eab5acd6d80c8ccda56d91919,graphhopper_jsprit
29fbdd6e6677f17de8a526ef150b72fbb2036940,graphhopper_jsprit
2a0480474830c1e1c58ac0cda07382aa559fc787,graphhopper_jsprit
2a0d3d602fe161210be5c414052594b5beb3fea1,graphhopper_jsprit
2a1665720e9af64926d1826ccf1e888af8be6a2a,graphhopper_jsprit
2a2262a5cff44cdf9119785040f506e6dbde6311,graphhopper_jsprit
2a2c52bfce7103062d4cae3f11ba63b4235e7fe0,graphhopper_jsprit
2a36ed42cf84d2851be7835ab0c67f472650be04,graphhopper_jsprit
2a772f48949a9817849f608d28ba4e05953dd652,graphhopper_jsprit
2a8cc88f3a4cfc6537f240c92359c8247229fe61,graphhopper_jsprit
2a94626710ee657d04c0294f8a4e4e09259235ee,graphhopper_jsprit
2a95edf1298eba68c21e250f98606217ebaca59c,graphhopper_jsprit
2ab16159a2c0d6d5b77bed21e5d2faef86b6758b,graphhopper_jsprit
2abf5f5c9da930139be271cbca22fe9076ca3acc,graphhopper_jsprit
2ac272ba79df39a4873135a69d89639daa99b905,graphhopper_jsprit
2acfad31ba324629a2258365548747a3417d9fad,graphhopper_jsprit
2aea38e5723c2303ad1a92d6e7e1af0b62d84840,graphhopper_jsprit
2b1203e4abe9d18e1e579175807211b08e05c0bc,graphhopper_jsprit
2b3fd0f3fa51b941d9f04476f764bb2934a90db8,graphhopper_jsprit
2b413f819ae85a65f2a54bd7d41a13799e5ae0e9,graphhopper_jsprit
2b43b54abba2317e5354667b35e1f856ee356b6b,graphhopper_jsprit
2b50993a7f6e62182d64163037a90740c1d99d59,graphhopper_jsprit
2b67c213356ef579f7a12f91d32606c661e66baa,graphhopper_jsprit
2b871558792773a2d6584a5fe8da86b31c4e3eb3,graphhopper_jsprit
2b8aa6db404aa35c0fc6303f721e3aeafa1b8c3c,graphhopper_jsprit
2bb2ab3ead8143a1507ffcb8d3e3b071f16a78e0,graphhopper_jsprit
2bc9a23b5449301c14c93439fa61f2d462be38d0,graphhopper_jsprit
2bcd6792d19b56791b14708e134eb8e0781a4e32,graphhopper_jsprit
2be63c723858c31946a0fec5f0065297a2f1ce6d,graphhopper_jsprit
2be94cbb9dee6dafa13924ca4f1c58faa175df2b,graphhopper_jsprit
2bea1dccb5e56b3a0f4d4b1133119bfbcf9bc013,graphhopper_jsprit
2c0366135cf47efe41ceb7c6e643a3afe0725912,graphhopper_jsprit
2c12315fddb797b7b9faf84a710d9dd25143fac6,graphhopper_jsprit
2c26e0041fc7500f9a23b2aaadf6f884e8e6ce5c,graphhopper_jsprit
2c30830756ea81d576350651842760b3120d43a7,graphhopper_jsprit
2c42ed012f67f3f0aa002375d451c7a6b5727fd4,graphhopper_jsprit
2c465c1a989e65399736d629fdc4c930e57d81ee,graphhopper_jsprit
2c5a16b40390178e99f95225847ac9fbd81affd5,graphhopper_jsprit
2c72a1c015f3e45de85c720c899366353091433c,graphhopper_jsprit
2cabba9345fb846076a2e6b3d17b951f6e710c0c,graphhopper_jsprit
2cb1d93fd7875330c77da7f4848b81352a1d349e,graphhopper_jsprit
2cd2f54b271aa93e09680c25c79a1c6ef8b46bc5,graphhopper_jsprit
2ce279d5a53be2cfb02fc804243e915ad444eb78,graphhopper_jsprit
2cf31c24079f910a93b94cd74321b31a700f406e,graphhopper_jsprit
2cfdb2db0f93b7f7258fff834a808c1d2ab5a150,graphhopper_jsprit
2d0274b44177a313515916dcda4a27ad17396932,graphhopper_jsprit
2d4be9ba2f6bb7eb7f8f1418f73fe463463fb286,graphhopper_jsprit
2d801b5ec477a5bdef479317bbc8993a2e19718c,graphhopper_jsprit
2d9be8304aafc0feb54aad5e616e656255f8a1cd,graphhopper_jsprit
2e150057161595d84c8f1a8a34147b99589e3083,graphhopper_jsprit
2e2bb8d4435c20228005cefaacd6f0e39fd461bd,graphhopper_jsprit
2e3e8527ead80b0c9a0611208f0d8db5ac80812e,graphhopper_jsprit
2e61257c6e18d40d8f56684eb3656717d27d993b,graphhopper_jsprit
2e72d80aad860597c06c04060a956f55f403f408,graphhopper_jsprit
2e7e9514afba2664c0c177425c8db17738917620,graphhopper_jsprit
2e8330507653a0912b852342b795267107d55172,graphhopper_jsprit
2ea579d6f6f85a4c56576c0e16e70223ff0be2e8,graphhopper_jsprit
2eb2672f6c941e2375378507cd71ddc594a95ee1,graphhopper_jsprit
2ec55f385c67bf8381e727cfed876f708c9100cc,graphhopper_jsprit
2ecb72762f49c0059e18ba5927f54c470b9172eb,graphhopper_jsprit
2ed0518bd0fc43149c1fdf2bc3055e2658578424,graphhopper_jsprit
2ef55fd4404ecd9d0c9d9f55b315bdbef29d5969,graphhopper_jsprit
2f0a30339df9efba56cbe40c0473a879eef9ebcb,graphhopper_jsprit
2f35b02f7d93e79ffb38339453e714ab166d9469,graphhopper_jsprit
2f4e9196d985e1c25dcdb7ee85e30a68c1b97163,graphhopper_jsprit
2f575cb41780a55084fba4be6ef80bd125aa63ff,graphhopper_jsprit
2f636fc07b43a17cf6588e500088c648770e721c,graphhopper_jsprit
2faf45c9184cd5f7cffc6f99dcf4dbe67a692678,graphhopper_jsprit
2fceb950b53e3eb9e0630de8189ab9721e446341,graphhopper_jsprit
30116344776e069fe12c6bcbb2d7e44733575c7f,graphhopper_jsprit
304ee4650ebdc5c42a7faf29ab50a1bf39315fc4,graphhopper_jsprit
305b5e5cab98935951673a67314ba9f55cb5eb84,graphhopper_jsprit
308498a8353932198c37ba8ec2d90aa75149218e,graphhopper_jsprit
30a8438104c1b40d8b77ffcc41de63c60dbc055a,graphhopper_jsprit
30b87518278b82ce2d071fbbc123cd795af9d18e,graphhopper_jsprit
3101ea253a2c86f080b8323c950699f076adf2f0,graphhopper_jsprit
312ebc8313934481734b30078eb7c8660e28155e,graphhopper_jsprit
3158f99b67f7a136fb5f488c7e548251914138f2,graphhopper_jsprit
315b21a66633275eeee1f4077c7a95f4c677a94a,graphhopper_jsprit
316379ec6c60c90c461dcd68db3003eaa176f7de,graphhopper_jsprit
318157a140ca74149a894ec93ec6355465444375,graphhopper_jsprit
31961c7265be24f83b382f5a3e86b96cf45fe21b,graphhopper_jsprit
31a5b52e4f7d250350eb29e9b1acfdc0c874fb50,graphhopper_jsprit
31cd22ece096e2ea91f8a2edcd1d4e7c90a62b35,graphhopper_jsprit
31d9c4b069eb9c1fd82076810935f7ed0e507f43,graphhopper_jsprit
31e14ee8a05f01ffb217676416f4c9c91c0e49c3,graphhopper_jsprit
320210698ceebebe963ed80411351f9f6b480e85,graphhopper_jsprit
3213765b50d771e895a2003230f8cb51441fa8b5,graphhopper_jsprit
3227aacae5a23733e7a829258df0617c401b45d5,graphhopper_jsprit
322d1d7d13490cc1373b7e9627c35c2b535eec58,graphhopper_jsprit
322f561f6c3c03b093e6fb7cc8433957a801d8b2,graphhopper_jsprit
323dbbfa874fbae3d0d4209cd22c767e560e8277,graphhopper_jsprit
32761d8983bfeb9595d3ce6bd59db6945506171a,graphhopper_jsprit
3293e7d27ca63f3f1619e61ca46ba7868b543144,graphhopper_jsprit
32aa164afc695df0472ea7b013d343dada4f2681,graphhopper_jsprit
32b9fe2ce1a8c9f2fa41d02aa854477974186254,graphhopper_jsprit
32bf4e63c17526be173a093f0d410d1b1b498e16,graphhopper_jsprit
33075b479fc262d4a952a1f96f8e64343d2d205c,graphhopper_jsprit
330c87fc26fe4a102c483861fabd51863e5e6bcb,graphhopper_jsprit
330fa937a000f3859d93b6d91d47ff608af1b0df,graphhopper_jsprit
332009e3bc2d59dc3526cd2448ab32cf8cf486d9,graphhopper_jsprit
332a581ad7a5609127412deaca434781a4f59fdc,graphhopper_jsprit
33358771c590644212840c4520e950fcf4d6cd97,graphhopper_jsprit
3335f235a3481c19c5e13d6dc8f9175b3c7971b9,graphhopper_jsprit
333e03320cff1eb4a0d055af2c4dcb2fb9bdd41f,graphhopper_jsprit
335b58d95a696dcae0d9f37f4928633ecac1e8d5,graphhopper_jsprit
33efdb438ef75a31f49f8ca3283612237913b0bb,graphhopper_jsprit
3402bb413e796087f6fd02867350d5550e38883d,graphhopper_jsprit
342ebe93b7de69c99302097efe49a0c6faec32f2,graphhopper_jsprit
3433ccb7a5db68fa9e006ec9bab9af3fe0903649,graphhopper_jsprit
343ba63fc7e0db8b96b7dddb57a5a90418fb6f4e,graphhopper_jsprit
3440ba23e9a574809439fdde2cfa9a1698148226,graphhopper_jsprit
3455b4fe05861d19e35a6343fe22d643a7105bf2,graphhopper_jsprit
34651437a029dc8a8bfe41735ae9473f25403e97,graphhopper_jsprit
3475c56166a156044d73f00ca6bb15a5cfe8254e,graphhopper_jsprit
3480dfb0aef072279ec7dfffd7985a5e0b3e0fe3,graphhopper_jsprit
348e31f50ea2c8c6f0a8dea9ad6d354a68c243e2,graphhopper_jsprit
349364dce66e1abe98888a7855e08de286cfef6b,graphhopper_jsprit
34abc1b73710e8a6681850513c83e46932d89f3b,graphhopper_jsprit
34b58c14ddf6a6d02cdf79f1391bce956060ea5d,graphhopper_jsprit
34cc4ef3bba7b320aad702b102a6637a81414478,graphhopper_jsprit
3529176e2173ce44fd1ca4a1ff68aabc4b0adb52,graphhopper_jsprit
353bba0ef4fdcc4934143db3dd6204cb023b3c7d,graphhopper_jsprit
355316ccd34a360301dd55e8dac867d716d08a55,graphhopper_jsprit
3556bcdb2aae77d96968bfb452fdaf28a9b94300,graphhopper_jsprit
3579dca52d08d08253626c3cf55ff699c41e6b49,graphhopper_jsprit
357f7d82b32be8ffcf784c19cca120c2b1d5eccc,graphhopper_jsprit
358010de9132226e4307b9bb00cf6208e4d5a462,graphhopper_jsprit
3581d6e0971f037e207154fa604be2d40dee1a16,graphhopper_jsprit
3587c7fe949ea8633d304e5638b347fc9c712efb,graphhopper_jsprit
35b9c89375baec4e14e26bdcb87f069373aece79,graphhopper_jsprit
360f800bc4a120dc7a36ab85671d9c63fdc03182,graphhopper_jsprit
3635f33f231ab4a9652234e64051cac56b871bf0,graphhopper_jsprit
3667c74a77b8842912c454abb43a2b6d21a45aa5,graphhopper_jsprit
367776bc0ea37202699fe50bfc899552424d7fe3,graphhopper_jsprit
368aa872a8a48fbb12c859c22216f8a28285b619,graphhopper_jsprit
369139211d1f5c58c6ea9d4f7f5e3ed5f61c16ea,graphhopper_jsprit
3696f361d36e1806dbda5ccf4331c4cce4181745,graphhopper_jsprit
369877e9fc20d8b028461cbd4bbf7d2a74503e75,graphhopper_jsprit
3699fd5f990374d159e1b46d48a597fb067c81e0,graphhopper_jsprit
36a3eab2994725922c7a9558d4dc1789da074ce4,graphhopper_jsprit
36c45d253a10303aa5725ef0f5157f30f9447ac4,graphhopper_jsprit
36c7925ffa1534be0b68e18699e9352c5581690f,graphhopper_jsprit
36c7a7c83134c11f567c3de9ec4beba3a8b4beee,graphhopper_jsprit
36d0b644a065ea3ad85659dec15fee1dfa44788f,graphhopper_jsprit
36e67f6ae6d51d11c9d796bfa2176633ad26f5ec,graphhopper_jsprit
36ece637f5d71787794771d40d3d78431382890a,graphhopper_jsprit
370a5af55d46097ff8dff9655b6928fbf8f58e2c,graphhopper_jsprit
37197de1915313518f50462485854225c561718e,graphhopper_jsprit
373efa1f4c203685b3a556ecf152b8727c7b33d1,graphhopper_jsprit
37402250584c223033bad9ec18fea95ccf35f320,graphhopper_jsprit
376ed9a5382b44778ffee5464b2076502b282048,graphhopper_jsprit
3771c8494dfbab452f4a50acbacfd0fc1bc6a138,graphhopper_jsprit
3772436140b3d2bd87e2d43fa9bf1400c7d763f5,graphhopper_jsprit
3786f8e977e0fe6457f500737cddb37580f13a09,graphhopper_jsprit
37cfd3cbd88310a39a92b0374b3a1c182ae2a7e3,graphhopper_jsprit
37df98b542dd7ba7c5648818f8af53c4879b10be,graphhopper_jsprit
381885dd90e176a7c23673c3e16658b4cd422928,graphhopper_jsprit
381e3489266519007df08a6dd56015198efbe556,graphhopper_jsprit
3828bd0cb6af34772c077daa5e77026a33837ea4,graphhopper_jsprit
382d2d850fc45c82d51c87c263b67d5eabc78328,graphhopper_jsprit
383cea6602dc78248ffb6b9dbade714840a051aa,graphhopper_jsprit
3842271c0090057386d4c7817f6bea406a9e444c,graphhopper_jsprit
385094a5d6e77918a584cf119c7a6417b2ed9790,graphhopper_jsprit
38687230ae25995150f441e33e09a8218b53e15f,graphhopper_jsprit
3875300cb8e980ffa579bf18fbac3c6432c47b34,graphhopper_jsprit
3880c3a3301ed72d841cfe72154f8e7d62d1f08b,graphhopper_jsprit
38e961a2f368533b464928a669ba0ab8ca65b277,graphhopper_jsprit
38ff2edadd5f80de8ca6857f66af56615e5c2506,graphhopper_jsprit
390340140f83c39f3e9d53bbbc1eb0813f79ffeb,graphhopper_jsprit
391282d8064397fac235dde45e61c6292531694d,graphhopper_jsprit
39161629a7642b3c30908be7b58420a920dea3c3,graphhopper_jsprit
3917fe1d3e99af1a73db902ea2afa74f79769874,graphhopper_jsprit
392167051fa808058dba85f083c5c5792b139827,graphhopper_jsprit
3932e04d82077ce0c2230a1203b7243999cd1729,graphhopper_jsprit
3966590fc7ce6182cb5c58db20c1440367c7aa62,graphhopper_jsprit
396e499f237d9cadc8245f890917437d6433980c,graphhopper_jsprit
39751c8c5aeb3ac5fae4dad7ce4683a030a38e51,graphhopper_jsprit
3980340ed21dda1101cfb76401057b356509a063,graphhopper_jsprit
39859f379e6b4dee4ed8bdcdf635b80d1f0b1834,graphhopper_jsprit
39b1781fd1dc70329253a7ab2cbbf9cb2d41975f,graphhopper_jsprit
39b6905c0dba80f680d0c23aa3fb9d299a9723eb,graphhopper_jsprit
39ed96341ac7763697a320dcc99e66611017fd99,graphhopper_jsprit
39f3d6cbdedaded9ed02163748375623a2ce4ea2,graphhopper_jsprit
3a11186b31b8cb17a3363df39fff14252b4a4590,graphhopper_jsprit
3a160f85fe60c04615bc908d8f9259cfac160c4b,graphhopper_jsprit
3a53b8daadd4392039384bea8dc1f358c7a8f219,graphhopper_jsprit
3a5e42691b7b7bc12872040684dcdc1d6a719bcd,graphhopper_jsprit
3a72078133bb7c95726414041cb593e4a40767d2,graphhopper_jsprit
3a76dab52bafe5815ea34a1018d4d10761901818,graphhopper_jsprit
3ac8c49daa73c5beed258950eba79702d19fdefe,graphhopper_jsprit
3ae0fd52ef7de6eaf8d0f1fc4de9d3371e8771f8,graphhopper_jsprit
3ae6bffa6887da2ec1798ee7b5a89a9680e3b2f3,graphhopper_jsprit
3afae5de91f5beba7a4574eae4cac6323ee53cdb,graphhopper_jsprit
3b02e27c1a04effbae66e48dc38e0b9916c0b6d4,graphhopper_jsprit
3b19dd0e459427c27a32fc8f9bcaeff610adf28a,graphhopper_jsprit
3b2171ffef8f5d108eb3d514267e81064fe4dc55,graphhopper_jsprit
3b24adc8fae16ecaa5b271f70b9e9679596c90fb,graphhopper_jsprit
3b310b1116c3b93d953201abf0046fbdcb25f1ec,graphhopper_jsprit
3b5a64c989a17c00f90862a0f46dd5868857b644,graphhopper_jsprit
3b5a87c9a52bfa4e7e6da0ca3872c47b334189ce,graphhopper_jsprit
3b5ffb8eb9048105c64dac35b3aa93eb60663263,graphhopper_jsprit
3bc850518d0b9e95c9c119c2e3f0a35c8c467b3d,graphhopper_jsprit
3bf977784ea95418fa51415fcac68655cf848015,graphhopper_jsprit
3bf9c288ca2c6d5173af722e80ac113c20eec1c5,graphhopper_jsprit
3c0102bf54f1872e3f588bbfea9d773ac71e8354,graphhopper_jsprit
3c0f61d537c0289fb1c45d692833b9c7aa4c4c05,graphhopper_jsprit
3c146cf8245481dba47761e53469dd3012688105,graphhopper_jsprit
3c1e8bc9d18a644043bb7727c1afa8318ef5ba3b,graphhopper_jsprit
3c568835e9b2bd9ff84e5425be6e619b9e4b8c9c,graphhopper_jsprit
3c62905d276227bd2158af8d9ef40c365bc21c7f,graphhopper_jsprit
3c6bb513ecb74bda2c5b82045506f3f426f878c3,graphhopper_jsprit
3c722ca80786ae9d0049df17d8c6ff7f7572661e,graphhopper_jsprit
3c7b98dd0c100604ed5fa5a3b686d21948222314,graphhopper_jsprit
3c81504d075b719179002be07580c807d68b0970,graphhopper_jsprit
3c84cdf2a018f4340d4d6ac50884fb87315fb154,graphhopper_jsprit
3c9c8aa397ec8af26713b4b8645695fc37410de6,graphhopper_jsprit
3ca83516f6805690044c5fe997b5b6203634dbc4,graphhopper_jsprit
3cc66b67ca33466f3d67600cab584a6105ac00f5,graphhopper_jsprit
3ccc7563c1a6282ce119cc06ab0c1868ffca3048,graphhopper_jsprit
3ccf8569ea7593ec8bfdb80a7c3c56403a15005e,graphhopper_jsprit
3cd2592c596d79fd29ab36d2893cc3c12dd0ffe7,graphhopper_jsprit
3cf30a396a2d75d1b10f80f7adbfefeb0989e220,graphhopper_jsprit
3d0594448e174d1c684dcfdd9797faadb409ce3f,graphhopper_jsprit
3d545e904c1366001092b75cf294eb8fee755f07,graphhopper_jsprit
3d643fbebcee0ddc68f79faf4bc15daf49ba898d,graphhopper_jsprit
3d84c714d278c139d68972e403f8604c10060335,graphhopper_jsprit
3d8d92cb3bcc665805c54cd12a2cef6521074d12,graphhopper_jsprit
3d988388e7666c4f409f1e8c57cdacbe51b8d73b,graphhopper_jsprit
3db3ed9c29664f527504cdba4814e12558435e61,graphhopper_jsprit
3dcbe71fcfff5f68ee352fdb7e9c6a2ea0c9c045,graphhopper_jsprit
3dd770620404ab934e46c517e7930e93d7984574,graphhopper_jsprit
3dd92ccd7ebc2e28c7d341d7b194276a8ddbcf7f,graphhopper_jsprit
3dfa7b2d59f1d92d80bf645461f1904ce4919588,graphhopper_jsprit
3e24be47f466b364df8dc7579f812f9058fbc60c,graphhopper_jsprit
3e2f4a41a7795250f6419e79d59a9087eefab92d,graphhopper_jsprit
3e4a941e92e8fe603f0e7d700bf6daafcd501eb8,graphhopper_jsprit
3e5ec49b30c322dc9cbb6fef9ec3c06528086b28,graphhopper_jsprit
3e77b30f6888ac90d44e95044bff6757b744056e,graphhopper_jsprit
3e86f2998b65208f42701b797b2b4d279e5e81ba,graphhopper_jsprit
3e89111342fa4b70902917bfeead66f804572483,graphhopper_jsprit
3e8c75db450be9cdd525f21b707cd657106d9681,graphhopper_jsprit
3e9c796c0eac7b27d3ca8034a597d70584f1c3f7,graphhopper_jsprit
3ea3cc06ee513729fd1a63639f7cf1d44e5637d1,graphhopper_jsprit
3ec00c3dd3b530990cdc55563fd9ad65997547fe,graphhopper_jsprit
3eeb8fa08465da07df62aa25e87134ff25fd74a2,graphhopper_jsprit
3f0be7a5664f0d7d1f99f1c1245f6647e0c5073e,graphhopper_jsprit
3f2498bf641f98a90a4403b868fe339d490d9ad1,graphhopper_jsprit
3f3723c95de15c6e090b55c61569ea2883927c04,graphhopper_jsprit
3f37f32212866d7a552be90bcb817b65145093fe,graphhopper_jsprit
3f4b7f4e46a6d04b9f59737014c88da4c03f1182,graphhopper_jsprit
3f67a13ae43f0046f2126a76146e82ae835cb959,graphhopper_jsprit
3f7d6b8b01157fac0a85c80b1db9d2598cd22f78,graphhopper_jsprit
3f872e42fcc81f8b6ab910dbddbf799f1f161d60,graphhopper_jsprit
3f8796a4d68f4f2f25e822fc74c7600538eb66b9,graphhopper_jsprit
3f88a0f61bfca7888c4c378ed275d73867997377,graphhopper_jsprit
3f9e217e6cc09b49f9df47b9c9150ef00027aebe,graphhopper_jsprit
3fa4d9c444a146989e205f37e5f86c7e70686a79,graphhopper_jsprit
3fb7825f07771f6dac523369513ac63c05e4d68d,graphhopper_jsprit
3fc5acb1c14e753378d47eac6f19a6c49f291bf9,graphhopper_jsprit
3fcc76798aae96fc857462c96332d64570203f42,graphhopper_jsprit
3ff52b3555fa55494a7bc113a0690f2f42d4d72b,graphhopper_jsprit
401afad4471c0bf6556dcc22bd2268504822ca70,graphhopper_jsprit
403316143e49192900519b4a8b5e3c61cf7cfc48,graphhopper_jsprit
405e8376152a4a40eede89d31bac16320824d7dc,graphhopper_jsprit
4070d1a471a87de676ff18546bc31248873b8b37,graphhopper_jsprit
407178b9c38a03f4f8e95da36fc068217a1bd096,graphhopper_jsprit
40a1e45a0d9a3ca3780e2344f5b42b54e0d20f69,graphhopper_jsprit
40b75eae9208d6d6846fceaa850ac470c1c065ca,graphhopper_jsprit
40c9884296d7c8017e546f1e94a623dd858d2db7,graphhopper_jsprit
41018148ef4f46afe661bf2373109636edf4a0ce,graphhopper_jsprit
4102a3d488ca975fd7d56127bb7b575f372ec5ed,graphhopper_jsprit
410cedb0e9c67610da2cf04886df8ecf7e7c0c92,graphhopper_jsprit
415cb597fe971e126df0ddada6224e55d5b3ad20,graphhopper_jsprit
415ce961d2bd3a65ce75f43cd3fcf0e0bff83b55,graphhopper_jsprit
41710f3dbd1b32f77f8faf01de1d82c786269738,graphhopper_jsprit
4172478abd06e32fd0a95c47dac916ee36a6c5d4,graphhopper_jsprit
41d8d7afbc4aea9eb96e255dc40657f54d850e97,graphhopper_jsprit
41d91ad74e5920fa62444befebd63fec3c22d703,graphhopper_jsprit
41eb4e8678c7918733d35d8e0015f28850090728,graphhopper_jsprit
424e0a582b6f7dfd4fe8fc57d7836da702ba75c6,graphhopper_jsprit
42570d69ac36aee35a64cecd94d065eae6ccc86d,graphhopper_jsprit
426ec89b8232fddad730ef5d57b9ade972ce6807,graphhopper_jsprit
427b9a081ee739a2ad0063f54f6dae3284218862,graphhopper_jsprit
427bca13cc9357dc859542a17eef9b546b30163f,graphhopper_jsprit
4287eea8ad80ba8602928874ccaa57232c8e4cbc,graphhopper_jsprit
42abaea24e07663894857710166d3db6bc3730a6,graphhopper_jsprit
42ae57d00b3c30c3cebe5451af08bffd061fb479,graphhopper_jsprit
42b0d8b22fc682eab741e2612a911b13c87d0378,graphhopper_jsprit
42b6237c2e8acf855c68682ea62721c7c361f147,graphhopper_jsprit
42eaa0ad760a47000786b683a729d4bcb2aa2841,graphhopper_jsprit
4308eb39c6af48af10622c5ceb69348315baf290,graphhopper_jsprit
4319b27dbaa178691303e339d98f72de1a14c518,graphhopper_jsprit
431e9cc1dd14b96a7ec6734c0dd6c4b0564d2d72,graphhopper_jsprit
432ec2fdd32928e0bb993e7b4e7ac3bc775733cd,graphhopper_jsprit
432ecb6174d3d6843a35d643fbdd8bd2b96da910,graphhopper_jsprit
432f2073d0e52f6d6389d5b5a6d196903845cc3c,graphhopper_jsprit
433f21242efe5df751649443de3ff98464009e83,graphhopper_jsprit
434d3e1691ad0465794087b1ae7aa4f861047fc2,graphhopper_jsprit
435207d30ffbe1b11b3e8d1a6f2e3788b43e7de3,graphhopper_jsprit
4366542df45ca2120cbe7687b78575337610e6f9,graphhopper_jsprit
4378351dedce09be3768028f134315be4af748dd,graphhopper_jsprit
4398bb631123118c049108e20d0c9d92b9c0650b,graphhopper_jsprit
439ee29895862ae038c7d505766d67fbcd648557,graphhopper_jsprit
441eccf4ece050de987dfc44753633930c526da2,graphhopper_jsprit
44462673c1e28c969445417d97ff30658f0bc8ee,graphhopper_jsprit
4450c4c07307e8ca76ef5862fc38792aabd9c04a,graphhopper_jsprit
4461025be88cd9be4efdbe949dee2fa14136acd6,graphhopper_jsprit
44742c3ae7f671c8931f9de29facef8f51c0b0e9,graphhopper_jsprit
44aeb381519de1c4aaffa20a3b81edbf81936b00,graphhopper_jsprit
44b702648ee210a7fb0904826f587569410f727d,graphhopper_jsprit
44bf74ef877d6cfbd115c3726083692c83ed1115,graphhopper_jsprit
44d0efdd5450602a657f2955d1a0102f2aa4ca21,graphhopper_jsprit
44f734cbdd6b8c5c640e4769d43336738f03ec95,graphhopper_jsprit
450a57f2e5a247050e0eca5914fb938c3cc98fe2,graphhopper_jsprit
4527818601ad344e11dadff16115677ba338c406,graphhopper_jsprit
452a8c30611bc7a0c50cfac8a2a538b6a7716de0,graphhopper_jsprit
453a69a76a829ee3d3814863f726f0edcb87f137,graphhopper_jsprit
4542f8370da4a8a4b89afc7caae2a4afa5a8ad44,graphhopper_jsprit
454ba689e24681c11e4c0b4ab60b453fa4e114ba,graphhopper_jsprit
458b3cfc8784f5a7daafc3bb66042e8f21ef3707,graphhopper_jsprit
45a1ae89c1093eefaca89e60c83524b05f237b99,graphhopper_jsprit
45b0c35a95fd92012817a753bbd6742a409c7b52,graphhopper_jsprit
45dc0761c80abe20476d87f53e85ce6b73c4e03a,graphhopper_jsprit
45eb1159f30c635ffec1cea5034cb0b2649f88c8,graphhopper_jsprit
45feff5c3db4ccb620564498128cb0117de19b0a,graphhopper_jsprit
461bcfbc0b1a024487c8a623bf0cad06c7934ea5,graphhopper_jsprit
462864d53efb5c06b7f2d47f04365931a17504f5,graphhopper_jsprit
463d87b30bf9ee279ce924d17023f551ac64acd7,graphhopper_jsprit
464f29459359bb871d4b2d3051db46ee81031132,graphhopper_jsprit
4665150e9e69372168372cacdca6ba62e1ac01e2,graphhopper_jsprit
46782b22e3cc6d6bfd9665b810ceb7926f6f8f79,graphhopper_jsprit
467ca8009fa472bd4009bcd5076b1d2490338b21,graphhopper_jsprit
46a269fae853f04c557ec7271d0ad3e1b758bad8,graphhopper_jsprit
46a8103114c153fec8f6bac332dfd8979be09f6a,graphhopper_jsprit
46c8d093857dff7e54a0397f10b2059e6410758c,graphhopper_jsprit
46ca337d8a65381c802df421ea380ab49cbf799f,graphhopper_jsprit
46ded83ec1dc1f4cba11d2afcc158bea0d77c463,graphhopper_jsprit
46ed799b5040740202c85cb6263413938d1385c4,graphhopper_jsprit
47428eb5cd8bfc3541538192876aaa0d597f3afb,graphhopper_jsprit
47566d750cd8ad01f9b2e841f4ffa5887b024bff,graphhopper_jsprit
4757753f26f8ea54439829bc2f07f5b74d6cf640,graphhopper_jsprit
4761b30b16417a41facb7237168b480b270c3e12,graphhopper_jsprit
477556e96b6679aff22444ec361d60cf16630964,graphhopper_jsprit
47824643715f5ed95dd31c1af7fd860b857b805f,graphhopper_jsprit
478ba66c3f88576382f3c2bd843cf8f0e53fd8d7,graphhopper_jsprit
47ba39a21b689092e97d33e10e7d915e0d9ba475,graphhopper_jsprit
47d859652a5cb9ea860275cb8935c26add3ccfa6,graphhopper_jsprit
4812e110e50c2827b6968be1a0ef9c14a79c0288,graphhopper_jsprit
48212569c425e0f7e06ac4f97aa1067d43ff1427,graphhopper_jsprit
4853305aba8e8c480795e88e1f8b0596a60d2e83,graphhopper_jsprit
48611e108564ed2edb3f6a21161d711f39801bd1,graphhopper_jsprit
4881c500968759e4b6254f0e7bd5557d4ae3c39a,graphhopper_jsprit
48832235418438b68de1f836ceb4c2b5c3978ecf,graphhopper_jsprit
4889876d28229cd66c49cb68bd6471110e9b7b23,graphhopper_jsprit
48a0455a671e8bf3b354c7dcbae2d01f4626700d,graphhopper_jsprit
48d8a4a826fa7a65fdb1a1a76102cb321647dde8,graphhopper_jsprit
48dc694fca1d23c04b8b55c1ed604d57d9cf461f,graphhopper_jsprit
491d7a9738cab9a886ac36c00acd8d9a19a3c8f4,graphhopper_jsprit
4925231e03913e0e07066bd6207375d083c86271,graphhopper_jsprit
4929634cfd412be1fbb2bb3613bb03f718cbbaa9,graphhopper_jsprit
49c6d3694533f2c7129664aa1c1bceb9e2a5b9f8,graphhopper_jsprit
49c8ade5c42842c87038a63367f4f19a21aa8216,graphhopper_jsprit
49d195a1dd592f5a9d934b09e8438a118d7b6024,graphhopper_jsprit
49e32c833efa789b27ce9925975fdd07b72088c1,graphhopper_jsprit
4a0448049e01977236993767a313191102817415,graphhopper_jsprit
4a3e0cc6a1869999d4110b8592f3ea8fe87c9e23,graphhopper_jsprit
4ac181165c8e22047db5ee47f83be1542e55c23b,graphhopper_jsprit
4ad5e5670c100f94f28f0ebc855d9bd1b56940fa,graphhopper_jsprit
4b2d678ac3b2e456622da03b3662f733778876e9,graphhopper_jsprit
4b6be9b87f8a5bc48839b32f3bc2203f65fff140,graphhopper_jsprit
4b78d5fac09d72db41f269bbda722096ca23230a,graphhopper_jsprit
4b7d6a64d088769fe37b7c648d79f680b12cfa2a,graphhopper_jsprit
4b88575730071b4d790bf86af4a06b71c1939c6d,graphhopper_jsprit
4b8876b1c6749682d623fce4693f307c803f2016,graphhopper_jsprit
4b88ac20289dff2df73a81dd6d89dd8d459bf3d1,graphhopper_jsprit
4b9501bf257cb77489a1d9e3d2922369e0ecca6a,graphhopper_jsprit
4be6bba15e8b4f9b609306ed90bdf0c4f1d314ab,graphhopper_jsprit
4c2651087b9f99c49b67579207fa5f232e5ee162,graphhopper_jsprit
4c292a21e39d2815cdc14cc3756ba723f0407227,graphhopper_jsprit
4c2df190640d3a29f804b8ecfe1c5ff2184d5d5b,graphhopper_jsprit
4c49dfb589eb1d56dedbce29fb9314c7321faa33,graphhopper_jsprit
4c4d9ea96d5514c8b1f5171ace66f69b1b8d6971,graphhopper_jsprit
4c57e6d3bf868cb39e1c2ec89742a33643a1d2f0,graphhopper_jsprit
4c7335e8b5f0006202dfcbf3603490489e3d4a32,graphhopper_jsprit
4c873aceedad9729486803b27d1456e3567e74a4,graphhopper_jsprit
4c8be869c022d984d5ed6e98ff0cae75b60a266d,graphhopper_jsprit
4c93fdbc029f4c2cd66062ab924a66a4f3b8d393,graphhopper_jsprit
4c9b76b9b9339b6c0a55654dcef0efe92f66e0f6,graphhopper_jsprit
4c9b7b8e006ff3e42cd59ef27e4bf72c7513e967,graphhopper_jsprit
4cdae9a486dad234a8ec1ce0d629c82f4eab73e8,graphhopper_jsprit
4ce3a861684bfa77c8cc744e0d3c8d95985d23a2,graphhopper_jsprit
4ceab89adb2c14c61769bf9c9661568c56576206,graphhopper_jsprit
4d0886cb4b80ec2826600a09fd61a9638618445c,graphhopper_jsprit
4d0d0a5bcc49c70af6c75824a431bdfa91ef9b78,graphhopper_jsprit
4d30511d0f9c268dd0ac269b3f580dc6d09e2eea,graphhopper_jsprit
4d3e5be4fb59c4c28701b414c3a4ae237d51c669,graphhopper_jsprit
4d46d433d2b8cef2c24ab5296ca9938ed7e67041,graphhopper_jsprit
4d7f09595974865f1dee9edc85a6b155a83d676a,graphhopper_jsprit
4d845a841766e3dc3637a36d06b4a28d12ca4bf2,graphhopper_jsprit
4d8b4a627382f6f666554cc92fe27549e6b484ae,graphhopper_jsprit
4d8f31fb6471ee930ecd7844002c00b787f8556f,graphhopper_jsprit
4da11a6c80d80fd9dc573dd18d1c9696a55fed49,graphhopper_jsprit
4da3b4390fcfd6e239c523dfd2831b283f7f474e,graphhopper_jsprit
4dbf2e938832093cb785977d5a8e799fbb317abf,graphhopper_jsprit
4dc51c7a4230d85caf0c49f4d293c608cf9bb0cb,graphhopper_jsprit
4dc9385219a8795721fdabb4f61c0d595625414c,graphhopper_jsprit
4de30fdd2fc41adff0dfd4d851bc94b2fc61ced5,graphhopper_jsprit
4deb08a31c532191c8f2f4d928290c4d3d3209cb,graphhopper_jsprit
4dff35d1371fb1568052ec42575896fec8f93a1d,graphhopper_jsprit
4e23697fc8ba72040105cec665395cacc8b192ed,graphhopper_jsprit
4e25d894b63846018370485e3623c4deb43b1ce8,graphhopper_jsprit
4e33fdc7fd48fc690dddc6b7d0f1655eb0073b85,graphhopper_jsprit
4e35a647e93896ebfebb06b1fb40ece99033256d,graphhopper_jsprit
4e38586b50403ee56bbf10ee441618dd9b86ba0a,graphhopper_jsprit
4e5dee5d6e8558708ca6a0914b7146dd3782a929,graphhopper_jsprit
4e6d91ac013741bc001202bb3e8e5adf9b972aa0,graphhopper_jsprit
4e838719848a61faaea5ddcc408513ca13a851de,graphhopper_jsprit
4e8ed3a9c09472ef97eb09fed96857649fed0cbe,graphhopper_jsprit
4e99daeebf7058df7f9df166377dcc7bebca3505,graphhopper_jsprit
4ea045348b11a4dfb6ba52c1637bd5cb2f1ccfb7,graphhopper_jsprit
4efbd1cd1e8c64436df73d10c30ccab2cec2c772,graphhopper_jsprit
4f0936526799e661c7dff5b5bbef91302adc6ee0,graphhopper_jsprit
4f2689529f0afc56929c501ed6856c5a2affaaa3,graphhopper_jsprit
4f3c76ff28c94c7993c8c6c21f33229aa9ea9cd8,graphhopper_jsprit
4f3cd5e6846eca1e09fd97f889fd16cbc26f6527,graphhopper_jsprit
4f67a597675db449649ed6678352b577b2b23426,graphhopper_jsprit
4f6d004e2842866bacc08c903e47d8befa0fb92b,graphhopper_jsprit
4f80f66fe98d332f359cb2fb3d3c025a1e7790e3,graphhopper_jsprit
4f87005e81339ef6b80c25a9f6f8f25ef9543c59,graphhopper_jsprit
4f921d053c012f5814ed085115c7a09a29530660,graphhopper_jsprit
4f9c91cb7690b6c6cbe655a45af1b58d2a8228f7,graphhopper_jsprit
4fb9f7d5d6d0366aeee1e806e78e7bdfd7c8611d,graphhopper_jsprit
4fefa79d4363f6c4d9b71bcec9a6aca656ef2970,graphhopper_jsprit
500bef603cb4505c62dabff2ddd1883601473dcc,graphhopper_jsprit
501453490d61d1f1a9f1fb26296e4580e0ab5752,graphhopper_jsprit
501588d417504fd4270310fba1c48b67cc75486f,graphhopper_jsprit
5051b6960b9dec400700836779103a9acb5e36df,graphhopper_jsprit
5051def927e30f6315c350f4f40d9725d988e67c,graphhopper_jsprit
506abed341633f06d7eb33d4779cf02b2febe835,graphhopper_jsprit
50bbdcb525da5ed1b73e1591b6b9e74f27eca22a,graphhopper_jsprit
50ca0971a5f82427d7fb0504a865b21d9d5af597,graphhopper_jsprit
50edf9e7391550c05ae6917ac5289845202e564c,graphhopper_jsprit
50f3efb0988ef72b28e1ade18047840643804c39,graphhopper_jsprit
5113fb477af8703707c762dd7c4a9452c5e967d3,graphhopper_jsprit
513d3407ddb08c8d9ecd91646491e55d313e9e6b,graphhopper_jsprit
513ef26c9a89de4ff06b7fd5b60a014cdbd2121d,graphhopper_jsprit
514d81713f85186d12b7920aa2af1ddd99097698,graphhopper_jsprit
5171c2a9d9083c570fb4d7696cf0ab38319cd607,graphhopper_jsprit
51740a21d69a7686e60abcba24dba224d6b911d1,graphhopper_jsprit
519b29d210903d9010e8186561ec3bf2b0987638,graphhopper_jsprit
51b2e078ff0c34e3b581922604dcfab80e459f8d,graphhopper_jsprit
51c14afd737bff2dd3bacd9e208467aa65ac3d9d,graphhopper_jsprit
51dd423d6dce378e13fda57980c4f3533c4cb677,graphhopper_jsprit
51ddd2829edecd3ca974cfb5bfa7ac2dbbc69ab2,graphhopper_jsprit
51f6fe4d284e0bac762fb5c8cdcdf3a765490c79,graphhopper_jsprit
51fe971d6d4dd0e91414c5a06d74341e84c70b56,graphhopper_jsprit
520dae4e09266735f96906da6d58ee8121d51d35,graphhopper_jsprit
521cab461a5df43a24b3998d136c0fb7f454338c,graphhopper_jsprit
525bc4c2f2442972046f3ae43f3dc579b985c729,graphhopper_jsprit
5264122d7c6f5d4ead35da19abaa09c90a3d173b,graphhopper_jsprit
526f9c68fa3818c7878bfed9cd5836a9b49731b3,graphhopper_jsprit
527ca56d04378a5dde8ffa68919b84e930ae6715,graphhopper_jsprit
52c08fa817a640d48b516947062e62d5236716f4,graphhopper_jsprit
52c7e0cbb01710cd1434cae7b895953768d139df,graphhopper_jsprit
5307e65c10efd423ad754cde4e25b0f21c99ca6c,graphhopper_jsprit
532053deee971a84ffdf88e8db62917f3f9bf685,graphhopper_jsprit
5327cf11bab455e114dc335719033a399af81e84,graphhopper_jsprit
533969ade414ea5c2d3a99b64af4e5cee236d8ed,graphhopper_jsprit
5399749cefa3697678b62d6f3ec849ea8c2350ae,graphhopper_jsprit
53e76ed832589bd10c36cd70fc19fe3c673a2e55,graphhopper_jsprit
53f92754660faed38be2b2b30a12f83c7d4f24fa,graphhopper_jsprit
5437d384dbc862ec6ba6b0dfef46e00c489947aa,graphhopper_jsprit
543d1c2ace5d51fb2639da4fb62680a9caa2136a,graphhopper_jsprit
544ae6389a98b58a547c2ad0750611c298a1ea32,graphhopper_jsprit
545bc85346329677edcd27dc483da74a5f35cd24,graphhopper_jsprit
545eb71b469daedb04ccb93dea0a4f844259b070,graphhopper_jsprit
5479cc8845ae501a4bc2bc1a16807bcb837464fa,graphhopper_jsprit
5498239dd4bba4aef79d815d086489818b8d8f92,graphhopper_jsprit
549c9b813e395661957d317b0fc6b1d1a41e4ffd,graphhopper_jsprit
54c41c553254e9cb942d9a8b25301c1f64423a95,graphhopper_jsprit
54dbdca81dfbc545554124140a9f0582b5e37f9e,graphhopper_jsprit
54f1d8819e62aa7b0e4470d1e40b2508aa188cc1,graphhopper_jsprit
550e633d0b7ce0e8507f1b0b46230e0744215a3a,graphhopper_jsprit
55166647341e1e8d121ab393343eedf551989cbf,graphhopper_jsprit
551dd7ff53e353b968adbb29cbe911bb1899d517,graphhopper_jsprit
551eae168bff5aabf8c8356d9e1d6ed16eaaf4f6,graphhopper_jsprit
552729d7ee9f87fea6e5a932aac1e7cea2ef03af,graphhopper_jsprit
5530bc648add2fc383efd29b171a21232f788b1c,graphhopper_jsprit
5530d9f728c519fc1a87c511d476884fb68f5fa2,graphhopper_jsprit
556f8191427fffc658ddf77e989c4c89e331b8db,graphhopper_jsprit
557da50e35b170defe0f9b23fe9444066ec2f708,graphhopper_jsprit
5593671e7acb20302ef8ecdbb0fc5940d9565425,graphhopper_jsprit
55945e5b59d4e5aad00a02e7e011a202ed72055b,graphhopper_jsprit
55e1baa205a663f9f8f6a5aa7b3e19715e028e55,graphhopper_jsprit
55e6c0bc57b42ac8eaf80f626ae86da9ad5ef1ee,graphhopper_jsprit
55ffe3970f39ab66fc4b653398c7397f16f84e4f,graphhopper_jsprit
56067dc5908da4d78d587a68a7e59612f93dc953,graphhopper_jsprit
561150ad466ce429a7c1bb7b3bc0f7382497309b,graphhopper_jsprit
561760e1b3c69fc84ab338c149930a72fa4c190e,graphhopper_jsprit
56243f924eac44480bb850339f87c3e667dfb35c,graphhopper_jsprit
562a2ff74493c55021cfa0ac039c52648c9bb20a,graphhopper_jsprit
562be55ae6fc5820449561cb17c3a310ea2c76a5,graphhopper_jsprit
563165a512d642bc8462efeb0c21cd5f25cf29f8,graphhopper_jsprit
5635cd572b3e930c6c2eb24886252afcac955ca9,graphhopper_jsprit
5648630b0a0d1de1f710db93eb2b299a3530c078,graphhopper_jsprit
5684f1908f7f57b18aaa048769b912abc38fac28,graphhopper_jsprit
568d16d69992e3e59b398653b74bf52682ab6e84,graphhopper_jsprit
56dfebbda373130c66ab1f338c551dbf28725ded,graphhopper_jsprit
56e51d7efdfae4a4aa202310dbe7a8fd9b875fae,graphhopper_jsprit
56f170e593a3f7450ff751f4c8fb96a52cda6579,graphhopper_jsprit
571c5bd4dc9d1cdd814871162d3a80c9d7cf7997,graphhopper_jsprit
5720a0eae2c755f067807993bfed5a93d77cd79f,graphhopper_jsprit
5747875c26bdd960219898820e05e2586ea06a54,graphhopper_jsprit
575bdefd570bdf7ab73168050d44dca3e98868f1,graphhopper_jsprit
577f80dabf3d21c0672d4d009527a4475a2f2397,graphhopper_jsprit
57816d2d029fe92bac1625db169b071e7706d151,graphhopper_jsprit
579964fb72e6f96288f9bf625b3e4b3f7b1a278e,graphhopper_jsprit
57dc8b5220ec7a2cc7508ee7fb71715812cb54d6,graphhopper_jsprit
57ebabe407ba48f3efc21a738a837be2201e0776,graphhopper_jsprit
57f38c9eafbff6101e8746e9cae3ece13375377e,graphhopper_jsprit
582a6c0d0eb7b2cbb5f5a57e438da5a5df349ffc,graphhopper_jsprit
5842bd73a42bc00e9386dd9e6ca03cd575755033,graphhopper_jsprit
584d8a39b8c55692180b050f8c05bba24cebdabc,graphhopper_jsprit
58afc3590d151c349e015a68d43b20a77d16fae8,graphhopper_jsprit
58c9030b8a0bd3376dd81fd084fc42ef23258ae3,graphhopper_jsprit
58e3e386076a076e19cfa2ebc0742ef1bff5aaad,graphhopper_jsprit
590f2c187705a09a8238097be28309fdeb86cded,graphhopper_jsprit
59319ff3553feb6b46378b3cc0239c15d65d599e,graphhopper_jsprit
593cd5e8412e1d816ff7253f7b42c7d143d1b44c,graphhopper_jsprit
5954371789686f4affcad73f1a9a6ef2ff235976,graphhopper_jsprit
595ef67ae8cbb3f8711d4b3a343c600a9c9da2e6,graphhopper_jsprit
59740bdf8cc2e0ef2372028985dc05e7b236958a,graphhopper_jsprit
597619716778f0378b1790218eb319043559919a,graphhopper_jsprit
59add4a14a13c6ae700af41ad8ebc37b4cf2c6b9,graphhopper_jsprit
59b25d3d8e61ce635dcb4070fb8d571c631b4fe8,graphhopper_jsprit
59b3a41906525a1f397a211bc82d3b134db1bdcb,graphhopper_jsprit
59f0f63e198d03c9697c2663b4aaa9c51d7d87e8,graphhopper_jsprit
59f93526dc0f09b5c9d8062ea790b353aac16f44,graphhopper_jsprit
5a029193675a6773e0ad19b0f33cdf02cefb6253,graphhopper_jsprit
5a049d18c655cd8339d3789d7bd61c7a564ee808,graphhopper_jsprit
5a255a0a8e803b4513f260d6ce9f96c3058e9408,graphhopper_jsprit
5a2ccba53158a8e30911ee5bd5b018b0a9fc7133,graphhopper_jsprit
5a323509cf2d39b7814cca2935f10d95d93613a2,graphhopper_jsprit
5a5bcccd94c14a84fc41cfc2d78059b6ba3542f0,graphhopper_jsprit
5a792ee474a3ab2356fba69915422d53547dbcd9,graphhopper_jsprit
5a9372b6e21d20a113f5b02154980ce3e4ed8317,graphhopper_jsprit
5a939e1252a51ab26290652b9657ad9e9bce3f88,graphhopper_jsprit
5a96c58acada1a09a2d1a925e6b5c498ea1305e4,graphhopper_jsprit
5aa464b2a16b866872e80f3bb906909d7a10b6ef,graphhopper_jsprit
5ac21840b754b40eacb8610103f37e4bfc95e932,graphhopper_jsprit
5aeaa5f678e1f7defb51ed1148f613e11d80a152,graphhopper_jsprit
5b0857d6bff599214a852d1369c199264eb66e8b,graphhopper_jsprit
5b0efb61e782bb7a4f9347505ba4b97ad3617fde,graphhopper_jsprit
5b349e9a74ee8ba3df87a834ea9d1458772449c9,graphhopper_jsprit
5b4d47a546b6edbb5f5443206640da1b82a5ebf4,graphhopper_jsprit
5b556c461c43a5789752e1e6d7e0956d51a048b7,graphhopper_jsprit
5b8ca8e965cd532df09dbbd75daef39c71f37be1,graphhopper_jsprit
5bc63953dcc0b4a70dafa90f069237fa0e34c180,graphhopper_jsprit
5bd72e2bd9ef5af9f17961481066fd8958f8579c,graphhopper_jsprit
5c09534a2d70a40aa9b44789a2dff1e3e8fecdc9,graphhopper_jsprit
5c24a206804a1bf03d7c356d484203c51f15631f,graphhopper_jsprit
5c2c815540b471969e7b183c6ed454a769a3e2e0,graphhopper_jsprit
5c6325dab628b540f23e96ac96c1b4cf95a38693,graphhopper_jsprit
5c6ef8b8d365f9e450b2a954416d7ada47f0a534,graphhopper_jsprit
5c72b19dcb25f9e1c11ce211ca9ba009412fbd7d,graphhopper_jsprit
5c7b2d84a53b9a44d1dba76570f0d64321c12475,graphhopper_jsprit
5ca546d2a02556ae9951fcebc59acea4a9d8e76a,graphhopper_jsprit
5cae8ab514cee714d2f038aad1930d958b3fd98e,graphhopper_jsprit
5ccaf5d45bca8e8473ae0960ccb7857e61a5ce9a,graphhopper_jsprit
5cf6758085c3e777115f4d24cbf59b6800e1631f,graphhopper_jsprit
5d0a962e2426c9902130265ccc2d8852cab7aebc,graphhopper_jsprit
5d44ecccdc7152f304b3be2e738081f720284c6f,graphhopper_jsprit
5d4c0b14cdc20781309fe058a007557bd045c3cc,graphhopper_jsprit
5d56d2e09147029abdac002e3ffe6d99b09b943d,graphhopper_jsprit
5d7d662124dc4efd43c85fa1e62e241f95e6cee3,graphhopper_jsprit
5d80a4caf00db7ee2bac0cf8b850ce4b64c077e1,graphhopper_jsprit
5dae3ee5284d72fc838f8e00de727f84ed5e5c30,graphhopper_jsprit
5db8a26bbe61f4f1a92e98cd6035623ae9d6a344,graphhopper_jsprit
5dbb5ddae090847ab955c7259492a8f375c62919,graphhopper_jsprit
5dcbdeeefce805a7ccd4f1f6b391f455fe8a537e,graphhopper_jsprit
5dd4d0fcaadc59eb2472a7d0aea5068169700c5c,graphhopper_jsprit
5dd5d9433717ebdcd57a87f6198753ecf53821d0,graphhopper_jsprit
5df4bae67b01293e4e4440a6d2b671efa4403104,graphhopper_jsprit
5dfc7401bc5cd2816937d918f827553fafb852f7,graphhopper_jsprit
5e1159100957f520d78d97264e90ef0f9d95d300,graphhopper_jsprit
5e30a44f690440d7c86c992e00c886b99edfafa3,graphhopper_jsprit
5e30be6d56f588accbeb701122cd0519c77aa824,graphhopper_jsprit
5e3353e889498d9bd468adc8650bef83a9675a48,graphhopper_jsprit
5e3fd411227744c31831aa2b12bb6901c67c329a,graphhopper_jsprit
5eaa2887350a02148e45b10323f4dee2b0959235,graphhopper_jsprit
5eb77dba6a3776817e32d47aaec4728eb801dd5a,graphhopper_jsprit
5ee8f66c43a929563a08eea28743aeede3b85215,graphhopper_jsprit
5ef20f636650fbaa210044edc9bccebd6cd502d2,graphhopper_jsprit
5ef8ba12e971d922230df41893c571e0d46ca4ed,graphhopper_jsprit
5f0fee329bea1a48c6b2308356d2d02e3e8ae735,graphhopper_jsprit
5f3537982d40dc63f2b0f0fbf2a694da24bd22d1,graphhopper_jsprit
5f84caecca0d90c37d412038fcd4429a6be80e50,graphhopper_jsprit
5f9b9e1929e3cbbbe3e9962febec77d03bf46137,graphhopper_jsprit
5fa1cea6afb0a36fb4dec607e7a9733da8500f48,graphhopper_jsprit
5fa3f92712841a658ffd9fcd8fb8f0177d6078aa,graphhopper_jsprit
5fb4fd03a918efc9744d8683477cff332e7914e6,graphhopper_jsprit
5fb9b3c73dd85a7c7293ce8dd99498efbf384cf0,graphhopper_jsprit
5fc12d48ecefea37352e4c05049273fc76b2e176,graphhopper_jsprit
5fc214c22b456b27f9abaa428c6d915ceac7fba9,graphhopper_jsprit
5ff6d40d63a83258a855b7f2cd4b5bb3dbcf5ad4,graphhopper_jsprit
5ffefa16fe9aee21b7de4245057f6383b8e831ca,graphhopper_jsprit
600087fd33e55e38175513696e5724c2dd170c6a,graphhopper_jsprit
600e29f3536ae92a1eba11a52353bff56f0349f5,graphhopper_jsprit
601f485b322373f7fa3c32eaaadfa40a91a332ec,graphhopper_jsprit
6021da16eff2723ae34a67a67bb0656412f8455d,graphhopper_jsprit
602b7d8864f4fbe874e7ccd3654ee5cd9d6ad40c,graphhopper_jsprit
6093117767c7e2113527f035a3cfd3cc8beb6b4f,graphhopper_jsprit
6099a315ee344b4ff3935018105145f71d91fe85,graphhopper_jsprit
609c5a5f0fa7a092df74d3fac9878d9745001725,graphhopper_jsprit
60b8be66bc40da7a9b137637c459b97980c79920,graphhopper_jsprit
60be78483a36a0e82521cd6a308261da7ca3ec31,graphhopper_jsprit
60d1dcc4676e887a65676628302e919d01fd47e8,graphhopper_jsprit
60e730dc3a399f331dd9e9f8c30a6f10837c3151,graphhopper_jsprit
611d71f272f1f3e4644d8f5a5dd9891e0b0d74db,graphhopper_jsprit
61388a0dda82415bebbfa6a43e1024a57aaddca4,graphhopper_jsprit
61406bc70ec4042e9841f05650d8b9474e091009,graphhopper_jsprit
6143e73645ac5bc7099e1e90a9b4f52c85bc7844,graphhopper_jsprit
614b8b5e0110fc78984ca37e0b1b06f6d516a190,graphhopper_jsprit
6155354621ad4c2f61cd02c2839df69522e98de1,graphhopper_jsprit
615af5be22e98a9f8327f3b3519d59bce6571337,graphhopper_jsprit
6166c0ea104ab6116dba0844197c8c767dddb8d8,graphhopper_jsprit
616ba279647033e11fec5e67dd46ca7055919bbc,graphhopper_jsprit
616faa7d0d2818d13733ae7c5970bdef167dfa27,graphhopper_jsprit
619d11acae3b67654f4782b8da5d6e8a90ef58b9,graphhopper_jsprit
61e4120a06561a3cbab7bcba3fa259c852ed049d,graphhopper_jsprit
61ea7a2e0062d2389aa742bb9f07a2d368737108,graphhopper_jsprit
621ff47117fb18a2278a8b8903f82c6810cd9298,graphhopper_jsprit
62331ccfd9f470e1dd8b816823838a9d4bc4a13d,graphhopper_jsprit
623e89fb239b888b8f9a43da3be266f02d5023b5,graphhopper_jsprit
6252d7c1454566c0e430c99a8ad86da2994a7b61,graphhopper_jsprit
627c2184ce16015f4074719a9a3c318e191658b7,graphhopper_jsprit
62a9797cd15f236ae68e57a47342992b0c656407,graphhopper_jsprit
62e105751811c7efbf1ef856b664a38ff4928acb,graphhopper_jsprit
62e12d51532e3e79073b4eb579d1d9c975722177,graphhopper_jsprit
62e90c14ad690ade7d1b984bcc27e0ed4377d2b3,graphhopper_jsprit
63060f3b350e5c4462089804b52b02ad6d9cbae0,graphhopper_jsprit
630935d4d00ecac802d6259b3eb4bf74c006e108,graphhopper_jsprit
63270cd557d06ba9a233fd427569654d3099a881,graphhopper_jsprit
632a889c4b58348a36ecf92f654f5a47923fa172,graphhopper_jsprit
632ce5b5946e2aa498994c4bf7855f342c103db7,graphhopper_jsprit
63550ff80b74f16ce7aa5fa3e954763157f61ee3,graphhopper_jsprit
63660ac09088818c37871743e3c304c4e0c27db1,graphhopper_jsprit
63a6be219e6306cde9bb90075b19fc04a97aa46f,graphhopper_jsprit
63cd55ebb7683017bf32cef445bf8622ac6344c6,graphhopper_jsprit
63d4e26ebef7dcdc6c04998963716108dca648da,graphhopper_jsprit
63edfaa7ef45e6af1a7778a61db97109aa3e23c2,graphhopper_jsprit
640be545ebd758028433ba509c3da472f1aaef78,graphhopper_jsprit
640fe92bc22738c750fb25c7185073dbdd32cc30,graphhopper_jsprit
6429b500d0250d6d4b42b267ab685c5ab9b0bdd7,graphhopper_jsprit
6447067ed183fd30af7878a8cbdf2e8487922c5d,graphhopper_jsprit
64893c3e426de1996ea87cdd68a9310f5a6ed64a,graphhopper_jsprit
64b5d77267fd579a992090509c50c99f1f04c0b1,graphhopper_jsprit
64ed26e12e7dd89f69371443e06763aedcbd8d91,graphhopper_jsprit
64f0829e4aa3678069d0769a29dc768faee85c48,graphhopper_jsprit
64f2b0a083b9804250c2b939514d80aad8fb5b03,graphhopper_jsprit
650a20fabc2d7405f9861c139ddfc20f623fe0dc,graphhopper_jsprit
6519899e84b206d28437c74bddf379f7a384593b,graphhopper_jsprit
651b52530fcdd87edf5591f7a324e3f5c9309b07,graphhopper_jsprit
653abc5455b4eecdb526a974befc163c93488ef0,graphhopper_jsprit
653d745c179283deee53aa9bfbb0e9be40d8faf8,graphhopper_jsprit
6552632a70b4531fb784e73f2c19d1d5bd3ad74a,graphhopper_jsprit
65729f48a720735088f815420a9d342a2be77281,graphhopper_jsprit
6575b6d48eddbdd5a8386f37c9663862ddae40c6,graphhopper_jsprit
6579b1aa563b905acaeb6b59027897a092683cbf,graphhopper_jsprit
657f85e89690550bc82aaf38fb467a906816699d,graphhopper_jsprit
65b8fbd0dcd362d8542747951a7b22dec037ab01,graphhopper_jsprit
65bc5cbc4da0173f6182b6c566d34b84e52770d1,graphhopper_jsprit
65ccf2cc94e075dafa2d97b92e37bca2af5c95ab,graphhopper_jsprit
65e5b48afc9c8b5c84b57bec566a9bf96ccf9e34,graphhopper_jsprit
661aa9aa277aef96c57d7023a1496abd081b1017,graphhopper_jsprit
6632a2322d322c30a1f1c7ca84021b8737f9c3fd,graphhopper_jsprit
66360bc6aed517d93d65a3a285b21b5b674cc597,graphhopper_jsprit
6647c636b2cbb879aed344ea7f2385ca888dbc82,graphhopper_jsprit
6647f7f649c1d968fb5399fcd42b63e43dcc04fb,graphhopper_jsprit
66501b08ca53208c73e12cb25dd917184b03b94d,graphhopper_jsprit
665b4a8970a074608044b94bbaf63ad1937251b6,graphhopper_jsprit
6664fa03a4e08daf949f6fdc531df50d0bc12a55,graphhopper_jsprit
667db19f326d5aea2d30a0174c125508f66ed0fd,graphhopper_jsprit
668eecf93b03e50ef5f5840e931e8a1defc58ee3,graphhopper_jsprit
6691cf5ab130e52a969a508c6846b1cb1978b05d,graphhopper_jsprit
66ac6c163e31379de28035612ddccc77fd3934e2,graphhopper_jsprit
66df42ac2ee805f0f5b76d2c0b8528c8354f0056,graphhopper_jsprit
66e866aa76f21d01f4308f2509300394d0c1244f,graphhopper_jsprit
673bda36c7e903e8bf6b8711292547297b4e363f,graphhopper_jsprit
6750969700b33397eea774dbbbbc3e96c1af33e7,graphhopper_jsprit
675665b822e2b9588b539d10283bdd08740f06df,graphhopper_jsprit
6796d6ca7b15db6d26723b4f4bb3fd44180bff34,graphhopper_jsprit
67b4d576575f0166b185b1fa0c861e505d7cb183,graphhopper_jsprit
67b67b8c45069f36e30e7846237e7c76187a30de,graphhopper_jsprit
67b8ef5a9a4082a8c7c479f63323ca71eea7a6b6,graphhopper_jsprit
67caa0d624739ad38931f3a3f7a5866722ff16c6,graphhopper_jsprit
67db18b6dffbdb26fdb34eab69dd0b559a5c4c41,graphhopper_jsprit
67dc13d83604d2ad28faca975fd8cdb87602c542,graphhopper_jsprit
681b75ce0cd821193bc63f64f73e1c344e01998d,graphhopper_jsprit
682c0b5083deafe8bf8ecc2606a0000ecb520fbc,graphhopper_jsprit
6844a92e67210150b3e0ea85e18a8fbe79bac7df,graphhopper_jsprit
684fe11bcca47f5f463296acdea1e0f24b230973,graphhopper_jsprit
685a2ad6149d129ceb28bbad3d50b937ee2731ed,graphhopper_jsprit
68cddadc0d23b9813ab20ece2c9b00fa4e93e5c8,graphhopper_jsprit
68ebf95b2059257c41246ab51ae5d7ee314a5900,graphhopper_jsprit
69015048544633c6baa268aec0cb8821b058e225,graphhopper_jsprit
6907a894fb58f982467ac28f600cbd2923b9e8ea,graphhopper_jsprit
690bcb532a37b7afa06c83c50a7da9eca62cc9cc,graphhopper_jsprit
694baae04b17453a3355b6fb45673c7e2c35bd1d,graphhopper_jsprit
69537d109c866c36ec920f65652150b6a264685e,graphhopper_jsprit
695d7f3a07af62bb9b4e92ec105089a20f4c89a2,graphhopper_jsprit
69711ad5f3b642a3d823647a7b84b9480bce4fca,graphhopper_jsprit
6973950d5701dd70a3d4e5d5c1b11f79c0318603,graphhopper_jsprit
6974480c774db0e5c5c5070c2e78ea6fca150df6,graphhopper_jsprit
69951579a2b86e9303c6ec1281046542d18100f3,graphhopper_jsprit
699beb1e1e8221002826da6096dad80706659f2e,graphhopper_jsprit
69aee1660acadc666dce0954311d30df4727a5d4,graphhopper_jsprit
69b23e9da463a3c7370e4cbe594e121346eb7ab4,graphhopper_jsprit
69c3b631ba2fef7bca373ccb82f62515860bb119,graphhopper_jsprit
6a114b8f6ea6395f728d1d635f851dbb2733e730,graphhopper_jsprit
6a1631fc9adde838d760cabf797ca0c4a59154cb,graphhopper_jsprit
6a1983c931f111ed51d74b78e0447a577aa34c37,graphhopper_jsprit
6a291bdb18661bacac9874a34dfd576cd848a613,graphhopper_jsprit
6a2b05148d1b0fe8a2721f6f31a6ab521f5a3d7f,graphhopper_jsprit
6a3746a7dbdca60d1a46a5ecfc2e9124720c21f6,graphhopper_jsprit
6a439b470de79a9b9db0dd886e67213e5fa4739f,graphhopper_jsprit
6a4b44d7f6fc07d48be6fa5bca4de17f38df5ca3,graphhopper_jsprit
6aaa5689c55c05988b41f6bcfa6123c927ce91ad,graphhopper_jsprit
6aab6ba6f0b5b82c0600d49297e7b1f8d0efaf1e,graphhopper_jsprit
6aaf2fb6041be4e7895457471966a1677002c384,graphhopper_jsprit
6ac7b393676f8d77ce5c7a47460898a1c45f6a9d,graphhopper_jsprit
6b21db2d3f324140c875ef6102f34e070a946195,graphhopper_jsprit
6b3036c2eadefee36eeff0161d2312526337623f,graphhopper_jsprit
6b3f6ae8c83fd535415e38332cbfcf96d326ca00,graphhopper_jsprit
6b407c3b185f2c7c43d164a43e05f64a271f6fe8,graphhopper_jsprit
6b4656afff5a6677bd609f120114ad85dd0d31d0,graphhopper_jsprit
6b716779cf5d93452f478ab270cc666dbc12e0bb,graphhopper_jsprit
6b7c1f035b878904deffcc8771e3ca1a1a3f98e0,graphhopper_jsprit
6b82b90a7fbecc485aeb104d9136a376102de981,graphhopper_jsprit
6b8e4c8a7991632710cc85305b01403d80acee7b,graphhopper_jsprit
6b94da291f1fe8662f220bdea3254eddadf04351,graphhopper_jsprit
6bb61378d2d457d3c8cb7b4bb173104c521eff86,graphhopper_jsprit
6be32f6305a7b62cf4aaff12a9d7d2be04c8e042,graphhopper_jsprit
6be5a7d145639c25329cda4993eff05e2405d1f8,graphhopper_jsprit
6c1483c04ff1127049db739ab2b62a76038fc33a,graphhopper_jsprit
6c57c8502d633c04c52a35e9212f789794200ccd,graphhopper_jsprit
6c599afa8122bec179c0495a9eec5b4c491b2b26,graphhopper_jsprit
6c7e950b86ada3c1806d3d0ad1e04c0b7fd8ba85,graphhopper_jsprit
6c94e8609d5d3dfae3f1928b07552239b8bd65c7,graphhopper_jsprit
6c993a4abb150e0c5e3133101f753dba83c63e0a,graphhopper_jsprit
6cacfcddb119d4ecdafc67662963bef1f923678f,graphhopper_jsprit
6ce0ff7ac1a3b164adc9bba66d70c649b311f132,graphhopper_jsprit
6ce5d2519e7c833bea7e9b189f7b3bce7d2c0415,graphhopper_jsprit
6ce6778c9f071cc88931eb34e0ac0f9c73c683bf,graphhopper_jsprit
6cf2ac2d5679cde50d62e47ee676ac1b212d631b,graphhopper_jsprit
6cf67f7ba06b423a952ae6667c177ce09de3fc82,graphhopper_jsprit
6cf6c5fd1f3a207eb2fe8003bf8c30d97e941a88,graphhopper_jsprit
6d0f0c38b399253685063ae7bd77a5ae60798ad5,graphhopper_jsprit
6d4f26c5ae5934ac986530e9420f391f1f467fea,graphhopper_jsprit
6d7087f8ca750b268cbc1305a0f5e281856a0f79,graphhopper_jsprit
6d80d5d75c2f61935f96e858ec18a7c7fa3811e6,graphhopper_jsprit
6d9a7ffb1b2ac4d41db30e588eb534ed67bfba70,graphhopper_jsprit
6dbc35e3504a74594b19f5a224686ba152ab78cf,graphhopper_jsprit
6dbcd7431ac033fdda3dbbefca986710364b4c98,graphhopper_jsprit
6e11bf5948a05ad03e58cafe17e34e731b334ef3,graphhopper_jsprit
6e13ce07f05316599b1ec3692a14e70dafd06a93,graphhopper_jsprit
6e2a86481fc2c5ebfd791b23ebd4c75aa6a89cf3,graphhopper_jsprit
6e315bdfa9cf69999fade7ffdf714da0b075e5f8,graphhopper_jsprit
6e31a942ac2e14bf7333547ec0e98437beb43b27,graphhopper_jsprit
6e390b01055b03789a4f729644417fd756cf8846,graphhopper_jsprit
6e469079e5cac9a4122f59ed0b4accc9a07ca0d9,graphhopper_jsprit
6e6218812e3de146069be318f5f38254aefb060e,graphhopper_jsprit
6e6deef5774f47d2db409a8f124676fd3b8e12ce,graphhopper_jsprit
6e9b3eb276ceaab37ca14ee8b19e5729ef5657d7,graphhopper_jsprit
6eddbbbef700de52ad6305491e076685dfd029a5,graphhopper_jsprit
6eebb5b86623cf0b584a528df37fa340171e9127,graphhopper_jsprit
6eee38d2fc7360e855b0503fb5a513c82227d1fc,graphhopper_jsprit
6f10155923a5d478ea58b4fd22ecece0e8befee8,graphhopper_jsprit
6f1d65e2e936460870af900e1638c55de93959ea,graphhopper_jsprit
6f2baa3178326cf24eb387b4a052408695998c3a,graphhopper_jsprit
6f533d8f20de6eb25ed3243d45b11972a17fa202,graphhopper_jsprit
6f7a419b7c31fd30145e91bd668f7e721dd471c5,graphhopper_jsprit
6f8eb38dbc1dc477fa8320dfb4eabd5f2269ca78,graphhopper_jsprit
6f92bd027d86b0ca0b63d2af70784c3960c04c73,graphhopper_jsprit
6fed884f36835718bcfb23d7cb15dd7fb6b7f55b,graphhopper_jsprit
6ff58a417c51ecd148933780eac3c47006155cf1,graphhopper_jsprit
7011ad8c8e9c4b0d6c197347967217d28e32f660,graphhopper_jsprit
7016f3baa310a472be64ba55f374271d29915ce9,graphhopper_jsprit
7018115c17a99d4b562df2d53aca17a20a3305ec,graphhopper_jsprit
704f3155dba7e50b447863c28c4a69f73f7df874,graphhopper_jsprit
708354460cf859c5fbbf413752fc2d560634b01d,graphhopper_jsprit
708400a34a4fb780b48122cf25be652bf2d61f0c,graphhopper_jsprit
70930adac8849fcd9f739c7c89b57221fa9f29b4,graphhopper_jsprit
70bb2128489cdedd72df3ce2cac6d475031275c4,graphhopper_jsprit
70cb2d8b3a79281df889012d5e585a7a33ffb694,graphhopper_jsprit
70d6ae17974fca568f27ae8d0dae64812efd031a,graphhopper_jsprit
70da6130e1910e01b03259c815839cfa9915bf25,graphhopper_jsprit
70ecd203e3ca26a44a0836b94ca31534cb83643b,graphhopper_jsprit
70ff6a83d7cf127111f14b683dc722b74a90389b,graphhopper_jsprit
7108be4a7047ac2930a44f12c70c377e820aed1d,graphhopper_jsprit
711c291b9b0e36952752739d7bbd58c97f99064d,graphhopper_jsprit
714bc9d4af27fe58be97c8074c39b71d8ebfd961,graphhopper_jsprit
7166ac25156c576329cb9856531fd95ceb393893,graphhopper_jsprit
718318144a1f9a3f86aaee1f5fc3c45fe74c995d,graphhopper_jsprit
7184772b763551823fc2968fc5afeb094719c244,graphhopper_jsprit
71a3cbe9a89a0e1f3311a3b5017f7abc1066f1cf,graphhopper_jsprit
71d97f2234c2af231a963296b2dcb33197e7485a,graphhopper_jsprit
71dc090c965461350008f6c5f93e702f347825bd,graphhopper_jsprit
71f19d9fbe5e7b567fb1d455f8b4757607228e4c,graphhopper_jsprit
71fbc8ad386e3c1bead9680df8def8b1680a8449,graphhopper_jsprit
72125218070e7ee50061008e3ea955f74de0e4be,graphhopper_jsprit
7234e12ec706a4eef58ce180a9ddd2f0a72cd160,graphhopper_jsprit
723b149f524ca9b96cb0a9deaeb506c3f0e00a8d,graphhopper_jsprit
72517338035ffe0c93e12ec3348ca0d1e368d445,graphhopper_jsprit
725e95414fd1fba12467604d809af1b67ca73837,graphhopper_jsprit
727ce349e36fac2bac84c91e420aeb2994ce526e,graphhopper_jsprit
7280e343ad6b590b71e67719fa6c3eedba6e240b,graphhopper_jsprit
7285282e654d3e20888ea3d67594ccba7cc10670,graphhopper_jsprit
72a8cd348fb854dc0ba52832bcfb26d0902832d2,graphhopper_jsprit
72b72da0317beb46cd0506fd607127c4b31aadcd,graphhopper_jsprit
72b9d7b92c315a8fbb4451d181b6ceba019f4c19,graphhopper_jsprit
72cfc7607ff5fc19c05145dfb2ebbcb6a0997628,graphhopper_jsprit
72d2e43d007669af656bc25ec507b3d2e75784b1,graphhopper_jsprit
72f9cd70bacb72f9ba9c17fd80f6e6aa38d355ef,graphhopper_jsprit
72fe4c042f8210bc94cdd366f4a2ea6b63b8c121,graphhopper_jsprit
73021253de0d6ebd434d259ec3f86bb799164d65,graphhopper_jsprit
730426eccaf03e0ab3fa5da44646d5f2da91160a,graphhopper_jsprit
7310c7e679fc7a752e2a98eac8447738c0f756d9,graphhopper_jsprit
7345989dd3e3a5ae37e5f03135129176841b9286,graphhopper_jsprit
7351a05730955232679423458a34898439aa5e5e,graphhopper_jsprit
73564e465cff475b8f0eeb8d81186f1e2960d7a3,graphhopper_jsprit
737ca0fc9464420dcc136f7152bd80993872347c,graphhopper_jsprit
7386ba73098b19ce4020beb2e10a0c52db5661de,graphhopper_jsprit
73dfe5461df6a96238d284d0666eb772cfea3f23,graphhopper_jsprit
73eb5b3ddba508605b30d05e197ed0bbb84e1388,graphhopper_jsprit
73efc7ba0b4e9a937c452e18b1507c2133d863ba,graphhopper_jsprit
742dcf533b7280616b1ac11dbe3d3cf5094971da,graphhopper_jsprit
7450b74a4a48ea5cdc78d21f8a12520ad664f8b4,graphhopper_jsprit
7450f476b6d93662ba38e4631415bd9a538f3709,graphhopper_jsprit
7453fafc652e2dccffd11d3d71495a06deeece58,graphhopper_jsprit
7461f4b36a67704be0d1f36ac0c075eea3a4c77b,graphhopper_jsprit
74c3c6839bf64b6bbd73814397b06137be386a79,graphhopper_jsprit
74ca4884dbe9302d166593796d0ff02457db9868,graphhopper_jsprit
74e6945e08382570dafce296685eb0dd291ba9eb,graphhopper_jsprit
74e8912087dcc104f83e77276b8becd8687b1aa9,graphhopper_jsprit
74f653ea83119423695417722bddbc7c66840199,graphhopper_jsprit
750640ce4d67bea245746f348919f6916d1a07e3,graphhopper_jsprit
75108ffc9039336e4c3b8d2f2ca583da1e64c91f,graphhopper_jsprit
7522b5b89d4bc4f158420fd60824a9c222b18052,graphhopper_jsprit
75417e57b23350857fdfcdd9e9bf89240e81b191,graphhopper_jsprit
755a16976da67c4b3fd357474d2320812f76fd9e,graphhopper_jsprit
7582c5e038baeba3748ab1c6789656b6a103cffb,graphhopper_jsprit
7590be97948da47eefed61413c27f2a70b6ff434,graphhopper_jsprit
759359b702e53ceb5231c99ef6ebde18177a3837,graphhopper_jsprit
75c54103ad58db5ea5bffe401520abc53bc777c7,graphhopper_jsprit
75c5d21465dc5b9978f014055b05cb670ed483b0,graphhopper_jsprit
75e7f7721d6859293412d10ebb687c7f9d5f72ac,graphhopper_jsprit
75e9b6f9ddb076cb488556b3a9b4c9cb1dec28d2,graphhopper_jsprit
75ef5f245d9a4c8d68bdebc68eb067c8f9b77ce3,graphhopper_jsprit
760312fc7edc1711f1b4c7201b9ebdfcaa527e52,graphhopper_jsprit
762098827364a37c2aa25250a0e897a2d2e777b7,graphhopper_jsprit
762e00099bfbf0e4fcfd73bd103a9c69048e7735,graphhopper_jsprit
7661afdaa29824cbda48a3999c14dd52ca180b94,graphhopper_jsprit
767ac2019f09e417100573ccb9426a07e610bef0,graphhopper_jsprit
76902b4c738a761a1cae500f67b3f096b81293ea,graphhopper_jsprit
76aa6938db31d07664628e84b2a03b456de6ed5c,graphhopper_jsprit
76b3ecc8d077dd7f3068f671cc815c96f548a459,graphhopper_jsprit
76bce6b3dab5cb92ab70cec41e43b186506d2774,graphhopper_jsprit
76c84ff75e7a03ee09203dac6da88a75206cfb17,graphhopper_jsprit
76da6aef59dd99e265bcfe94c10afb45cb30ae92,graphhopper_jsprit
76ea79bb71f15c6db3c767f18bbe09efcf7217e9,graphhopper_jsprit
76f43ea68ef0330c2ad6c82d9e337591eaaec143,graphhopper_jsprit
76fe48a798564d9dd8d1888f1f810cd1f1076e0d,graphhopper_jsprit
770b4f8bda5429ca1f85f97fb149160d1e5ecef2,graphhopper_jsprit
7720b373c46235f14b705316bde01ba3f70c5f25,graphhopper_jsprit
7726da0cc199ed58e37cc1e606b1958f1943fad8,graphhopper_jsprit
775e098688ced0ac597e53c4c9337369cc91fb7b,graphhopper_jsprit
778b141c3df93470dbceb34ed727b1fd7773f78f,graphhopper_jsprit
779be01a1fc10d8cbdfcec3b8bd28612da3d7d75,graphhopper_jsprit
77a2449b789d874ede2872166260f9f8f2fdd5f3,graphhopper_jsprit
77d14ac0eea32e19f671eee960944134a9526fea,graphhopper_jsprit
77d38de4610b38905d3bae38f63042013a260c35,graphhopper_jsprit
77e7b89d49563cd4f79f36037773c23fb865cc75,graphhopper_jsprit
77ec47cf2adb272a25101339005b0a364b57c6b8,graphhopper_jsprit
77fe628c004862817317ba52a12fbe612c9bb991,graphhopper_jsprit
7805a89907d23d0800c694c9c5fb182833b59ab2,graphhopper_jsprit
780f2a13a914a0f57512a3eccaa30bbfa15b4604,graphhopper_jsprit
781bacb2d1aa8c2180b616619026af4f360d707c,graphhopper_jsprit
7824653f1686953663d6f15a3b3dfca35c52212f,graphhopper_jsprit
7834e66d7c742cae107fd4979dd8b0b703bff5fb,graphhopper_jsprit
78405218bb0e3918db6c811ee51c2c289697c6c2,graphhopper_jsprit
784d3d6a047d6bcea55c65d0e825f94efd6a50a3,graphhopper_jsprit
786e74f2dae2408c265b5889cf2986bee86a43b0,graphhopper_jsprit
787a6835fac4ebfb60ac227d9c7cb6d16bf9ed3b,graphhopper_jsprit
787ad50298b7f618483dfe5169b1de48331bc8a2,graphhopper_jsprit
7895a5bcf5252762d05fc3751c36f0735b492309,graphhopper_jsprit
78ce3201877d956d9f43212a18b0559b8177960d,graphhopper_jsprit
78cf643384361c154ded0f959621153d0d73645a,graphhopper_jsprit
78ec852f8608257f8149b9a72a4ad52bc05d9871,graphhopper_jsprit
79140768103110daa9112619ed439b7ed766ad43,graphhopper_jsprit
794ce90e6a5f419c12b90bacf4f0895f8903f208,graphhopper_jsprit
79ac22f7f4daa80c1cdae05532ff292f928f617f,graphhopper_jsprit
7a28c8b848430c9b2947ca1e48bbae497de4138c,graphhopper_jsprit
7a30aba0affc5efa5cabdb85c4335fbdf7595397,graphhopper_jsprit
7a42cef1567e0cd65b42a705e9862d8e08d283a7,graphhopper_jsprit
7a510fbe60efbc436a358b02e754c0fabeb736e6,graphhopper_jsprit
7a5f1052df839e8c2c3cf0400391d26b5ea4c640,graphhopper_jsprit
7a7ce8a604101443dfc5517e2174b0e8b9f58c96,graphhopper_jsprit
7a8cb078aa8fb0970944a4efc6a2ff00b65aafc0,graphhopper_jsprit
7a8d9ee841933db9f145731545faa2f7101e1129,graphhopper_jsprit
7aa8189cabbfb0bff79f5a0e96cdf80a6b39c1af,graphhopper_jsprit
7ab93cfec9606b93a78c823e331e1ffacf701ce2,graphhopper_jsprit
7ae5de35924c88f16a22b96ff99a9ad2c621b970,graphhopper_jsprit
7ae626fd867ca65fc866fbe3223a1d3cf475d10e,graphhopper_jsprit
7b0aee9d4be119721e6df9e32e065e132f1a0642,graphhopper_jsprit
7b1a2bd9b0def52e641b46fa213d2ebadd76170e,graphhopper_jsprit
7b1ce08e626eaae36fcb1c479ea8de96fd75a663,graphhopper_jsprit
7b40afc72db12d5e4560611d20d1fac245ba502b,graphhopper_jsprit
7b4731d4c67348bb7b262ad1caf62c9d862085a1,graphhopper_jsprit
7b578d3ce6786a21999c825d10fce49ba2e0c9a8,graphhopper_jsprit
7b66c23d8d2600fc3b0befbd57e428f17bee7961,graphhopper_jsprit
7b77d4b82cf018a96824f34d83f38738adc4b2d0,graphhopper_jsprit
7b851f420d7f23e34f4569219251d1b808fa19e4,graphhopper_jsprit
7bab058b0b65c5f8ee6aa9b9511cf61adfa5b698,graphhopper_jsprit
7be8a408f1e602e7dedcc98208faef2e47289485,graphhopper_jsprit
7bf175878c33c0ec8b9c8d217cf0da169fac23e6,graphhopper_jsprit
7bf3f5698de414d588aa4d8e182d3ed9342776e6,graphhopper_jsprit
7c020ab67b69750576ea3e4cb74e4ac271ce941e,graphhopper_jsprit
7c298f5e4d208f9052c44ffd525eef47e2d5c8c1,graphhopper_jsprit
7c724d9c799d5bafd19a057e4ee4c0b384e91c48,graphhopper_jsprit
7c73573fe4635d08d079027ee2d05ee81c87a06b,graphhopper_jsprit
7c80b2c90cbc515d1e758f8dcbb7e90440330b96,graphhopper_jsprit
7c9045eeadb0d9be18bcb3b35f572a84e683aebe,graphhopper_jsprit
7ca1665dfb1ecb15615b39942ebc4d5b047f141c,graphhopper_jsprit
7cb0c694c78ef69f483b4bfd04ac13c1f78412cd,graphhopper_jsprit
7cc8cf18386bd1493b2f9598ee0eee9b4195bbd0,graphhopper_jsprit
7cdeec29010ec1eca7c26974adf5efdaee378e3d,graphhopper_jsprit
7ce6a8d68a0545af50b9bcb6b7a23da6556d5f0e,graphhopper_jsprit
7cff3c58eccfdc4fa787d6acf50fff350f1a8875,graphhopper_jsprit
7d11224bcd18d564434e60371d7d0ce825d98eea,graphhopper_jsprit
7d2881f4c17347409dc6745aa07113226e4251fb,graphhopper_jsprit
7d56aed4c5aa7d73527d996c606985d5d0c316d4,graphhopper_jsprit
7d62b38c679bbcce1225d04e9a77629ab466412c,graphhopper_jsprit
7d7efe40fb312211719e5eab4d8ad08ed9687407,graphhopper_jsprit
7d8e32fc8d556d88fe48da41a88a53ad92cf10fb,graphhopper_jsprit
7d931152f2d43f38009bbd869608d3a2970e7946,graphhopper_jsprit
7d98cb971f308ef0a8da50b6c6de6fd1dc368754,graphhopper_jsprit
7e00f69baaaed13800fa03641c58622c2ad36e1e,graphhopper_jsprit
7e26a1ec014343d5482091a91d2a4eae920e5742,graphhopper_jsprit
7e39d08e3dd850ee36fb36c7ad6aae0f7c94640f,graphhopper_jsprit
7e7dc42805600f7bc6b54155c9edddb963544b17,graphhopper_jsprit
7ea5c5d650664f3d1509f5b80f9fced2c4de535a,graphhopper_jsprit
7ec9786c2b0dcaf5ab68071c791b1befcb89b737,graphhopper_jsprit
7ee1444a3379dc1287b0d4a073bb760cbd075c86,graphhopper_jsprit
7efa5bf8dba5a6e6d7ed61b31ff44942aa08de47,graphhopper_jsprit
7efc00d94474ae59026ce0172a05e6b959d7cb0f,graphhopper_jsprit
7efc71d7b5b9fa21f649cf1b58daa6e32a970542,graphhopper_jsprit
7f259decfeeb6a0ac3f2403c91c7d5dd9bcf27cf,graphhopper_jsprit
7f4bd537f32e019efab559dd01dbf127a995c6a2,graphhopper_jsprit
7f7c9191742b2f10e4dd05fa15a6705974f4da97,graphhopper_jsprit
7fa9cf4f8262d4f9582501be7d93f2e742044b82,graphhopper_jsprit
7fc7b8a11ce31262e299a8e0d48cda0380c24dd3,graphhopper_jsprit
7fd1f9016420649c60e67814b2f38bbc12904bb8,graphhopper_jsprit
800112b3d6d7f37e27d8a3cb95fddf26a48c6577,graphhopper_jsprit
8004676211a3c90d9bea65c2b54d0140e50c2a02,graphhopper_jsprit
800e03d48cd87cbb79d4b81af76f842bb5e9ed5d,graphhopper_jsprit
8010e0f2c22d10097a91e9f6b0c747a2eccd27bd,graphhopper_jsprit
802a20a90c9fd0361e55a9d114eef60cc61f7698,graphhopper_jsprit
80317b2fb710c13aeb918386b9aacd748259afdf,graphhopper_jsprit
8058ea7cdad15ab00e67cee3f31f39d4f7d7b479,graphhopper_jsprit
8066a353d9c80be5ccdb61f5f3af5ec2f5910b42,graphhopper_jsprit
8076d463d77a9cc40b74842bc29a08f2c86260f8,graphhopper_jsprit
808413f989347a7980eceb2d562699412633fb08,graphhopper_jsprit
808c4f8d0a99d0b16e0beb789b5ac8613f1fd460,graphhopper_jsprit
80b77f1a428c2262c41c4fdd864146c1c4491c8d,graphhopper_jsprit
80b871706387d9fe55c35b89488ce83216c5579b,graphhopper_jsprit
80dfe008584943020d7c03db6426c6c31a9b8827,graphhopper_jsprit
80f9f9fa8e678bb7f1e4c69ba045349abe49764a,graphhopper_jsprit
813d3dbfda9c211a460cdc035758d98594300123,graphhopper_jsprit
8143cf577779dde532b7ec22428741970694e5d2,graphhopper_jsprit
815d459944c45f4a306ada2c2535a6ea88fb315c,graphhopper_jsprit
81830c59783bb075db7e20dfefe535e8030fee7a,graphhopper_jsprit
818cf7aaba0230691e9c64f83b4dffd30e8d5c15,graphhopper_jsprit
81959fef1f4649325a1d67f6019ad7610fb811f5,graphhopper_jsprit
8195ef061885c833ba3250b9dc1c318459c2565e,graphhopper_jsprit
81a7b34b0445bac281f142bcfeb1353affe8fb20,graphhopper_jsprit
81aaaadce25c62a038eaef94826ada67c0668c0f,graphhopper_jsprit
82075f128f234cfbd93b86befe7c08f06dd26a29,graphhopper_jsprit
8234ff863812d7308ea3a709cff96d4e171a39ce,graphhopper_jsprit
823ae77fa4603e033b01dbf95fae461bbe007133,graphhopper_jsprit
823e56d9069fe742a2dea22ebbecb263bd8fbd4f,graphhopper_jsprit
823e57d62dcbe6eeb906a2761c5e5ab4b147976a,graphhopper_jsprit
823e8a6a4d507ebc597e18dee6250e477a78cc3d,graphhopper_jsprit
825472d755c53ff074a65bde3bd5d78a21e8f435,graphhopper_jsprit
82565b4416ad6cceb3f19fff80ccbe7cada4fef0,graphhopper_jsprit
82713d76d1694740b6c640ea590ec87be7e28008,graphhopper_jsprit
8272554e8e6b5a9cc7890da2272a5b4d3f7716ef,graphhopper_jsprit
8283a416c153fa5282194270d3c54d7b60d406f9,graphhopper_jsprit
82899edc97379479469c06ac0d32ed724421f7dc,graphhopper_jsprit
82a1a1117d5d578bf0ceb7b9728653cc4e60bfe8,graphhopper_jsprit
82ac99fbd7b00fd15b90b6fa0d44431ef4676e6f,graphhopper_jsprit
82bbd83598475de94e73b28b681ddb1631570970,graphhopper_jsprit
82d5befb3132e372b4029f46763bb0431cbcff0c,graphhopper_jsprit
82dd341d748a1839615c1a0d0377e5aa8802821a,graphhopper_jsprit
82e00c40e57f2784389abe9e8a0d84ca0c684e15,graphhopper_jsprit
831d97220d7606c061cee7c905c0c04cd8501a61,graphhopper_jsprit
835f5e3bb97acace12015e63d27de767860f8fa6,graphhopper_jsprit
83a02a37e66ebaa98938564407bb130ef403ba3a,graphhopper_jsprit
83ba99cf6e0e13b168dfb14582f4761b736b51aa,graphhopper_jsprit
83cc5ef1fc36d01fa56d3c7240bbf2373ed1408e,graphhopper_jsprit
83d2af8f3acd8838fc3852bdf9fcff9b7485c75a,graphhopper_jsprit
83e142faa5216b9b040e30d4c75bbf2f4c15eb19,graphhopper_jsprit
83f26f10bb581f99f348a4e4d34c721ed9c308f0,graphhopper_jsprit
842067231dc4c3a98c39dc5493015087d42c4843,graphhopper_jsprit
8422b840a6d5514391a464f55dc93b98ed25c373,graphhopper_jsprit
843bd18be238206e1c8ff9e28b78194d07fc7a99,graphhopper_jsprit
844f2e1e1b6c2364c90f5e0e92b9290544e43103,graphhopper_jsprit
8486841884332e59b27305f4c3b7f21d66954864,graphhopper_jsprit
849b325ad2522310bba54af2cda6afd583a20bcd,graphhopper_jsprit
84af03506bc84348027776fccc07bc01abd82b31,graphhopper_jsprit
84c669f0d4e31866a0b54003a666513724f212e1,graphhopper_jsprit
84df5bf5b6b6475d44d1f2ce6eff54c754d8fbea,graphhopper_jsprit
8505d0dc4866f67f831ac29a3453ee00f5f83247,graphhopper_jsprit
85072422163cbce84499903d7e93fb12e000d567,graphhopper_jsprit
850c1c1e817dfb1932db2fcd009569d50df16710,graphhopper_jsprit
851f0f98615a8726a41cf39f31ca1c42ca22b370,graphhopper_jsprit
85548b538e7d996f16aa27ef2453cd24790c3437,graphhopper_jsprit
8566b8cdacb59cd2d2397d977fb67c51cb164af3,graphhopper_jsprit
859559c2705859d09e1d5e86a683f69ccc60c24e,graphhopper_jsprit
85b7392dee9ef10645e956a18d392f8101d8023f,graphhopper_jsprit
85bc733e69f98de70fd948ded9a6a3235a168315,graphhopper_jsprit
8607cabbca4a34934b69d40952469aabb9923938,graphhopper_jsprit
862341be7b2f7762dc406d2c9f9f408e66f4bd38,graphhopper_jsprit
862ddc4d45842961f5e1ca54758b3c8beb5f9138,graphhopper_jsprit
864f6ae556c6dbd6ee5e01126fa6ad8ac2a49cd7,graphhopper_jsprit
8680c7ecaf8af780a1fdf55aa9cd503704e9b688,graphhopper_jsprit
86873deaa7d6fdebc9e28a943d844ec493773f87,graphhopper_jsprit
8696f5ed2556c7d1610477db8507644fd1ab98bc,graphhopper_jsprit
86b914d174fec0bc47bed1a34ba1aa3cf16977ef,graphhopper_jsprit
86c168e4283e4142b05707193f997bddc3fef20b,graphhopper_jsprit
86c90290415d1936a0b7a9bc7309af62bed26b98,graphhopper_jsprit
86cd1bb0d77b8f4bd98cdde9a62bfc1aa716063a,graphhopper_jsprit
86d47954f6276958d31ce76808c7b42311262c6c,graphhopper_jsprit
86d4e60b9667d92ede7186e448a73675a6bee51b,graphhopper_jsprit
86e94574d7e5166255360b1b4253db3ed9eade11,graphhopper_jsprit
8711c45f7416c609a12447155665baa0b69d6585,graphhopper_jsprit
873173dad145429042eb894b303c57ade25fbb16,graphhopper_jsprit
874b01d3e549202774ef2f88c816a90e6ff1e260,graphhopper_jsprit
87599c627feee10f3fda5480051c8ab64219aeb9,graphhopper_jsprit
878442fe8079678dc47cf09af6c7f74883e8e47a,graphhopper_jsprit
8786eabf10c10da4c023d52175b1bfa40174efe3,graphhopper_jsprit
87977db6a04301cbc212d69c4d38eee9abdd4a3d,graphhopper_jsprit
879b279a38b780d91b5dae9725119bd163b07b67,graphhopper_jsprit
87bc74e1801ca56ad6b4e46a5dd3b3c7f32e98d5,graphhopper_jsprit
87d23e85297d3298cf990f781c1bfe92c57a54c0,graphhopper_jsprit
87e933aafc0b48d178c8a8a16aeee58c1a0049bc,graphhopper_jsprit
8856717bf719997f6972ed7e194bbbc75568234d,graphhopper_jsprit
885eab5eff37267fc4958a1e20c0886cf8f0f6b5,graphhopper_jsprit
886890a39a206acecbb664399a149319847a1d66,graphhopper_jsprit
88b15fd448dbfa745ee7842d6d34ce7f27b13cde,graphhopper_jsprit
88c884734f906bb0bdf286058cf76904358907e3,graphhopper_jsprit
88ee38b2290517f940e3097464384768e36e5e3c,graphhopper_jsprit
88ee91370d07e09f3d156e162ac20657b1576e65,graphhopper_jsprit
88f9c921a984955736bc93ac90a663c3660650d2,graphhopper_jsprit
89025693c8178d1a802ac14a68968e7ea7c7d39d,graphhopper_jsprit
891b0083c6e767a8629d919121e1b0cb76a94239,graphhopper_jsprit
89247ca9e8b042e3fe557352d0de613f088ca189,graphhopper_jsprit
89350be1e4ea94db1dd497997c583594bd96f642,graphhopper_jsprit
893aae83f0fa7fefd77f5eaba050b41b84f2bf18,graphhopper_jsprit
8946e130c8316329b4b19d9a85aa841197f9edc9,graphhopper_jsprit
8950d49e5a7f2d7d2bba3d17eecea8980ab5fe6e,graphhopper_jsprit
89570ad2e5712af1de3feb740aa227d4bd52a853,graphhopper_jsprit
899c5bb59cb55581de6bec1ac27dc56bd9ddf52f,graphhopper_jsprit
899fd78ad0991e00813c5b1f313be8f6c78253ce,graphhopper_jsprit
89ba3ac2af0c2d58906793ea5826d706e73d8b87,graphhopper_jsprit
89c1562b605baaae12aa6353de04cee79620a725,graphhopper_jsprit
89db60f302714a7b0549d53a26ee85d8c5754067,graphhopper_jsprit
89e2ca0052b4dcd6521b3453496d9f8a5d714c74,graphhopper_jsprit
89f864492f7539221a2ea8d10b78624dfe30dd67,graphhopper_jsprit
8a2589e4f0659267654f2c0815e85bca4d7fe04f,graphhopper_jsprit
8a5c1cceed660b70addf880592fb66c7708b9dad,graphhopper_jsprit
8a66485fc63b416a1eae155896aa7b26192ebf62,graphhopper_jsprit
8a8e5277b1d860aee01b1234cb84a374fa4eea29,graphhopper_jsprit
8aa27517af4b48577c4692b56505cc51e14393a7,graphhopper_jsprit
8ab2a10afd750f049c7a9071f296c7513cb3bbc3,graphhopper_jsprit
8ae0d381b3e165f09125b3152f0c21f6ca02f05a,graphhopper_jsprit
8aeb4ac28928f13aa587969586a3433dcfa95c19,graphhopper_jsprit
8af268b1dc9c98e2b5e580e6ad1321d35164fa14,graphhopper_jsprit
8af8024d66e41233957eb70378d23d645505a49d,graphhopper_jsprit
8b01497cfc2608377caf75fa073edd9b37b4d928,graphhopper_jsprit
8b16bc215dbd69ae098fca025665f2cc5c376633,graphhopper_jsprit
8b41c8d2d0056be63bf8fefcdec043cf745eb29b,graphhopper_jsprit
8b43b68df0baaece7050cf93cb20b91493f902b5,graphhopper_jsprit
8b43ff28ecae913c8b1ecfdaa80bb4b9c4c1401b,graphhopper_jsprit
8b4f3af6be00d4dd7931c866b1726efd238684dc,graphhopper_jsprit
8b58706cfe91f50fa39cef3df8d708a2a08d285e,graphhopper_jsprit
8b5ea067e86b6437974a9030b97a2d67942588b9,graphhopper_jsprit
8b75937ca881a42539378d577c5b3225b8931b13,graphhopper_jsprit
8ba60c061bb72c330d09b566b93e2318a89ce655,graphhopper_jsprit
8bc366d08cb4c6f3752ef1fb58f963fe36b48782,graphhopper_jsprit
8bd825cd816b0dc9470be15643c4b52f7b66b7e9,graphhopper_jsprit
8befcc1f27ea99e459ffad80fb4f949e146ea43d,graphhopper_jsprit
8c18d07447c5ec98da6ada7d65b04c020c8ac75d,graphhopper_jsprit
8c2e3ca2109293ae2677ec8c62c37367a58ea912,graphhopper_jsprit
8c410bef19ff3c7c9d1d5def739b0cb9b0501581,graphhopper_jsprit
8c70aead6a7657704a9c52f9c8ce29c76b26fb61,graphhopper_jsprit
8c79d379c2b2b156348d10b625fc9bacc42a1c46,graphhopper_jsprit
8c8d798cc1fce9da6717f339dea4a5937ccf0016,graphhopper_jsprit
8c8f04193389274eda4e4b263dea12c54c278832,graphhopper_jsprit
8c93279364b8e333800c629ff20e5e2dc14de375,graphhopper_jsprit
8ca6966d950e7b96d78110fc1150ee0660fb9f7b,graphhopper_jsprit
8ca85f13ba3ededef3d232fd604611e71e8362f8,graphhopper_jsprit
8ca89b9c232b7c8549259cef1075707e3cbf2581,graphhopper_jsprit
8cb70b65779f95a5369cbcb4e5410fab6d57a25d,graphhopper_jsprit
8ce3c4c2da697cc9e0cdd695c7b9a2ff199288ac,graphhopper_jsprit
8d04e907252227d3f8a6ca9aecb050846d8bd1fa,graphhopper_jsprit
8d1680171278f265e49b8814fd44acf83f322662,graphhopper_jsprit
8d20fe12aaf91613db42506e873baa9d08a0b5ed,graphhopper_jsprit
8d48325788ba84661d841ea5588b9e5f6bac819c,graphhopper_jsprit
8d4de24ff72651b8441dddd8d3de70f10ea4a188,graphhopper_jsprit
8d5a53a63d13d78285e208c1952779a8f7f49cb8,graphhopper_jsprit
8d734e8c401dff2d5e8bca9f852917a8e97c31a0,graphhopper_jsprit
8da2d1e1c52485c6628792f9dee38ff81ff50428,graphhopper_jsprit
8da37cf4b382efd6041a825d6bdd0640a5543398,graphhopper_jsprit
8dd1e72b8ce39e167f43b5561d7729a06dd474d9,graphhopper_jsprit
8df550e0e66dea49d813e1346fcc56ca7c1f3e60,graphhopper_jsprit
8df602f8b8a7d138dae5ddba4a6d885627ed3b43,graphhopper_jsprit
8e3977e78f5beb965206de793a3a803febb012fe,graphhopper_jsprit
8e7e539407b22528d02c910dc614e654614a7a5d,graphhopper_jsprit
8e862b524e09bc5f51a6db9d624e110a789d3de1,graphhopper_jsprit
8eab987c1f0a4a8bbe2cabec86e10ec9de75dffa,graphhopper_jsprit
8ebae738471e80d33914e5e3b1bf6e632ac74f84,graphhopper_jsprit
8ec2e7459af426e9d45ab508c2cb9298f1bbf147,graphhopper_jsprit
8ed129a93c70ebe7d998fed9822f89d48f3a4623,graphhopper_jsprit
8ed138dddc009d5fd1aa4e20d262cde646a471d0,graphhopper_jsprit
8ef0b9018dddee94042772c37677c1441cd803a2,graphhopper_jsprit
8f00319cad45e6d438b6e0f9f3694f973207d334,graphhopper_jsprit
8f23104fbed417102c63ceef7dd9f06ed5067466,graphhopper_jsprit
8f27dee476ca9c7ac701abfe99e9aaec21e5dc31,graphhopper_jsprit
8f4f4b6c48e45a7ff3d2c07e590d140580709c25,graphhopper_jsprit
8f5cb1ff164a94bc8e0ad7c08d16050a8f9e771f,graphhopper_jsprit
8f5ebf18e39634064e1556a637bae9862f5bea76,graphhopper_jsprit
8f72d7245adaf00ac2ed11d4a3d0a2aff7cf7da1,graphhopper_jsprit
8f749c9fdfcba146660132624414c333fc3a19e8,graphhopper_jsprit
8f9ef4d58755d07494177d4123bde930659d2628,graphhopper_jsprit
8fa3c81983eb90f6b7310d7796da0182aa1747f5,graphhopper_jsprit
8fa86bf0b49d14071cf07236304e226ba0ed9d79,graphhopper_jsprit
8fb47c3e3be408d831211c7e3e02d69cca6692ac,graphhopper_jsprit
8fb6311584e1f3b75e18b3c5c77fb179db0b0649,graphhopper_jsprit
8fefba29e8b2aab07bf0f66bb19913926768efd9,graphhopper_jsprit
904a0036b1caebfb89c7d6d65d409514c7453281,graphhopper_jsprit
906cbf29e50d9815ea28e180dac0f8c0f65a32f6,graphhopper_jsprit
90745a361ab6f9cacb0a73adc2bd5343b153c55c,graphhopper_jsprit
907de37b4d3640b31f567ea90601c2fa8f2f3923,graphhopper_jsprit
9086667f6c989cc90d09a406787adba64dc792a6,graphhopper_jsprit
90a8edaa6d94e7090e5b7204c4ad1dbff92704c9,graphhopper_jsprit
90ad13a33dbccc4e07f1fb95e3fb370b9addd8d4,graphhopper_jsprit
90bf27a696fddf36caa9003cb25b5d31f91d9a5b,graphhopper_jsprit
90ca2e5a365c5b10168279f15da80cdb72090441,graphhopper_jsprit
9125d470edb63c15b73a444d524dde8fc0cc7364,graphhopper_jsprit
91298022ab12fa54a69119ecb73dd7ea894f4722,graphhopper_jsprit
9144a05886d4bd8156e434386e96c37b225c49ef,graphhopper_jsprit
9147b808120b0ca6f9eb3091b43386be13bd5457,graphhopper_jsprit
914d3ef1731e1368a48c744da303c300605f9dbd,graphhopper_jsprit
9150f086a3c75c0f3f95513fc02ca2d07c948894,graphhopper_jsprit
915b2969a317843c502bb32ded2e73de7e71ff8e,graphhopper_jsprit
917d5d3d2c75eea6405f6e0807484d943df1d2da,graphhopper_jsprit
917e4a732a4b0c2c479d94de27f143c914a3d473,graphhopper_jsprit
9184e4f392fec08e58b2c568e7be3db2f8629b3b,graphhopper_jsprit
9188d686168c30e16850b4f30ce841d6025f220d,graphhopper_jsprit
91928740bbb848eed8c7cf660d114197897bfe68,graphhopper_jsprit
919358b0f684c0dd0b0e45b6b8c78a771a378b31,graphhopper_jsprit
91d55c8b043ad58f0a44f834ac1704638a25e30a,graphhopper_jsprit
91e49681e1afcac44264f83d87ad8cceaf5ea4fb,graphhopper_jsprit
91e8cd7b5609c6d857e04608dd250f393b8aa61b,graphhopper_jsprit
91f2fa5cbdef484720df50169607777066262f6e,graphhopper_jsprit
9208b20f25e469c9ec3bed5fd31ffc6dda88003a,graphhopper_jsprit
921cb52323f30184344cadaec7dfd08cfc600393,graphhopper_jsprit
922f360fe42ffe49c1d631340f19ebe6a6b1b1e0,graphhopper_jsprit
92524d53b3770ef4509170ce5db133b4380e126a,graphhopper_jsprit
92772227bd7499f3240144d39369a0a40aecaca2,graphhopper_jsprit
92aa23b6e8eb847d278d35c6ad85023ded68584f,graphhopper_jsprit
92afffcf1eb31df544bffc9ae46fa7c250360425,graphhopper_jsprit
92b1ad453c8a2cc9168190a04adcdc5155c65de8,graphhopper_jsprit
92df2471329ab4caf9e9afcb91487aa6cfe93872,graphhopper_jsprit
92fdb51f942b350b5dd4f3aa3fdb00749f947ed0,graphhopper_jsprit
9306f5bb732fcc5a737c402fa5c3614f56f1d8d3,graphhopper_jsprit
9316e9e067517f213383871fa3a9a717eed3e0ba,graphhopper_jsprit
9330240cbf37d386a22eb01cb30f71af1f8ecbef,graphhopper_jsprit
933e2ca120f2b9fbb2e02318ce33fe90b192add1,graphhopper_jsprit
936fc2befb38fffbf36bf37e67e4fe2e5390c18e,graphhopper_jsprit
937702e136b9d76ad5c5d12a4c12f56f907de426,graphhopper_jsprit
937cd13942cd2fecd08151312f55744d34d08530,graphhopper_jsprit
937e2b950d7877b8e520c8acd76d561fb35126fa,graphhopper_jsprit
93a82d8fc041e7584e03d06bd45e470e64ea3a0f,graphhopper_jsprit
93ae652e6c4c408b396ccea1303117894ad6f385,graphhopper_jsprit
93d3ac4154a8223cbd15ac5a341e60e37cbf203f,graphhopper_jsprit
93db949f4d442772f3982125c64a14e82c61a880,graphhopper_jsprit
93dc0f69e67ad9339446ed10507fa6d3174cfbd7,graphhopper_jsprit
93ead2edce34e20009a09ab28d9f1ebfa95e6b39,graphhopper_jsprit
93fbb35ea2930ce8e9976e7a03607a2164331073,graphhopper_jsprit
940da0e9ba5b567b7088c611a4e1db2f6fca7261,graphhopper_jsprit
941e4ae29bc2dade71a4f0d7d01ce0c28902fbf1,graphhopper_jsprit
9444d502dd1a826e2dd68b830a161d4a2db58855,graphhopper_jsprit
9444e364ebae58c05e38bc6b08e5281202084424,graphhopper_jsprit
9453f0eb06fe46e39c15dc7ccc7bb930593a533e,graphhopper_jsprit
9489b5f716c416fc7a126b389544e1077c014d4a,graphhopper_jsprit
948c369affb4246c8b43bffdb7c63c00e037fcb9,graphhopper_jsprit
949f230e323780607d138284aad629c7d9595e15,graphhopper_jsprit
94b2d85b25c2bbeab62a2bc25205cd469da87048,graphhopper_jsprit
94dbe39ebc5157ea9d66dcf92c0f40461c3260fc,graphhopper_jsprit
94dfc94727ea331c62a9f4261ad5a34acff2a76c,graphhopper_jsprit
94e3e6b85e6be0e3aec164bbd436b1bbbf67f83e,graphhopper_jsprit
94f36150c05426dadcbcdd9957e63ecadfb3ce06,graphhopper_jsprit
952570952af30065c84322edea7785dcece2c056,graphhopper_jsprit
95441ac8e6ede1e65a11d7f166d8639743915989,graphhopper_jsprit
954f2588a42fe3171123f27c26b14d0958e4b4fd,graphhopper_jsprit
9570965d33fc204814652ede6d7c6e8695991388,graphhopper_jsprit
957fb54b378f67ebabb22e0281797855d0d64755,graphhopper_jsprit
9580d63ee3a0573179453ac9ac887b2ae7e9a09a,graphhopper_jsprit
959b467ac7cb65e20ac77cf1a634a524f57c6737,graphhopper_jsprit
95cc67c43b16ecb7937c3c070d768adb53ae600f,graphhopper_jsprit
95decbaa3dbb2c8fa8b4827367a8e8384d121d72,graphhopper_jsprit
966dc6e9013af4329e89cc6245ff05d64900e022,graphhopper_jsprit
966de4bedd18db8508cf5710424d2fd123a75712,graphhopper_jsprit
966de5887091369796a9d96efaff720775111976,graphhopper_jsprit
96a32ec36b8e48d47eaef0110bb9d315788f331d,graphhopper_jsprit
96d7b6f9c30fd3ebae11a4c02b0218e29bda851f,graphhopper_jsprit
96e44d3079a828e95ee20191b186a5ce82cb5a7b,graphhopper_jsprit
96ed6a70cdb823541cc5a942b40bff2acf4cfc68,graphhopper_jsprit
9717926b8e7ece39b11c55a709a967330f4983a5,graphhopper_jsprit
974021cf1b4d2688f5c6c23b615e5efcd5c8c24c,graphhopper_jsprit
977d8f7432cf0a3068644662995c8862e791af27,graphhopper_jsprit
97819de9f2bcb33023e06a8427674e7b877634df,graphhopper_jsprit
97bc8df2111659be01ec5d14784f7ab026d3b453,graphhopper_jsprit
97cd436914a43a51167f234611bc99decb4a617d,graphhopper_jsprit
97d61f5b3cd9939b50e0da0b580ce907859cfb5f,graphhopper_jsprit
97fa2a7639cd0004d8dbefca0b63b1b709f22f73,graphhopper_jsprit
97faf7fb53e854e997facd23579982d7855907c7,graphhopper_jsprit
97ff476bfb676e447cb9d96c59438fc0e9d53386,graphhopper_jsprit
97ff935abba1ddeb8ba877e70a406600ca8efbfb,graphhopper_jsprit
980b448b0bc27df16eb3b7763207c3a192d75349,graphhopper_jsprit
98133ea76ec7e7c42d4c0f94c85ed66dba0272b0,graphhopper_jsprit
98169fddf85d393d4ad1d0181f02b7f90b037abd,graphhopper_jsprit
985b693b154c733f5a4dff5214e027460583ad19,graphhopper_jsprit
98920bba0053179c5fcc371cac1e53b30bc93bff,graphhopper_jsprit
98a682077d198725fab999e54036a241f4565aae,graphhopper_jsprit
98c298b53d11f8a9861c1c631a26040a0534e102,graphhopper_jsprit
98cd36d6d57e8bcbbb7c925922d457804c955bad,graphhopper_jsprit
98d0de0711ce4b9483df77eaa632d57c4a1ffa8a,graphhopper_jsprit
9901ea48d0c29e55d2cc388c9fb234c9952dff07,graphhopper_jsprit
990a4e7f68a7427e06f2baa5e3f3f93a0b5e37ac,graphhopper_jsprit
99122dbd7bc2a706b8d5392dc19a8f87fb5afcc4,graphhopper_jsprit
9920df824e2ba74d9e1a5d3a90f2bbad5804232e,graphhopper_jsprit
99229eb253f57420d7a46444a3644e337af73144,graphhopper_jsprit
9938a6a123159bae998b710dc1b620913599cb04,graphhopper_jsprit
994b97b48b315275acd13b8d39b9d0bca1189a2e,graphhopper_jsprit
995d982f04fe9e7ad457cd424057c3bd386096d1,graphhopper_jsprit
9971d3d349675a2030d5de4db54654ffdb069fee,graphhopper_jsprit
9998417be9b51770854b256a77ef2d566550367d,graphhopper_jsprit
99a5d23207e8234aa3fab6dbf220dbdcdc0e7dca,graphhopper_jsprit
99b30c460f1842fc44cd703df401ea3ef9b5e884,graphhopper_jsprit
99bcbcf1e1495a8607aa9ab53e2313f0adb6821f,graphhopper_jsprit
99c2db2d6d3e6ffe57d6677ed98b6b790e058b1c,graphhopper_jsprit
99d8cbed69423f978f6c8dc6f91abe7ecdc7e6cd,graphhopper_jsprit
99e61e935a8630ff74a4b1aee31e042aa0d5f2aa,graphhopper_jsprit
99e8f7a38541c590b4e64db40e1f031e8edc9c12,graphhopper_jsprit
9a086f8e535407965911e4a49c66c5426e1a694d,graphhopper_jsprit
9a471a58bedf9c48ae498faffb1007662c7a47eb,graphhopper_jsprit
9a7451830a575baa48b2ef4526b07d31cc0ed8c9,graphhopper_jsprit
9a7463984041eb335dee22709e2135b493005903,graphhopper_jsprit
9aafc84c12df576d1400e62b688858934f1474c4,graphhopper_jsprit
9adfe654f63b1d9180d288f194f67b7f26ceb660,graphhopper_jsprit
9af21094bf95ae3e766f4f8e1883f8d873c743b2,graphhopper_jsprit
9af2fbbc0faadba8a4a5925aca3490d880c1eebf,graphhopper_jsprit
9b3ca34cfeb70cbe98dbf36414ae93e176f5d0ae,graphhopper_jsprit
9b6a9083406a3255eb73f30807809fd863ebb2e0,graphhopper_jsprit
9bb111633f7f45e2d47e523cae295cb720814927,graphhopper_jsprit
9bc2840c70243d42043048bf69d9cb55cc8aeee3,graphhopper_jsprit
9bff25d5aeac90ac5f528288f6545f3eca522640,graphhopper_jsprit
9c04c88358e3fadff407234eef029a023e01f9ff,graphhopper_jsprit
9c4bd498c41594d2634c177e7309e0e365c58859,graphhopper_jsprit
9c5da69a26eb708954147bdf055c6dc23af6d00f,graphhopper_jsprit
9c857962d652a4f6bf7e7c5cf2ca389109c78d48,graphhopper_jsprit
9c85f674924fa932d1184fcc96ce249dc9e1ea4e,graphhopper_jsprit
9cb9d5dfa13d685ad7323678b4df04f93c0fcbd0,graphhopper_jsprit
9ce1ac58de4a89ee6784cea444d996f70cd1a6cd,graphhopper_jsprit
9ced2094c5ae6e44c2bcac4e6796c50b1aedd3b6,graphhopper_jsprit
9cfeb7daf856346d5735f1e997086e8a42cf57ea,graphhopper_jsprit
9d0775d9393d85480d8e7f02ea07fee44be1ad50,graphhopper_jsprit
9d1bbc2e8495925ac0ed695930638a0650bce8fd,graphhopper_jsprit
9d40d76a2b66b12aa0bcba847e405c40d604faec,graphhopper_jsprit
9d57f69662edf5e965e3040b74d741f825aa1121,graphhopper_jsprit
9d5b06dafdc334d5b9044c778a87453483f3f74a,graphhopper_jsprit
9d78874c228a3ca0362d48c7ab81b57097f30428,graphhopper_jsprit
9d8a90bffec82dd36bcc0c04c890c1bf13dd6320,graphhopper_jsprit
9ddb00ff4bd610e083daf4162f606a21246fd3a1,graphhopper_jsprit
9de1bac4644ba9069c39c6aec229412af9ee376b,graphhopper_jsprit
9df4284040c3fe2a18c134c7451cc59e8157d9b8,graphhopper_jsprit
9df7927e0ab33a38d4a6eb22b22d17310ff1403f,graphhopper_jsprit
9df98824bb4da6a8c9782638b107fa8bc88f02d5,graphhopper_jsprit
9e178b681b2276aeb6e809bdcc70d022e4d24716,graphhopper_jsprit
9e1cf12c0f943e9f9b858cc43c4adfb277270b2d,graphhopper_jsprit
9e2afa4f75b9b5d2945a335e080d65f2c373731c,graphhopper_jsprit
9e42bc83298e76d8a78eafe59e81adbe37de26be,graphhopper_jsprit
9e4684e5834c8446cdc891bbc81e65154a39dbf5,graphhopper_jsprit
9e52bdb3bfb5fd8e6fa35fd7b159f4c1b87eb64b,graphhopper_jsprit
9e685ef128624047904a2e80c4eb09447bc8a3b3,graphhopper_jsprit
9e6ef8f0ed1efef3bf893bec696f80d8fa77f56d,graphhopper_jsprit
9e6ff24cab3fbb0c9b10eb08f117e4bcea43e124,graphhopper_jsprit
9e7b47d2a8c8b7bdab1fb0caead2028bab65c5d3,graphhopper_jsprit
9e9436e1abfe806d87b8b3af1e7c4c9b1df8e860,graphhopper_jsprit
9ec84d0e48192b198fec6d2fd43455c6cc70512c,graphhopper_jsprit
9ecdde00e658f515bb59b250995a5421031f8de7,graphhopper_jsprit
9ef3a775e9aa4503ee1e87cc20ab27293af3afa7,graphhopper_jsprit
9f1580927c1a42a6ed9f010526844a348646b3e0,graphhopper_jsprit
9f49b96fa4da274b3f17ed3095dea9302746b28c,graphhopper_jsprit
9f5b3c168be3d84cee59b093c91d871e6a1ea18f,graphhopper_jsprit
9f82dd122ed4120dbfc82131b6338c84ab2f2634,graphhopper_jsprit
9fca2d8c8d29b030d12a0091febbb71ad5975872,graphhopper_jsprit
9fd1165256c2e8f8f238b1ec49bcac5ea30d27c6,graphhopper_jsprit
9fe0b3315e0376479ad9be196dc988ad75af06ac,graphhopper_jsprit
a0009918ccd0e0c44319c39ae33b42f655e61a1a,graphhopper_jsprit
a01145d10a0934be2b724da141053d2df694755e,graphhopper_jsprit
a022a2c262642af1167dac0dff8d8cbbd1d12b82,graphhopper_jsprit
a0419ab3fdab6f297bb51598bbdac18ec6d90432,graphhopper_jsprit
a04aa2061a7dd4b9c3a0f36fdd9e7faa016b95c3,graphhopper_jsprit
a0542722e2b4c184995b1abee3e8251161019edf,graphhopper_jsprit
a055516042588439f9d2ca3d858eec164d144848,graphhopper_jsprit
a05a342a67a95741464b6f4dda1235ef57da68ad,graphhopper_jsprit
a05bdf717366374d2f8560bf78dd4ad69391f29a,graphhopper_jsprit
a0732e8b5372a0b7b97c4a3f3685d117e6af5aa6,graphhopper_jsprit
a09358a0f032f06923679e2527df14a3685cff41,graphhopper_jsprit
a0ac5b9935b48469e3d3d3131b48d4a5c0c047f5,graphhopper_jsprit
a0ad0127681e5b60e3f502fcb98666aaadd9c9e8,graphhopper_jsprit
a0b0af61cbc5019f77ff7e2d34e04d7ba0b22129,graphhopper_jsprit
a0b3012cd5c8f7c07d41ec4d7cec9273d307f2ee,graphhopper_jsprit
a0c344e6ba19dc4c83944dc26c703a0c0de49904,graphhopper_jsprit
a0d6ddbc5ce150165443dcd2f3a85202e1eb483a,graphhopper_jsprit
a0e59887ae4c7ccc34cb084be74321cef5e21275,graphhopper_jsprit
a113a6cf183ba1d6f02a7b9ded9f33002967ea15,graphhopper_jsprit
a16aaddad3ea4a28b9c1e92a097e6d1841ba775d,graphhopper_jsprit
a1ba7fb23064dd5b11b32067623f3131db840462,graphhopper_jsprit
a1dcacf56fe5dc6f4eef09ac183d8ef9d14c1e59,graphhopper_jsprit
a1f448c11331815f0fe08445688ebc4eaceeff45,graphhopper_jsprit
a1fcb0b9e934a28e106a4685f17a0c0b0133ddea,graphhopper_jsprit
a20db5e119aea2bd2c49b15556d9666afee2353e,graphhopper_jsprit
a234bb54c928dd1d37a95c9bbafd7a80456d586a,graphhopper_jsprit
a253adf34011691b401600ffbbbf19c87492d67e,graphhopper_jsprit
a2552ba11619ccf22a334ca89514ea7cbb3ab237,graphhopper_jsprit
a258b3885da6ba4fc4e44295f3cbbf85ab93184d,graphhopper_jsprit
a26dc2718c2460f115b727f81d17574aeae736ee,graphhopper_jsprit
a2787ca3908e250c628dc2ee4270892ce97aea0a,graphhopper_jsprit
a28357417c89f1b4029ae0a303f80c1e40b7b84e,graphhopper_jsprit
a29537cda306b3acc0ddbe23a70b5eb4dc8444f2,graphhopper_jsprit
a2ae69354429196fad034ed1f3f38bc3fbc9cb8f,graphhopper_jsprit
a2cc5eb96240514d03efbf7e4beabb56b470e3eb,graphhopper_jsprit
a2d67c857eb96a6faad72576160b2d0496db99d8,graphhopper_jsprit
a2d9dcb4c2b84cd58a5bd56ae8f8563875913d13,graphhopper_jsprit
a2dbd460262a92d3c65b5b5670d09902bea27ac2,graphhopper_jsprit
a2eb3f0a3c7c588d7452e2b5eb72ec6645e441b4,graphhopper_jsprit
a328210d6d25286805dc647a3628cfc38b12cdf4,graphhopper_jsprit
a32a750bedeb42d18a0f3f73f04d27acd6de86f0,graphhopper_jsprit
a32ccf3efa10262dfabf31841cb25ea83178ff37,graphhopper_jsprit
a32d8c1c6a1a2f25b02697681a5fb1c6fac541d9,graphhopper_jsprit
a34d9ab2c68c14e47b5efda9d2ad520cb5af4aae,graphhopper_jsprit
a36a06914941bd5bee86c54722899dc8b9176ee1,graphhopper_jsprit
a3900f5efaf7fa43d845bd67b59fa278097990ae,graphhopper_jsprit
a3a4e6f21e41d2213098e7832919f541fe0a117a,graphhopper_jsprit
a3aebbbfcd77d7e53d3d286426843b2ad881ded2,graphhopper_jsprit
a3afd006142dd4ea20c708deae36c0cbda37da9b,graphhopper_jsprit
a3b9c365e4d642065b7b40483099dfe61d555960,graphhopper_jsprit
a3ca46c96bd451564775f58a3305c041311b184b,graphhopper_jsprit
a3d8a9b484b5158c0d44785274600f8eb2fe3745,graphhopper_jsprit
a3d903646ea5fe34832d5427f1f24b2bd9101c6a,graphhopper_jsprit
a3e3d45b810daaaac28499f577c84d526d605acf,graphhopper_jsprit
a4406ef7867e3c164d767a2b701b68d159075515,graphhopper_jsprit
a4521e547b8a2c2190caa4464579e8386ef879d7,graphhopper_jsprit
a45c7de57467be8778401b4888286106cf5f3538,graphhopper_jsprit
a45cfb70f41e9c4089d705d327752316a8afa3a4,graphhopper_jsprit
a46bbc1f7fba7598cfa5c15582d89d6febc156ff,graphhopper_jsprit
a472f282c9fcdd4a6fd87118500d8d6ac41c6fbb,graphhopper_jsprit
a47acc63fb0993a4f30d62bac562384e7fccea76,graphhopper_jsprit
a47acd52b6acc762dbc965b2888593d99961204c,graphhopper_jsprit
a47bd7c6946650f59106f3685afbd239f45c4eb3,graphhopper_jsprit
a48013bc0fe8b5e8ceab18d17458195a96851e79,graphhopper_jsprit
a4a5af610526301cfe31cf570541580c4100b9c7,graphhopper_jsprit
a4ae4549aa416a65661d4c00ec467c3d79ce4d9b,graphhopper_jsprit
a4cd3bc120739fe8cfe980934e9ee89013211880,graphhopper_jsprit
a4dd1d9ac5318f7dd5278694b8010b2e5b7111f1,graphhopper_jsprit
a4e0297c9831fe34d3aaceb0411d3388882e2b01,graphhopper_jsprit
a4e8c3755ef0a1e640dfe0b444c8be77e3eec88e,graphhopper_jsprit
a4f499c7934d65aeb5585849863a09c6237bd4e3,graphhopper_jsprit
a51abf63022b426e1afbc9e4cb441ff540e12ef1,graphhopper_jsprit
a53048adb2569bbefb2c28773381ee5b58652489,graphhopper_jsprit
a53b6808a7ae31f4103fd6c5930e6d022af79bf2,graphhopper_jsprit
a54315f28acfb57a06ca8b97faec4371be12cf04,graphhopper_jsprit
a54651bdc775e869fe83b23cbe198ff5fbe94e2e,graphhopper_jsprit
a557087bb531e1ed500ffd9d2e43b82c9334f896,graphhopper_jsprit
a55be49735dbe231482aeb488dd03e6e0c8606af,graphhopper_jsprit
a55cdd65656ed11fc9232d71c1b08d7c5170f234,graphhopper_jsprit
a55ea8f3cf38e1277068fb32206b11334d9334d5,graphhopper_jsprit
a57a33b4d8cef55e1c0940c1cd4711a038b0a45a,graphhopper_jsprit
a5c67ce86165f0ff63fc55916b43e3b8a51e9145,graphhopper_jsprit
a5c9f6e8accb30153823a90c54f56d7dd261081d,graphhopper_jsprit
a5d4d21909bf675e2c6919e8c87ce4c38686090a,graphhopper_jsprit
a5eda536f9b522a3aa6af980e8850834ac709bf0,graphhopper_jsprit
a624c90bd7f46f1a1e01db39c2fcf4a886ba277e,graphhopper_jsprit
a655dc9e4e6a5cd6ae0549c00273a834da40681f,graphhopper_jsprit
a661c6194bbe95e0b820d59ab1df9665ecc231cf,graphhopper_jsprit
a66944ad992e32c1af0c9924c372ecfa124b32e9,graphhopper_jsprit
a66be4bd0accfa7bb235ca1f640c42a7c8f0f9f1,graphhopper_jsprit
a6726537e98f934ad52b73ff7175021ac0d35c4c,graphhopper_jsprit
a67d4fc76086b80994dfb99a0a5ad0ffda13edf5,graphhopper_jsprit
a68c068ab2469f0c83d0b85b4b9c97338f09673f,graphhopper_jsprit
a6a671d48467ab767fe4a19d3729d497e1b33766,graphhopper_jsprit
a6ae8d18ffa0dd439bde3524b61de3cb797b8a8e,graphhopper_jsprit
a714312685393d5d7d2f49d19c697f0f07316dc4,graphhopper_jsprit
a739ab77d051cf7c9f7da48bc95d64f9e6768c61,graphhopper_jsprit
a767489115a664905e9d0cfb162c61178c48df39,graphhopper_jsprit
a77517d4f591758f52ea20d2361633c22e3395c1,graphhopper_jsprit
a78d2644880e915eb04f4005898d6aa59f2d541e,graphhopper_jsprit
a7941c4348cecd15d1b57f87217d18f21925d489,graphhopper_jsprit
a7b572d815af8f17a198be267bfe9eb3d38d0b37,graphhopper_jsprit
a7c0766488e4aedc7b1da4adf0d7b7f0eef3bde5,graphhopper_jsprit
a7c10b2e947dae587b884eeadb5fa66e3cd96138,graphhopper_jsprit
a7f20cd578920d4346a8a9ec9eec82a48e5aefe7,graphhopper_jsprit
a7f2131cab0bc16a1dc408625525b4ce310ba111,graphhopper_jsprit
a807024232105f98ffce4d68bd25ac29f5e6e206,graphhopper_jsprit
a827ed6829d35d04b29c43b84d09127727ef88c6,graphhopper_jsprit
a83bed51c56d743a2e39d1ad20cb15757a3db732,graphhopper_jsprit
a853ad56723dc9e3c595f10d79f30c2c1c5fbdc2,graphhopper_jsprit
a855cc5ec658acf8b3884fe697bfd0dcb6f32af7,graphhopper_jsprit
a85b0fc39550aec92ec1ff1543ce978c1b7d2c7e,graphhopper_jsprit
a87881ee5909d952c1b2030ee7a94368945a4c88,graphhopper_jsprit
a87e5b6379fd822a8cbfae764aa1d9f84215d6e7,graphhopper_jsprit
a893fd9dc7f1f42a359f3d3452f7c13f7c4e8039,graphhopper_jsprit
a897418b4c0e27c7b58ffda85223be6f0180b757,graphhopper_jsprit
a89d6d9dbbde3547083716c6134f87fee9f54718,graphhopper_jsprit
a8a29e3d32c05c2ab734bb93728acd37581f0d1c,graphhopper_jsprit
a8b7aff05c697cce058bcca93eb2cb9670ff241f,graphhopper_jsprit
a8bb17384aae630ea1b20333faae0a016f8447cf,graphhopper_jsprit
a8d56d7bbdee6b05cb7e6b4e2dd3efdb795e888f,graphhopper_jsprit
a8f3d61c4778dcd3f94d777abcbd1c60f5762cea,graphhopper_jsprit
a93d88a0c111f5fad60762ce308a59c267495bfd,graphhopper_jsprit
a94a4920045418eb44510564e4a31c81dd6a9a01,graphhopper_jsprit
a95123630329700c6e2649070b52f64b93fbb4b1,graphhopper_jsprit
a9643fad9b7ab47a751267c3ee7fa357e9178cf9,graphhopper_jsprit
a96719fde2f529ca7e7cbab813e5876898db18f8,graphhopper_jsprit
a97a99497b4d8b9f7620a89798d488213e0700a6,graphhopper_jsprit
a989338b18371debf8666d1cf73be8c5150cd61c,graphhopper_jsprit
a9bdb8d80d9bd7d60d010f76b44e590a6b2b675a,graphhopper_jsprit
a9d1e03c5618623bfd3fbf1c1bb59e205f50c775,graphhopper_jsprit
a9da587f6a626c78d103368030edc11de76cbf06,graphhopper_jsprit
aa0b00cc62704a25c5a649928cb164a7aa4af143,graphhopper_jsprit
aa1b7214aee4980d23f36db8883613435adcaa08,graphhopper_jsprit
aa34f09429ca7bc87b6f2f8af2ebae2c88942937,graphhopper_jsprit
aa40770c7020737a640af9366c7b10e945e454f8,graphhopper_jsprit
aa6a3a7bc550b21e0428e9d848d9bb90241a5bd1,graphhopper_jsprit
aa76b6868567db2910e5de03dea77b5e14bc7866,graphhopper_jsprit
aa88ddfc30edc7dec4caa014eaea93d921a17e14,graphhopper_jsprit
aa9e921d3b37768190ed7a571fc09b65323ce2c5,graphhopper_jsprit
aab465a34999f7c116be6b3fb3594cfa4bc08b47,graphhopper_jsprit
aacafa27badda93abdce75d9cea2bf52018a46d7,graphhopper_jsprit
aacd64991177612f3f4aa90c2b60b0531a8c3423,graphhopper_jsprit
aacece58c50906218ad39253dc200a6e2e261038,graphhopper_jsprit
aad6f3ec7d9375006c7360a4bbcd7f7bfb29a59a,graphhopper_jsprit
aae0ec2328a3fd639924eb44675796e2eb67711b,graphhopper_jsprit
aaef511b75e806c3906b1900b2f5e76c6634efcc,graphhopper_jsprit
aaf731e3eb1afc16f1e35d9786fb3fae1b8858cd,graphhopper_jsprit
ab0acfb1d67ea3589337e05f16c0ec45bef55829,graphhopper_jsprit
ab17e93a63f8cff098e7bd09456eef9f53c9b8fb,graphhopper_jsprit
ab460f065f26b7b341dbc63f36f4d1febf4bc6ec,graphhopper_jsprit
ab57710bd295418d2bb6d4076b6eed1e522476cb,graphhopper_jsprit
ab5bc3fab208d12cd37453aeb73316372e7f595c,graphhopper_jsprit
ab7fb89586b5463bac4f676e9e78130f1b2578af,graphhopper_jsprit
ab8741a33513d52a5334e92e1c05fdf0101b05df,graphhopper_jsprit
ab88c1bca2edfadb7b0617d731e73e93b32281c2,graphhopper_jsprit
abfc1880db765207ad20d0665dcff0de2d091363,graphhopper_jsprit
ac062f7553e47ec1492c02eaf096e1df9d84a7a4,graphhopper_jsprit
ac14f2850c60e4412a5eecae1b4b8c61f9362e30,graphhopper_jsprit
ac404eb16b3ccedd819911d9d328b6b0154e9011,graphhopper_jsprit
ac598b6fd62def689d41b741f4d6c69d6af89ff9,graphhopper_jsprit
ac5d1b076ee6fba0272dcce5eab035617446f9a4,graphhopper_jsprit
ac83e2ded951fb68ee2a67f57e888edfaecd3159,graphhopper_jsprit
ac84b62651b6c88e537fbfa8eeba95e9bf54872f,graphhopper_jsprit
aca07a98f27acfb63e219ae43b5e548073159ed5,graphhopper_jsprit
acae6cbe516645abffc4c5b9465221c7d510b3f1,graphhopper_jsprit
acb82f664666be16d5bad81e19963f92ec31aa71,graphhopper_jsprit
acc24b1c536849f0172ae0b11fcde6d71cbc7413,graphhopper_jsprit
acdb9dea5779eb0e960ade5eaab8c3a786723d49,graphhopper_jsprit
acf9dc6a7acdf520d37317f1418b6ec3dfd91041,graphhopper_jsprit
ad13826e5b6b131f49a7a508260feae838b3d085,graphhopper_jsprit
ad2415865177f526a39700fd1d48867acca8795c,graphhopper_jsprit
ad25b4e8c8fd6bd02b2634a273dd16405f1d751b,graphhopper_jsprit
ad39bea37351a4369790c3f5ecbc371571999cb5,graphhopper_jsprit
ad62b2335c0e7d726eb148feb70817d280bc151b,graphhopper_jsprit
ad851b1951ffb42e830fc2797d785ec77a24f634,graphhopper_jsprit
ad8c168835f3264505f8fbf7e1a654499160fdff,graphhopper_jsprit
ad93dfeb471459e7fbaf716c8806d7f72152f3f4,graphhopper_jsprit
ada791c8a3d786e207871e3cfcd8de1bc2b3e565,graphhopper_jsprit
adeceb2640dff72cd56733a523e52fa220d3eef1,graphhopper_jsprit
adefbbdc604df6a25ab61fd71230abcaf6555763,graphhopper_jsprit
ae1d4004a511b30a6e4e20e4db5916fcb2069f48,graphhopper_jsprit
ae264dd22f9c80b4b4083191c97c179de0dfbc37,graphhopper_jsprit
ae2cd397c9331b892765c59158073124fd08880d,graphhopper_jsprit
ae3b7bb79232a1daafe7927facc0000b6f2c4d00,graphhopper_jsprit
ae48da3f93faa498316f48a07b38dc1dfe5a6abc,graphhopper_jsprit
ae83eadad79235abcd5e0e3bb7848ccab3ef897e,graphhopper_jsprit
aea6574e607d5c75714dc43aa9530d13bed682fe,graphhopper_jsprit
aebfcd0472ba27d7b628c8535490bbcfac21f12a,graphhopper_jsprit
aec4e307deaaeed5c3393115636d92d2296fdc67,graphhopper_jsprit
af183ebafbc2ed3458b8d1427d845aec68c3f56e,graphhopper_jsprit
af1ef088cd37798d8dd4dc0d72d90a7ce958e033,graphhopper_jsprit
af2e9b0a32bcc2683e995fd34d9019b3561f8680,graphhopper_jsprit
af52639b10e2c6781ffdca3691de188432133644,graphhopper_jsprit
af625fcc471beb00d99a53d9d8407299b61ee54d,graphhopper_jsprit
af65c7bd3880c90e835ce4ae02e86166fffd6d77,graphhopper_jsprit
af69361cd444f59fae2ec96eb1183cf17cdc7fb2,graphhopper_jsprit
af7d13fc0b7c5938c8b2c71e052050b20791da6f,graphhopper_jsprit
af9bba2b3a17899f849944f74b2a0d2a5e13f1fb,graphhopper_jsprit
af9e75c18d336b1a3c81d02c74681a6c2583c6f1,graphhopper_jsprit
afb8f59244e19136305cb09fcaecb1ec2e26f223,graphhopper_jsprit
afbe37da50e09177fd302014af4f62b6b9d40691,graphhopper_jsprit
afe98c105192a4be2a865bb21b69ad288bfdf8a8,graphhopper_jsprit
afead682433cec6e52d2ea78bacbafd1997a4372,graphhopper_jsprit
aff324fb3f72399cd7f61a45406e608ab44eb67a,graphhopper_jsprit
b012730dde734ae7aedf463fc67fc118ff8e21b2,graphhopper_jsprit
b04d5d8bdcbe58c6d29439169b2473307184a238,graphhopper_jsprit
b052d37dae3dbd121515eb55108ceafb6cb60236,graphhopper_jsprit
b0535a51d821d6be6987ee957acce34cb0ffa65a,graphhopper_jsprit
b08af7d5c173b7f3a8595e65cedf29419ffca1dd,graphhopper_jsprit
b0a1ff72a6e844097b8210f6aa61aac8cad961e6,graphhopper_jsprit
b0a47407f5e95a9ee5c4b68da37f430fae83125a,graphhopper_jsprit
b0a90af1cd7dd0826790a65fd19be11834e3eaa8,graphhopper_jsprit
b0d02874d29dc4735d330f9f11045e12c8fd07f6,graphhopper_jsprit
b0d0736c2213733f00d812e10f77c2ebaf62347e,graphhopper_jsprit
b0de3eef86b8e445a31514930a9b0df1aae331dc,graphhopper_jsprit
b0e2637beacb2e06cf0333c78b1ceeee1860a5fa,graphhopper_jsprit
b0f382198ed28ac80cbc16abc6f0103043b44abb,graphhopper_jsprit
b125c226194a915f3735a51aca3c6a60793340f5,graphhopper_jsprit
b12b305c7136792db285c506c50f2180c0f67646,graphhopper_jsprit
b13371c013ea059c6b449755bea49a0ab1e9e708,graphhopper_jsprit
b16250bf465db4bd4609cc836871d772101d0ce5,graphhopper_jsprit
b19ffda2ec62c1a1d8939910cbd8a1b6723b6518,graphhopper_jsprit
b1abccbf70122ed04d655fa509a210962d8cad17,graphhopper_jsprit
b1b1afbeb14ead0c513da037b30de6b896e91345,graphhopper_jsprit
b1b2f633591451341771ffd4d36d004887291265,graphhopper_jsprit
b1bb3d9e26bd91352cf4dfe4617d94a62dda8442,graphhopper_jsprit
b1bd875d2f5a188371ac2b0c012311a1da76b4e7,graphhopper_jsprit
b1c27770306e4e631758e0fc802ef7232cbc9276,graphhopper_jsprit
b1c3231991e03a221e479f788dae235eaa79290c,graphhopper_jsprit
b1e66d173739f9c6b158be742ae18bb12031d3f6,graphhopper_jsprit
b1eb836ec327e6ac349e24a4a44ec7f46d380c85,graphhopper_jsprit
b1fe1b32b6b8b8851c22e38d680565ae67935cd3,graphhopper_jsprit
b21eebdc26847fda7e0bc0ffafde385e21932a67,graphhopper_jsprit
b252fd98336786973dede039bdd115f8ce12a9cd,graphhopper_jsprit
b27bd1165958cf155e888431381d1f8eb612fc9b,graphhopper_jsprit
b285ec0145044e414e6e2717b5572ae05c0bb052,graphhopper_jsprit
b28753108c3df1bec4cea4c179e2e7d4c5def15c,graphhopper_jsprit
b290521e77b20c210655c85be07c2e05fd25108e,graphhopper_jsprit
b2a78bc0de573960c5db5af98703b15de5496f8c,graphhopper_jsprit
b2b34a289b8231bad525d3149034237cd91852e0,graphhopper_jsprit
b2b527d7c3bdedd84ce9f3be07c04818d4b41ea4,graphhopper_jsprit
b2bbec11034ab083bb0f6b220a096a01e2d8b8c6,graphhopper_jsprit
b2d34b1c65bf6f82faece54ab33d53c70d83e529,graphhopper_jsprit
b32264bd80fd545085d90e39e49728a85d2898d1,graphhopper_jsprit
b357bed413013da0d06bc3e5a718eb79fc4a7a63,graphhopper_jsprit
b36679452f3a14888037aa2a53ad03cf42237eba,graphhopper_jsprit
b37064ec1784741e2d970ebb4ff1e9b52d7a09cd,graphhopper_jsprit
b37ab653e14739da40750049dc273e58dc19214b,graphhopper_jsprit
b3813ce57f5dee9ec459ec28d10bf01e2f04adfc,graphhopper_jsprit
b3998ff6327b7f32ce3bffe5ea815c6abb45392c,graphhopper_jsprit
b3a186cc623ee1eb1434c8c60be7241101626bc4,graphhopper_jsprit
b3a9ef07eb8d9876e80b744bc16d56d5a8969673,graphhopper_jsprit
b3af33ccf9a3d6e08c49aa02b0f0d8e84cfe9c84,graphhopper_jsprit
b3b154cdd64fcd4bda87ac423225baa4d7d344bf,graphhopper_jsprit
b3bab4826dd8a260ad73e8d9ef8fd6571c4832bd,graphhopper_jsprit
b3cc891cc5b94a5ee2785bd2bab36b9a64314a30,graphhopper_jsprit
b3dd790be273724a55673e24fe0895ec7f612809,graphhopper_jsprit
b3e9c2e5c6d7bd7dfca1e13071a5daf3ca7c5e55,graphhopper_jsprit
b3e9ce84be14d4f9fe2843816575d485acc73683,graphhopper_jsprit
b40204685c93c9be82d9b30a74925c4a0cfefea8,graphhopper_jsprit
b405befa43dd765453cff6cfaffb639daac86b1e,graphhopper_jsprit
b413d2da070e7cfb045d2af0514f3110bbfb5615,graphhopper_jsprit
b4225f65f8c0d735f5ca9f2d7bf0682d9e46b410,graphhopper_jsprit
b4583a09e836dcd80bc76d0872285925f301cfe4,graphhopper_jsprit
b46263c8fbca4fdf4df4a024cbd2de3e70058640,graphhopper_jsprit
b4634a5a88897c9fe0b1be759cb43eb6eaf85ed2,graphhopper_jsprit
b46c410d1520f35740ca7001cbaf93d5c5f5700d,graphhopper_jsprit
b47547afdb6adaafdc51475705d18663d6d53570,graphhopper_jsprit
b48e2c404d99a3484a17214908043bf3f0fc2d97,graphhopper_jsprit
b4ae11631b73b42c87b4c8159a7b25c273b42e10,graphhopper_jsprit
b4ae7cee9e7ca03942b8e6e6e49376fcf447ffb8,graphhopper_jsprit
b4d174ccda97ac8cd671b3466358d87dc8641194,graphhopper_jsprit
b4e5ce888c9c3fc4bd716e954f22bc593f23c496,graphhopper_jsprit
b52a103ae5676e82eabf438cbb5671748e4b9260,graphhopper_jsprit
b530a7c85d482e3df30c18774c65d934ab247d40,graphhopper_jsprit
b54daca531c97c9744ed20d58f8287c112731fbc,graphhopper_jsprit
b573091e652f1093689c61548b72c8f9ce7db61f,graphhopper_jsprit
b57aece6b6952ea92552cf7ffb79d00201e0046f,graphhopper_jsprit
b5998e1d93fe8512279f60aa3f804ab91e5f9291,graphhopper_jsprit
b5b4b67400dfdbb60bab82391a95a7d86e7f99d0,graphhopper_jsprit
b5c69ba4d0f84a2e129ab391d9c8479b8482a603,graphhopper_jsprit
b607bf965597ab92a1fdec5ff473522cc01448f1,graphhopper_jsprit
b60bc024b5a8ec67d78930df2cced5618ed0c8b3,graphhopper_jsprit
b610626b1d2e307b63cc0c2bd12ca79efb59f410,graphhopper_jsprit
b62d05d86eb5ccbceae103b49870b5f0c3e485d0,graphhopper_jsprit
b62e0da629c0c979ba22a01647ed19e69a12d0ab,graphhopper_jsprit
b63259bf5ea69454028a0292f1f908c3442ea22e,graphhopper_jsprit
b63a4af6cfe7a02bad8b532cbf6a65f22de1c502,graphhopper_jsprit
b63e9ac99fd622603bc17c7b7e14966741d3d99c,graphhopper_jsprit
b641a3b22d7363c3585befdb15c47e062bf6d083,graphhopper_jsprit
b641adf98cf93fc4c897f256c22ed927e049283e,graphhopper_jsprit
b645758961da5436aefa333ca7ac5bf8c672ceb8,graphhopper_jsprit
b68879303e350646ff6111c9152d6b0f0decde17,graphhopper_jsprit
b694c32d41eeb5e21e1dbc545bf78b0951663689,graphhopper_jsprit
b6a02b56541313b6b325c4fe88e496cb55f2175c,graphhopper_jsprit
b6a235bf9207cdf90ff47e1b17f1d5a208fa0bcc,graphhopper_jsprit
b6bc3e0d9355a2c2c150f438d59603d1a4b59a89,graphhopper_jsprit
b6d7640f5a72e4fb192734cd51110ea3eb152ce8,graphhopper_jsprit
b6d97d6688cc6b65c4b95fff5de26ea84b9833fe,graphhopper_jsprit
b6e73884e7d3b2b8beab9b0b237953abd93ffccb,graphhopper_jsprit
b702c8015bdd69d1a340caa131fb3c98239b6f41,graphhopper_jsprit
b73f291f9ea679c25eb124a9c1bcbf4bdccca0a2,graphhopper_jsprit
b7679cba578e5cec82f84b4e38bc1f20d1fa9cf5,graphhopper_jsprit
b76945c1ccfbe096d889ba35bad69ce736fd880b,graphhopper_jsprit
b78a144011a316b3a23c328bb9391070e3edd866,graphhopper_jsprit
b7966acdeec805fdcd2b875586afaa257653fbbd,graphhopper_jsprit
b79b0284f803aac8b9abb873b52f2f74a67a2a7d,graphhopper_jsprit
b7a35a26b019343e2486bacdd658a6da87fa8e9a,graphhopper_jsprit
b7aabbbda1e3a056a057baeb929c781d17fd5492,graphhopper_jsprit
b7b0ff650c144b9b94d34121708d411dca65dff2,graphhopper_jsprit
b7c75a2e058436f9af2910a5fc5027e86691735b,graphhopper_jsprit
b86bdc5c8a04ad729b1737c0ae3281e120efed7b,graphhopper_jsprit
b8761436a5f2cac475fbb786c9c7b1d9a40a4966,graphhopper_jsprit
b87bf65553f0cd77411a29f5ccd3b2d6f0d45bff,graphhopper_jsprit
b8894c327696346349894820f48e1fdb9b430d25,graphhopper_jsprit
b89149e8d62a55a89c1b450e062678b8acbcca44,graphhopper_jsprit
b8de5d60880fdbecbf782204b0777dc174f4117b,graphhopper_jsprit
b8e71a1c25d9c9e2202af2a393fb6659bda8cf0c,graphhopper_jsprit
b8e88b8a221eef7460c6ee82844386ad34c08c40,graphhopper_jsprit
b8eba2bb312dd7a490b34a6de4b85780b6e02d5b,graphhopper_jsprit
b8ef9a55a1f49761d672ed8630200d69e3b5ed6d,graphhopper_jsprit
b8fcd1df2a0ef9d8b4a6f92d38a51f8f2ab4714b,graphhopper_jsprit
b92533edafac41f89f51c9f95f567a14f3ed9fd2,graphhopper_jsprit
b97017dde86e54f6a8c38bf73b210aff0d67c133,graphhopper_jsprit
b991793abad27f4fb776c4b1fc2e8e07008bea97,graphhopper_jsprit
b991aac12ea0bc4e02d4377a39f1abf75a411215,graphhopper_jsprit
b991b9f34e092c3822de33dc40047c191e6ddc47,graphhopper_jsprit
b9aaeae43eeaac5cfd1698b7a41a42817a7ee011,graphhopper_jsprit
b9c15a20fc01b77690099a01ec1be1d8239a0aaa,graphhopper_jsprit
b9c7dc3324d4b655e158dc474e346df309cad89a,graphhopper_jsprit
b9cd75a3024a06715e03684445d8d4765f78e911,graphhopper_jsprit
b9da9b9a06e5e333bfb0700197f89c84f9529325,graphhopper_jsprit
b9f7a6deb24edc872e65bc3b151b58edba396f2b,graphhopper_jsprit
ba08cbab35405d91b94b487af6f246b5ce8134e1,graphhopper_jsprit
ba343fb5552dec32a7968b7d5539ab71a7257bad,graphhopper_jsprit
ba4340efcf315c8735d0d27c845e9a6ce9989629,graphhopper_jsprit
ba4f6c50b4899714c480099943ba8e3083f5d91d,graphhopper_jsprit
ba5204bcc1d961d5da10c99b46d2e669bf930be5,graphhopper_jsprit
ba6b882b5b260357c5f1dab4419eb514595b2d88,graphhopper_jsprit
ba6dbfae456edd55a34b0262b49e5db91089944f,graphhopper_jsprit
ba700c73fe3d3a307cf28f94d2c69c9768828e91,graphhopper_jsprit
ba75c095deebbc2d2117734a08a3764839490b86,graphhopper_jsprit
ba91e57cace4f9ceab90c4a3912235793e088bc1,graphhopper_jsprit
ba97ba93c88171bf8007f43e5c8e29efffa05fa1,graphhopper_jsprit
baa7b08e8b24929910e6bea8c9001a7819aaad3b,graphhopper_jsprit
bab1f7d6a84c5cc45cfe165a732ec24420d0ad2b,graphhopper_jsprit
bac6939bd37fc152249047a7759cd414010aace1,graphhopper_jsprit
bac847d39bd2a67ca085681c84704c840f9c8d90,graphhopper_jsprit
bb1e9d0659d0d1b1774e7ba6be2b37ae91e32298,graphhopper_jsprit
bb2a2cdd173949bd686eba25e3c10ab4b9294fb1,graphhopper_jsprit
bb35142a8faf2203bf8285bd1a7054468ec468fa,graphhopper_jsprit
bb5c7633715aaba40ccb8ba509a0aee95425bded,graphhopper_jsprit
bb5d230cc9984e02c5973a415f5f46af71867010,graphhopper_jsprit
bb86d59cd8ee14cd736fb386df3dc98aa5787891,graphhopper_jsprit
bb98df01f1d073d3c262c22274f53b586e954857,graphhopper_jsprit
bbcaa863eec19ec691a498d5b567b939e9192566,graphhopper_jsprit
bbd12edb0b13c482323eb4220c688dbafdc262c8,graphhopper_jsprit
bbde9f47516924c58f264a0580cf287934376be9,graphhopper_jsprit
bc57ac617412ac20fd84ca33825dc9ba9851418a,graphhopper_jsprit
bc6c1e23b5dae45ed5646953cd5baee198dbe9c2,graphhopper_jsprit
bc71044b821193ebb1e7f996027be26fb324c53e,graphhopper_jsprit
bc752634451b97905d169565b3a7ccb224d2d851,graphhopper_jsprit
bc7fa35461ef90b70e62338f6e931fadb5db502f,graphhopper_jsprit
bc96a819127f10c942bc30b13d13deabb1bf78e1,graphhopper_jsprit
bca9323c67b620064dc4b74e71385c849b7883cd,graphhopper_jsprit
bcaa241f4423d750e21f24c3474fbdf3dc7df86a,graphhopper_jsprit
bcd08cb22cd4051c089215d811e687273bfd9717,graphhopper_jsprit
bce6f1a9f506e04191f98859e833688403c34164,graphhopper_jsprit
bcf0f894f0f90bdd5c8669642e30ca23804db321,graphhopper_jsprit
bcfe9a401d63cce13880fa2b7a4efb4d2b6c2973,graphhopper_jsprit
bd063f548da2ce09fd053052e24694c3d02043fe,graphhopper_jsprit
bd2757c5fb9326db71e71132098d4670402b96e7,graphhopper_jsprit
bd3d4edd527aeff9137745c26e79cbda19766da1,graphhopper_jsprit
bd59d9478c01bb958e42da8692cf19c2c1f9ee9f,graphhopper_jsprit
bd5adcd0f18361a1404a6c05c91ba6b105c3b95e,graphhopper_jsprit
bd6ee2351cca68c508c119118f48be0a40ebfd59,graphhopper_jsprit
bd792b77eb382023bd1968ab4fab7876df7f5a31,graphhopper_jsprit
bdbbaf624108c97dc2d875dd2ff98292ef272766,graphhopper_jsprit
bdbf902383ec187ec09dc33b21041a212d6b39b7,graphhopper_jsprit
bdcbd0feab52c98a907e1858620d1dbcc6a8164f,graphhopper_jsprit
bdda744b14f570c5fec53ed56dd9fc3a6b4b37b2,graphhopper_jsprit
be00d30fde703205007d7078fe7402f5dd2957d4,graphhopper_jsprit
be0e17cf29848f630a4c4e0d01e9cd34e8440cb0,graphhopper_jsprit
be2358ab7c5cb50950d202a6933db64d6e0917f4,graphhopper_jsprit
be250d1d38e73cdc9a296f41bcfde457b64b8cce,graphhopper_jsprit
be37773f37cec2ee355dd4732c964b28f5c832c1,graphhopper_jsprit
be5918a67d95c162a3edef558c0815e8a442694a,graphhopper_jsprit
bea589dddd98012d4dd044281d134e2005e0551f,graphhopper_jsprit
bec373ba9416bff88795ec3c9062fc1ed5aede13,graphhopper_jsprit
bef40ce8cf5f33fdbcc4945b8a6819caf49c72b1,graphhopper_jsprit
bef5f4ca5337108b97a7795d5ca8dbe66694022b,graphhopper_jsprit
beff8794718b1cd915128c9e437d128f01c03304,graphhopper_jsprit
bf2104d03b95ea4d85151ff770d72a246d91684d,graphhopper_jsprit
bf40087b222decb95073722ccc2e6cf0f01d673e,graphhopper_jsprit
bf402f7c695e613cc5f21e341d1f632c62c99ff4,graphhopper_jsprit
bf4b01e681a3aefa3f840155416afb0e65d2deae,graphhopper_jsprit
bf597eb8ec5d4fe4917d750f18d7339c90890435,graphhopper_jsprit
bf8acf685341bd46e7bd87df87be4bc4044c05a6,graphhopper_jsprit
bf8ebe1b3290cdd432b107c8ee64fc465aa810c0,graphhopper_jsprit
bfa932cb29452c8301b14a58d4e627c40f64b855,graphhopper_jsprit
bfab93f3d925abd0c221b60213743bccb6860fbb,graphhopper_jsprit
bfc05bf96640cc907345d7509102fe2c4b8f2760,graphhopper_jsprit
bfdc75c79a976c850660574639e4b15aee72828c,graphhopper_jsprit
c0218b39272bd967680f5dcab5d02e1c51afd2f8,graphhopper_jsprit
c03c95d6d0bdd772d5f06cdee38ed8d00af66ea7,graphhopper_jsprit
c04d3acd51d635239f5f70ad89963caa004bfd3c,graphhopper_jsprit
c053b779d11879e06241e18f6e4a92581eb97d29,graphhopper_jsprit
c06066503ae3cce24b0a1ed71b9f472dcfcc31b3,graphhopper_jsprit
c083b74ea7c11de48c8513b4f9765a475f07729a,graphhopper_jsprit
c0cf228140be0c3a8ff61537231193de28c2aa33,graphhopper_jsprit
c0db7ab2cb21850ba87bb35faa3b9c76bfcee223,graphhopper_jsprit
c0debb2a4b92abfc4a04496177ba675718a3fa7d,graphhopper_jsprit
c0f713c7ad49d14741b05520d479abb6820f9152,graphhopper_jsprit
c0fb7bbcfaaa759b12fda08ea12125040a4e8abf,graphhopper_jsprit
c109fe676fe66afec56a097612365d517522f3c4,graphhopper_jsprit
c118f692a4fe7bbeae427ae398c60671bf1c735f,graphhopper_jsprit
c11fd8d4359185294aeda6f5f5ddf4a3f130b98c,graphhopper_jsprit
c124d6627793448d783c7f97229218823355faf0,graphhopper_jsprit
c12aa8afc5d791dc2b48fad27d8bd104608e17e7,graphhopper_jsprit
c13a5a9c1a762c061f18e6976aca47c955a17f76,graphhopper_jsprit
c13d6d890193505e0ef42bddd2959644a46aa86e,graphhopper_jsprit
c14534da91a421f5e5531f867da711f07bd809d8,graphhopper_jsprit
c16e77503c630baa027a35a1b8e995f7ea491270,graphhopper_jsprit
c178ebfc156409e2ba5198d21aef8efbe8e66e24,graphhopper_jsprit
c1849a9d5a7d60198b7599014bb2f3aa7f1a33ad,graphhopper_jsprit
c1919649c7abd7de021b1c3c36e71333d08d22de,graphhopper_jsprit
c1a5f82ba1e4cd4c55a91e2c07d31b51e54d4552,graphhopper_jsprit
c1a936a1e2b3fb750c9d0e37ed0c95349c4637de,graphhopper_jsprit
c1c140e683921bc1b8794579b9ca19f157916dd8,graphhopper_jsprit
c1c566ca9630fb8c9e7513df0a04cd9b0e75afa3,graphhopper_jsprit
c227c2422b3de452ad0816642934e4f203c38866,graphhopper_jsprit
c2377252ea35b67565a0a4b4dc33bdaf9069696e,graphhopper_jsprit
c238533aa5333817ca50a6d8974eac7a1a68dd1d,graphhopper_jsprit
c2b5046178689da2b67ea1a136283bd439caf393,graphhopper_jsprit
c2b8b4cd8a34f1b3354e8978806edf61f3dae669,graphhopper_jsprit
c2c3062a43ea9225bd27f66896c077e7881ca077,graphhopper_jsprit
c2ebc02579d4635e5388c848a31b2dea8d8a38ab,graphhopper_jsprit
c3043a743126ea322ab73ecf23fb1336510fd947,graphhopper_jsprit
c3155a0938812d4d5fb316c831c9119671cfcdd6,graphhopper_jsprit
c31949f53869a0bb965ca6eeea5e7c7d8e1bf95a,graphhopper_jsprit
c31e61a797f6164342f6e52b458e066198d4bc52,graphhopper_jsprit
c32507329dd45bb03c78d69a589fca0eea65f20e,graphhopper_jsprit
c3514dbf23d4154d98fdac65ce7430307bb6afd3,graphhopper_jsprit
c3cb62f0cd71c39ed5684d451465f96d03a5796e,graphhopper_jsprit
c3cfb5529891ff8f2b00e5898cd8b5a5b9679518,graphhopper_jsprit
c3d4ade587e1e032f204a80493e8bad2395d67c5,graphhopper_jsprit
c40e24ae45cef0e78a342c5dc5dec6350d9e562c,graphhopper_jsprit
c465cf16da8dddf405573d57442673221a7c2188,graphhopper_jsprit
c46b6f786887dfd3cae0cd319989b79af2ec2a62,graphhopper_jsprit
c4703376fe8a96c0d7cb83119b9e9721db1da3dc,graphhopper_jsprit
c47204278143d1aed40b394ff93665aad6050da0,graphhopper_jsprit
c47dae32d3630b9c3c179ec4fdd6325d47eca66d,graphhopper_jsprit
c489207bf3777f908cb20377ef6a51825830f2f8,graphhopper_jsprit
c4bd72bae800357e1499e053646c223270671f68,graphhopper_jsprit
c4c5a9a8b30e60a5b0ca59528750de1c22d6fe5c,graphhopper_jsprit
c4c7de152fc52bbb127da5578d7402654653dc26,graphhopper_jsprit
c4d2e65992200cfbaafb751e29e68b804c6befe8,graphhopper_jsprit
c4e97d7837f6ce41bb5c35a47764eed8c2cae5d2,graphhopper_jsprit
c51fa49127be8c7d95da8a480c7ef0a55c090bcc,graphhopper_jsprit
c528b6d430e1a565ffbbf5af791aea6f63fbf211,graphhopper_jsprit
c54d5155e806d8064b46ba71b3696232c80bcbbc,graphhopper_jsprit
c55a6c54bd76ea7fa964beb2c1d69c2d44977c32,graphhopper_jsprit
c55af1ce598edf20a3a0c41199a9b9a6da45a963,graphhopper_jsprit
c55d67e3c28210b03d9ab2c3cb4eb6cfbe67dab3,graphhopper_jsprit
c5617602989f71d152b039d8c7d9ac9f7c16f826,graphhopper_jsprit
c5a320c91c2d445668fa4b41733d0f5944f05ac5,graphhopper_jsprit
c5b20f4875821a4934c5207b8938453cd0d2ebfb,graphhopper_jsprit
c5eb1d8d23082653c2e53bfbc8bb2a090a32ebe9,graphhopper_jsprit
c60ab8afd055cab1b8c7826b493fcae8b619e9c4,graphhopper_jsprit
c61d8b063286c4b8e425ef58db6fa8885d545726,graphhopper_jsprit
c62aa94021d6a52019b191c3db35fc9a950de301,graphhopper_jsprit
c638f4bf9a2ab389907380098d423259bbbb7760,graphhopper_jsprit
c64b56ae88741b74e407599b8e1254423ea411f3,graphhopper_jsprit
c6aed811c3677bad8e913914578adff43998cba4,graphhopper_jsprit
c6b1336840e3a6a798ba2b8618ac4be1a7a07904,graphhopper_jsprit
c70cad6fe60ddd6537b7c3a432714dbaa8a20f51,graphhopper_jsprit
c7234158392bd6f4b151e8712fd8f6a4b54aaa00,graphhopper_jsprit
c72c243bf05686834eac4faab318e8561cf315f7,graphhopper_jsprit
c74c519218ebd50b94ef5e52cbdce6e6b00b18b3,graphhopper_jsprit
c75cbe2328740e1ea49e37b5786b82de490f1346,graphhopper_jsprit
c75cd5df9e63958046ff0fbeb89acc1aad9af6a9,graphhopper_jsprit
c75d3d5cc2f7fb552af280fe34e0e8c26a6652d0,graphhopper_jsprit
c7724cc87057d1972a424de84804571c05704649,graphhopper_jsprit
c788b477b623f93d2124d0cf254ea1691ffe9c72,graphhopper_jsprit
c7a5727b0e37ceca2c4b7f94c66a2da2f8c4d787,graphhopper_jsprit
c7bbc1995f839b001908fa5d09a5d3818af6a8bd,graphhopper_jsprit
c7c42b54a0e054674f165d0b437de8d1d37da6cc,graphhopper_jsprit
c7fa7395fecfb044dfb1b993b3bf6f17242875a6,graphhopper_jsprit
c7fd1a96ed2f34f754f26c291692193411c0f409,graphhopper_jsprit
c803ed70465fee942f5c895e6aacb5b90d285681,graphhopper_jsprit
c809d4b7c930c901a0ad0fd29fcf63516cc5ccac,graphhopper_jsprit
c832364557abc5c1a3908a9f10b4d5e63caecfd0,graphhopper_jsprit
c87ee60f2690a988b8e7eeb1dec46887d29f3997,graphhopper_jsprit
c8882a56e48e9df3cdbb9dc76a0e9131ffdb7e34,graphhopper_jsprit
c8cfad817c434315803c66fa3b36c3ba7b42b368,graphhopper_jsprit
c8eb1dd7b4407b852a5eed66f9d953856211153a,graphhopper_jsprit
c90502e1a2b1f98a797d15965a63b69285c97d08,graphhopper_jsprit
c96c2ee9fa1573bcdd8a506b764af055a23a2057,graphhopper_jsprit
c973712dbebeae3a300542b10748927c0eaaa642,graphhopper_jsprit
c975584c68ca21d83a9dcc14fa4c745b47f17cff,graphhopper_jsprit
c9868df42e2751bac3f5dc15cda8c1a99ba783f8,graphhopper_jsprit
c99b76e8660bc8f0b62173c5444dc5c20717fd7b,graphhopper_jsprit
c9bdb57971a31f24794f2029f7fec93913e3a5fc,graphhopper_jsprit
c9cacbed098d8f37d6ba11fe104a98759f5d0bef,graphhopper_jsprit
c9d6f8fa1aa44ddfc84b7ab6649e5b146a0c9371,graphhopper_jsprit
c9f75a826e1713a381fd1777e01d8c0775c5ac34,graphhopper_jsprit
ca0caf450c01a7ac6ba85b959bddcc20975dabc6,graphhopper_jsprit
ca26171548141160b40ba92a3d54bfc6ce5ff6a3,graphhopper_jsprit
ca2a844aa3b96266c1a78635e080f566111eefb3,graphhopper_jsprit
ca337aa18669e69c68207583dacabbabcef05604,graphhopper_jsprit
ca395e5485415e10e4222f79da0b43ade5ce9ff8,graphhopper_jsprit
ca3fea086662f5eb29062a26789d0a1d65400f12,graphhopper_jsprit
ca70145f1e00892b296ff71cdafe8487eb83a102,graphhopper_jsprit
ca72c6f05fc13549667579753cffa880abe7925b,graphhopper_jsprit
ca7456eff3fde5bff4d87d1c92f0ae3fb43ffd93,graphhopper_jsprit
ca86a6651bb3941a7958c3c06413ae803d0600b1,graphhopper_jsprit
caef965315d8eecd1fe1dba56fa71586bd733507,graphhopper_jsprit
cb055c0b77df2d02adc0b4f40e5f94e9c9156e22,graphhopper_jsprit
cb08d19397ef269eab37b07e1bda35189d9909e7,graphhopper_jsprit
cb405a83f5779449b24e34a2a6cca8d227b35caa,graphhopper_jsprit
cb50fd2a666179955bf09f3217d461a6ed622d68,graphhopper_jsprit
cb76779699a28a71f24460b538bdbe3b3c032a17,graphhopper_jsprit
cb7aea9baa06425d9f4269218f0d0d348f8a6aed,graphhopper_jsprit
cba03290263958285fc6a4af76a1f8184f6d317f,graphhopper_jsprit
cba6a759e0d377e8b1865d6ef240083db37ec1ea,graphhopper_jsprit
cbaa4400b26333d39fbcf6fd143ba3c10dc44353,graphhopper_jsprit
cc0d2442ef9124deb7935b4569f2b03c1d3b3855,graphhopper_jsprit
cc23fa446f4b53c26e680b7f4b088980229dec57,graphhopper_jsprit
cc254b299301d54ffd6f9f66f1dc81c5814a5f9e,graphhopper_jsprit
cc3da50d18909912ee6e110ed9679d83a603c832,graphhopper_jsprit
cc3ea474271ddbd26fd2107093f720dcc3e4f433,graphhopper_jsprit
cc47719eac0553fad7e0d9824475237f8efc4675,graphhopper_jsprit
cc507e9cf5bbc901afee4ee1c07da1ee84711beb,graphhopper_jsprit
cc609ada163c955b2c536f8c5288fc9fdbc2138d,graphhopper_jsprit
cc6c2763b89a5507325867328203486e53fd6723,graphhopper_jsprit
cc8f0ed2d8f2d6333866b1e8179a75369b17d3b9,graphhopper_jsprit
cc93458c6aed76a622d9041bc00725e24d9eab6b,graphhopper_jsprit
ccca0f529fc817f135e11db85483a1e0c7a39548,graphhopper_jsprit
ccd3794fa4020720df19ce8a2b4bda05448a3ebb,graphhopper_jsprit
cce3add991dbd0bf213ba1a2f74b72f8aaea9a97,graphhopper_jsprit
cd3fc25ed0a71bd773cc3ebca7309b3f24b24ea3,graphhopper_jsprit
cd6477ce146ce989f64020a86b37487c8fb8a69a,graphhopper_jsprit
cd65f66c86705cc526024ee5334b794145c6118d,graphhopper_jsprit
cd92742547b34772082a2dde5d7eac40f2747d30,graphhopper_jsprit
cda8b9063024fb42abe2b171b334cb6cadc111f6,graphhopper_jsprit
cda8f833b052053b5d9d82e373de380aa2a90e0e,graphhopper_jsprit
cdbdd23583ca08531110682a3876bd458eec37cd,graphhopper_jsprit
cdc0a457842abea4f0c88438d5115030a497b8bc,graphhopper_jsprit
cdde92da22a523c061f2d6a97527fdb4898daad2,graphhopper_jsprit
cdf4878bf934d4f0e787e07446c62b775a90f7ec,graphhopper_jsprit
ce0607adccd268643e4f5884628ebbb7af14543a,graphhopper_jsprit
ce16a1aacff89754414fc0ef42448290d3fe7214,graphhopper_jsprit
ce2abc8c629e29d09c7377c72d11ae80b55a53c5,graphhopper_jsprit
ce3d37d91cc76c3bff8fad9e4e63a6f3a3f9a4f9,graphhopper_jsprit
ce4c3acc396e7f3aa3d61437008876b4bf32749a,graphhopper_jsprit
ce8307c77304ea5795f5faec08b8f886c03f928c,graphhopper_jsprit
cea251b9425b76514741282ea7b77f52032a43d7,graphhopper_jsprit
cea61b104e12e3f5ac68eda281c76d9ee90bc21c,graphhopper_jsprit
cea63fd5cc2fe790a295037254849ae377f16aca,graphhopper_jsprit
cea6fb29077413b4496c6869fb4470a915fb6b05,graphhopper_jsprit
cea886bf342f8629ae31db08c2f6f0470c0eb420,graphhopper_jsprit
ceb28c711ccdfd07e6651a1a7632c23ecf5e780c,graphhopper_jsprit
cebbe3a60d71a9c967c16d3f0fc1fdc971aae258,graphhopper_jsprit
cec4e4235ec36d6c58482b580005852f1646ee02,graphhopper_jsprit
ced3a65ea7f820e766aa4c9a6a622835c52a16f6,graphhopper_jsprit
ceede9bd2f0147202657a424bd1dc9a47fb1ff6b,graphhopper_jsprit
cef0453c9064b7c9c0a8a223a325a17488f01630,graphhopper_jsprit
cf0275b748130c20591ae262417be8cbc07f2db7,graphhopper_jsprit
cf179b2f07685860b456041920cb10cf0bfd2625,graphhopper_jsprit
cf23178654971b3e83d544449c1f752d6934490a,graphhopper_jsprit
cf284ee27db547f29f1b86d599493e4a70eacaeb,graphhopper_jsprit
cf5b5fa2677ca1679ccd7174a5bd5b369081f112,graphhopper_jsprit
cf8b241706388b12a745325d80d72725260c1e71,graphhopper_jsprit
cf90ad55ec6be187ec71a1b3be7586fa5a303a43,graphhopper_jsprit
cf9a90e498d7ac50bc86bc6da8a47e9a03da6184,graphhopper_jsprit
cf9d3c077921a8a761509c539a70522b8c0bb901,graphhopper_jsprit
cfb6918c9cd125c5f72639528376a793d576eaf8,graphhopper_jsprit
cfc7c5bc97fa0381efc1ce11bfd7b1a95e83df8d,graphhopper_jsprit
cfd60f5eecea8a92c433f79bf6852badfb4f1867,graphhopper_jsprit
cff1bf4c4aafa501715c24c7aa0580d88fc97bef,graphhopper_jsprit
d00f1594048ceaea29e5df5e845ba6e71d5687bb,graphhopper_jsprit
d010bd5e0ca8250533eb76e00ec3bc3e12a3fe04,graphhopper_jsprit
d017b7c7e1fc4b048669c83547978edd6a439ee3,graphhopper_jsprit
d01f89f98c7298930f7752bf323d579f02fd8ded,graphhopper_jsprit
d02d9070f71e246ae2c26ba8d47fea1299cbacad,graphhopper_jsprit
d03906950ff6875a99fa34ce772444c6dc2e558b,graphhopper_jsprit
d06f6ddc4be9c04977059fdf7271556d3e0f15e5,graphhopper_jsprit
d07a2766cdd467cf3ef316ab230e14c156c0da01,graphhopper_jsprit
d093e090ef02b1929462c857b609522353aa102f,graphhopper_jsprit
d09e9c0acf6a18e6c46a84c15b806decd96b2b37,graphhopper_jsprit
d0ead0ee6dd94ea0600fa553e5986c466c285cbc,graphhopper_jsprit
d0ebc2d60b80bb5b1416c6be206035f0592bc1c1,graphhopper_jsprit
d0f256b39162b784f4435656c7d2f8b0bfd41042,graphhopper_jsprit
d0f52999be67c44c29305325afcdf1ad875f6984,graphhopper_jsprit
d102cbb651efb9798e3b8a41d3f11cec42a2bbdd,graphhopper_jsprit
d11e11fc8d44fb1b270ff4dcf9af01bfb9fba29f,graphhopper_jsprit
d121866b7f060943d930ad803a0b4dab13e2dc5e,graphhopper_jsprit
d1368284acc025e3325688c374b4737011928944,graphhopper_jsprit
d13964157ece0e30a4f355aa88455a26b2d07064,graphhopper_jsprit
d14da72f645a22e53abe6776c4b2d48607e26546,graphhopper_jsprit
d15e710dcbae54f05120ad73c4135f5c4c59a447,graphhopper_jsprit
d1858550787f7cf488e0ca135c40b5352580fedd,graphhopper_jsprit
d187d9b0eb46c99541b4ed261f78701fc3f2880b,graphhopper_jsprit
d1948fb255dbca16464eddc2735b3f7878dd863c,graphhopper_jsprit
d1a70cbbafc234ac1bc6d39ed699a40266c85b40,graphhopper_jsprit
d1a8367ba594d601c385ab4017fd6c6efb0f2887,graphhopper_jsprit
d1dac2d622e978ac839e3ba49cc8037b40ae5762,graphhopper_jsprit
d1f546c90354368ecd5aa5992b409066f4540466,graphhopper_jsprit
d1ff36f69247bfaf93be42cbe8e7cb396e640d8d,graphhopper_jsprit
d2151f3e1fd0a05ab58cb48113cccbc01d071958,graphhopper_jsprit
d223475cb43a75bbce0c07b60155c024878226eb,graphhopper_jsprit
d2327fa968cc18214163617eec86bded16951cdf,graphhopper_jsprit
d241647f34e35e59bd223c781a9d637d5010ae80,graphhopper_jsprit
d24bd93c5955369dee5be38f17cdea499d1acf2e,graphhopper_jsprit
d253c262a8c37d9fba26d2723aa1246ae6422cce,graphhopper_jsprit
d2576be01014dcfc2309219df04f2cab0fc3c2d0,graphhopper_jsprit
d26fa5b40e76b6dfc8074a1eb2c776149cf13cf2,graphhopper_jsprit
d2810e6e6e08a3973414078c3aa8b19dacafe347,graphhopper_jsprit
d28471fbdaf2989ad8905d37e1db32cd6cd1cfeb,graphhopper_jsprit
d2b896c10499fe05a19f2d8406be33d6ebbac525,graphhopper_jsprit
d3093720ed85432913827a6761f2b1bc7708af25,graphhopper_jsprit
d3119c91acce807fa6e9d7c3cc7e092fc7891ab3,graphhopper_jsprit
d321507645ea7790caf3410999df558ee16b2afc,graphhopper_jsprit
d34eb1f41aa444edacee542f1e59626269aa9971,graphhopper_jsprit
d3510048d5bb46d723f761bb94e98cbf1fa1e5ce,graphhopper_jsprit
d35f84677129bd6f81c08dc0fc2742d5283c6a75,graphhopper_jsprit
d3df091ece43e4f913d68c9418372653a1b3af2a,graphhopper_jsprit
d4106fb6d05b676f26c47eba74a978a145fb5efd,graphhopper_jsprit
d4169d7797554c474489165f39dba5e70f9275c5,graphhopper_jsprit
d41ad158cdd99450b08b8675e27bcf6f63586965,graphhopper_jsprit
d42a3e46e173e446dd7115559d688a72eda4fad1,graphhopper_jsprit
d434ce49026af20b8cb1e997b3c8993d60182ec0,graphhopper_jsprit
d43877f3f671c8420ebcb78b17fbc607af478f12,graphhopper_jsprit
d44e411aef141cfb99c7bd4f0a36ff83695d1f6e,graphhopper_jsprit
d46fed424d5252b9ce621fabb56d18b4a4b17cc8,graphhopper_jsprit
d4842fc68a108f6b711608d2bfe85c39f079d3b2,graphhopper_jsprit
d49ad4155f959cd41e542932cb6a3e9872495ca4,graphhopper_jsprit
d4aa2d6cf1964f352f1ed5c70c99451394641f0b,graphhopper_jsprit
d4b22a30dbaa30c8e73ee4296742604a8b1c2e1f,graphhopper_jsprit
d4b6d311c10143dc067af1abd5dce9cffb529c2e,graphhopper_jsprit
d4b7637b07b998153fec78ee6b4fad76061ba627,graphhopper_jsprit
d4c377ed027e76d9790eb435c238142a68f40701,graphhopper_jsprit
d4df1723ca0c447b376fe6dd1c33f51fba02884a,graphhopper_jsprit
d4dfa4a46849de62669f201781042b13b4329335,graphhopper_jsprit
d4ed0bdc2f6b58965b124e0794b293229d948d1b,graphhopper_jsprit
d50ce05a76df89a5af868640d84303fb65484907,graphhopper_jsprit
d526ce00800f18dbac328d67f01c30b1d85737c7,graphhopper_jsprit
d549a9655ad3dbcd80089a46bcb2f54cceb13025,graphhopper_jsprit
d551be0ca5e5e1a7cf7450440318942fb81cc925,graphhopper_jsprit
d55c080feebbc5654d724f136527d44f8b7cc222,graphhopper_jsprit
d567505e1794da32c6f1f203a114f02686545751,graphhopper_jsprit
d573146e35587fdb6bd849ab1a74953bfae157e8,graphhopper_jsprit
d591165281f0f06907a914a3cec8207e26656653,graphhopper_jsprit
d595fe6831316deca712028529d00ca98c89f2a1,graphhopper_jsprit
d5ca7171355c456c5c5583d966ca039f6d5a54f3,graphhopper_jsprit
d5f84a6586a225e74292513fa6b4a0b5315ed2ee,graphhopper_jsprit
d628f23b4d709f22306e1e334bfb882db1f72b40,graphhopper_jsprit
d638ac11bdca481f354a04779221872e843e5460,graphhopper_jsprit
d63abea7643a2a264ff029ec91398d168276963a,graphhopper_jsprit
d644d5ebcd3d68b635b15127d45f20cb4688659b,graphhopper_jsprit
d6802f5defc3f4d5c9d1ad400e068b332ff1e2bb,graphhopper_jsprit
d68560b145e7b26a4cd54af8baf8c8cf4dabc2df,graphhopper_jsprit
d686c58f356db9cf41d75857c2ef12d144f6440a,graphhopper_jsprit
d6b034ae11dda7c3e59ca7c8b2135870df488896,graphhopper_jsprit
d6c316fdca8e4c7f7ee162699d4e62fac64fd969,graphhopper_jsprit
d6dfa39ed25c48ded0c785cb3fa8068cb0332004,graphhopper_jsprit
d6e17f03ea346b97be5917be7e8b105455a7e79d,graphhopper_jsprit
d6e5ca38a950abfedb92d8d1cbec1c5bc65628f1,graphhopper_jsprit
d704b6e365c382029924dfe12cad9863be242ffd,graphhopper_jsprit
d70a7c460669e0925e74c0c41c600994e242786e,graphhopper_jsprit
d73a86ee4bf2adb34e1493c5fa96d05dc429168d,graphhopper_jsprit
d74831b38c56bda12d800562fdf1c49ac0d81450,graphhopper_jsprit
d7546c91871b77e894352791d48c2a01c31e8466,graphhopper_jsprit
d77219c30470462480573728054ec07578acbdb8,graphhopper_jsprit
d77ca6840a177fbed061840af7f1f035b9c28eb3,graphhopper_jsprit
d78297a2144116a7adfbf9350c7637dec706f2df,graphhopper_jsprit
d7877e4f20c6adbdd04f877c7c40c30d3f9d41bf,graphhopper_jsprit
d795cf368037f977960e11e1d623a21f02d43a04,graphhopper_jsprit
d797ea8276845dc74bd91e916f753f284c237536,graphhopper_jsprit
d79efdcabdbd08942227b32bb7c50757bc560bd6,graphhopper_jsprit
d7b4122e10c7df4b7d3aabce0be7a721f187bcc5,graphhopper_jsprit
d7b4d1d15d3eeb6d648c0bce49c31bbb62bc8251,graphhopper_jsprit
d7bd9698fef65a3d505756b8297d7f6f8a1df642,graphhopper_jsprit
d7da3b95327ebbf83ada523777e074dda2da56d2,graphhopper_jsprit
d8066b3197a1d5f60bd83bc236029ae8edad94bf,graphhopper_jsprit
d80f6bcd6dd3c09d71ae5e77b3b511f2f8753e5c,graphhopper_jsprit
d817c763d28db771702aab61017f4e10bfa892ff,graphhopper_jsprit
d81c341f4a22ef2f9fee11db6cd4fd1f18ef970d,graphhopper_jsprit
d8bb1ca95a88463d16fae99276292c7c1e9cca05,graphhopper_jsprit
d8bc46ca1f942828b48fdc86f9eb19c60841b5dc,graphhopper_jsprit
d8e585ce365e77cf3dafeb60bbe8a8ac03db6fdb,graphhopper_jsprit
d8f7af7fb5a426d094db93092f62b0f94fe30d42,graphhopper_jsprit
d918233fb555b2a6eac1e4d5fe37343e6e1ffafa,graphhopper_jsprit
d921a711104cd731452887bd4ba2a8283d9a11a2,graphhopper_jsprit
d923859768cb10450d6ae1d454b545435cc1e56a,graphhopper_jsprit
d9330338e7638c3b88a5dd4a22286611e9e9bc16,graphhopper_jsprit
d9391c6d4582b408346054b8f959e807bfd4b186,graphhopper_jsprit
d95b1d2f1467636975ce7acfaf663b2146ad4224,graphhopper_jsprit
d96efe34787578479fb6d1aceaa3d26ac7250692,graphhopper_jsprit
d9a2973e664de9f5dffcd161568defc697d79aec,graphhopper_jsprit
d9b5d8ee96abb61495d754da40be1386e4d5a77b,graphhopper_jsprit
d9bc6fafaed2894f41ce6ca8735a6d66b198561a,graphhopper_jsprit
da0bff3ac9bc773af1bb3aaf6e7fcf28f1afba36,graphhopper_jsprit
da8b034bcee0080177441d99856187a53f432e9e,graphhopper_jsprit
da971297065e3d6c3a42a1a16fee745590191993,graphhopper_jsprit
da9b6029351e898a64b7908892559da8e3b1d25a,graphhopper_jsprit
daaadbc8de5d4d67b27c3ba711dd74effc02f44f,graphhopper_jsprit
dab0309b7f892dc19410bdc19c71cab35d363a34,graphhopper_jsprit
dabe40c1c50b2c34d60b57d1fd4ab9287c65563b,graphhopper_jsprit
dad959c96ca85330791ef652dc5a86611cc410b2,graphhopper_jsprit
daf258e58680a78af53515c7cef784ef5340c8c0,graphhopper_jsprit
db0c39e1c2684a5797a1b450d482fcce966a43a2,graphhopper_jsprit
db0cdbe310c032d89ff1e589d93faf7ce349d7c4,graphhopper_jsprit
db1200277701b56faa276820b862d8c65e3a73f9,graphhopper_jsprit
db14ea481c873004aafb7918330c510fa6bcbcc9,graphhopper_jsprit
db4c6f0784a53942d0c99a0576dce32342ba6044,graphhopper_jsprit
db7bd290dca4693645a46d054303a42a881a99a1,graphhopper_jsprit
db808c4802c981e62e88a712bdb546c676be1b4b,graphhopper_jsprit
db888e5c1ef649f2d2eca13dc4d0cdc5bacd7bce,graphhopper_jsprit
dbbc4fa7fa4d8d0dcbe7fba3719f1cdddb58743a,graphhopper_jsprit
dbc072f6641b2596fa0893ec6e79351ee4bfe58d,graphhopper_jsprit
dbdb3372c7f54212447468df82de2b359eb7a2d8,graphhopper_jsprit
dc0425412218df0d05c50096b9b40f8503d816dd,graphhopper_jsprit
dc064c730ce1826219f64c76d5e4b074ad71246f,graphhopper_jsprit
dc09084fd67517ad18b11b0b9c35705c6667c1f9,graphhopper_jsprit
dc0ecb307fa4b1575124568a53e17aef11cf2ffa,graphhopper_jsprit
dc24411802a3099acede61b968b667316be8f0bf,graphhopper_jsprit
dc27cacd5f33b9c033b18b2df02a090b0d051be4,graphhopper_jsprit
dc41b695030dda235c14c4fd47f2153264837959,graphhopper_jsprit
dc52d9b2d89d604120cd922d681c1e90ea05b235,graphhopper_jsprit
dc6b9aa94cdda22f8ce33b6ca06275ecbd2e7422,graphhopper_jsprit
dc7685768bbac280d06f87eecc69e5caabb048e3,graphhopper_jsprit
dc7b8cdd5447c60f040af02c0a2fbc67a7365091,graphhopper_jsprit
dc8adca385406fd36c45f591f99b6bb1788ebbbe,graphhopper_jsprit
dc937e420cad73d5e162aac2598c62f863297294,graphhopper_jsprit
dce77b28030c31015ec4ad7e8dc69dadf4cb9e0a,graphhopper_jsprit
dce8019b801a4ef04cf0ecdbd3442e1f94394f5c,graphhopper_jsprit
dcfba5463d4f406e638f4f59e36b37b8f6e30379,graphhopper_jsprit
dd122b54e65488929289494cd58ec9c5ddaf2b2f,graphhopper_jsprit
dd2c7625b44ee10b00a019ea20a29b4d67a7c4f1,graphhopper_jsprit
dd3f29b5cc8c6f525ccd617880b1f8fb0a1bb3d9,graphhopper_jsprit
dd43783772bb7bd309883b0862b6c2a70175517e,graphhopper_jsprit
dd5b326e520d677606ad027827ef44884b7bfdce,graphhopper_jsprit
dd69fa608f66ba8575ecb82a8463c11d6ff5f433,graphhopper_jsprit
dda2cb445243832dc6e7447a02f8f04f3c9868e5,graphhopper_jsprit
dda9fa949d7c0e3d69bc836c16cc6764c27e84d1,graphhopper_jsprit
ddb00ce1cedad69dbf23900f0eb12856f822461d,graphhopper_jsprit
ddb3b29ed6c82a2ce9a30abc07d415d86529f05f,graphhopper_jsprit
ddb6c8d6580397aec13e9e5a6fcad8e01397821f,graphhopper_jsprit
dde8b01e1c3acbfed464318163c70d338ec70cc1,graphhopper_jsprit
de4e60ecc5d1d0574d12af7254b0056d17130496,graphhopper_jsprit
de54b79786cd1faa394ec1ae6dc5c61c324e7346,graphhopper_jsprit
de71cae33745bb34a3b7ca6c0d6bd8140b00a88d,graphhopper_jsprit
de74cce24549b7128b45237254b68fe172ce0518,graphhopper_jsprit
de7952fa8e8bef045ed4efdd1f72a34f12de629b,graphhopper_jsprit
de7ea60de59a565a0a2be1d25c39584b8045649d,graphhopper_jsprit
de8689060a66cf891ef200c8ae2eb8feded47325,graphhopper_jsprit
de97a4db61e64e659c978a1c03117535103137af,graphhopper_jsprit
dec11f646a6234a74afab8b591a60d56f026d8cc,graphhopper_jsprit
decd09037a3a0c0d7f9d05608ca3d1578a55496c,graphhopper_jsprit
deceb386a3db49c4dde47571332a9dbd9de3dbe9,graphhopper_jsprit
ded6ce1369d6311f25b2e92f8faf388b2de2cf81,graphhopper_jsprit
deda983cc01a06658cdfa76235998fadc66c7fac,graphhopper_jsprit
df105da98df16f1b5f56665a609e212749ab6a2b,graphhopper_jsprit
df1bb2ed2ca52757f79f7bd82f41d0bfddecbdf0,graphhopper_jsprit
df2e3e4b7ed331071d7b443f924c1004776d8eda,graphhopper_jsprit
df4ed02e033804d8583d56105f5df9fa2f6613e7,graphhopper_jsprit
df6218e98e8e02b088f839eb76373c5dc96ac884,graphhopper_jsprit
df8f3389f4f4c3e79db90cb25114d41b7cd0ed42,graphhopper_jsprit
df9ac4235d6e62f3f4e4613d5dc8600506ef5a6b,graphhopper_jsprit
df9fe907ab7317b13a201f9d41a02258f77d4891,graphhopper_jsprit
dfa1ed11ebe4910fc6b552f0ff49fa615bbe1756,graphhopper_jsprit
dfaacb1bf7106225a0fece7f3813beabb85b2d7e,graphhopper_jsprit
dfc8068eef20d256d0e7a6488a406287230b5c88,graphhopper_jsprit
dfd84ee5dbfd3eeef26bd6c72a6035daa509c3e4,graphhopper_jsprit
dfd9d47b18052c454c53edb5906ebb2508af34b7,graphhopper_jsprit
dfe25738bf61801a387a3d8e5b19417ca87176e2,graphhopper_jsprit
dfefb2a5f33b61be67cb5a96b5e394848a58d986,graphhopper_jsprit
dff0db8b9acbf5c25ceefa0ec39daf47f1c6a727,graphhopper_jsprit
dffc4087ee589b85011f64e981933de3505a0a43,graphhopper_jsprit
e015e3acd1fe461e2fbd15a73cfd473da8be3b35,graphhopper_jsprit
e01881446bcc886468c543d1af374342f47579ec,graphhopper_jsprit
e02fd06fdabd6806967c4913d9afbfa3d34cb53d,graphhopper_jsprit
e04bf55a14829cd7431abb97a6874b96aae85071,graphhopper_jsprit
e08241b61d1edc39dc50e46315c6dd0698717607,graphhopper_jsprit
e0a764c1132b9b5928f77c5462b72fad0c065c13,graphhopper_jsprit
e0b5623267571cb63d2d94cbecfef9cde962d8ea,graphhopper_jsprit
e0b86f972388396f5c33b03ed21ca85d42012f0e,graphhopper_jsprit
e100725654ec86dc999276adf4d41b626e39337e,graphhopper_jsprit
e10ea34dd34a9e2999f6e58c85216aa021fc4149,graphhopper_jsprit
e12136393ac7de594e67102999e7b5c7fa4efc4a,graphhopper_jsprit
e145151407494620f26e58afdc6878394f8b69ac,graphhopper_jsprit
e145862fc5486722a15a61188d3c1957f7d4aec2,graphhopper_jsprit
e15df333cc4194cd864c1002919daa022fb9b9a6,graphhopper_jsprit
e172f80d4d96b1eb469823180282053c0d505d17,graphhopper_jsprit
e1742de302af6fc696309979fcf2b6003b6c14ac,graphhopper_jsprit
e18687b046adf61bd92c950a44053f6ebc0874ff,graphhopper_jsprit
e18e7e28da27a0c7004f20eeec276c744e6af491,graphhopper_jsprit
e198f716007447e04093e33b3d6c2ce2a346cb6d,graphhopper_jsprit
e1a1e08c9c93cd1e8098d0cd593600d2995de256,graphhopper_jsprit
e1aa0a20ce136a94603e11d66f5d816373992d61,graphhopper_jsprit
e1c58f341adacd4fae6d48a31f7e7cad83395509,graphhopper_jsprit
e1d5f3165ab03967d072acdf656412968df36fc9,graphhopper_jsprit
e1e002131ea53c207e6eb620f796b16ca94ec0d8,graphhopper_jsprit
e1e231ce92809b6a6920a8f517e76bc1ef718530,graphhopper_jsprit
e20595cc58415fc2415e33ab4a9de89414ca21d4,graphhopper_jsprit
e215ea76d8fcf5abec2ef609aee361ec8ea04f39,graphhopper_jsprit
e21d1ff7c5a66960a6eabd7e225d73d757c5ad0a,graphhopper_jsprit
e23c3ae8a7e9a627e26b2f5d9806b1995db7a9b7,graphhopper_jsprit
e23dd22ad3e25112fd0c591059521353f9eb3c11,graphhopper_jsprit
e25b61cac44c88682263258cf6552a5d0f472f72,graphhopper_jsprit
e2ab285d0188cf3cc42595135bc3459207e72435,graphhopper_jsprit
e2c9c59568b1d68587d877d22ebf2711077d86d7,graphhopper_jsprit
e30dbd2a3a168623bfc3e1deeff36bf4b9d7b615,graphhopper_jsprit
e332cf3c17ad47f817020cf6b6891636d415bab1,graphhopper_jsprit
e33590b3801bacb45e00a12936b1713abab2265a,graphhopper_jsprit
e355614a4f9816d4cafacf7093d6af0b66fae8e7,graphhopper_jsprit
e35603ed34d8ee21fe7e723c403fe156208a8d5b,graphhopper_jsprit
e36ba0b34f10931beac066ef26bf32f309861d8c,graphhopper_jsprit
e36bad438bd60fa022b170df91f8aac548608f40,graphhopper_jsprit
e38deb8cadedb3d5f199537c44d628f62bb2d84c,graphhopper_jsprit
e399adcd6f06110d3b4d8679dcc1c06ac1937df2,graphhopper_jsprit
e3acb05b0afb2917a8abbfbbd7589fb5a26e4735,graphhopper_jsprit
e3def5d94a9d4838839c05bd1fd64a8297d3c6ce,graphhopper_jsprit
e3fde8bb05b2966a2c424d5580d82589abf157d6,graphhopper_jsprit
e40f743f0091d25487a83c554ad54d4c6abc0919,graphhopper_jsprit
e453832078f1da7ba0f5e9ea15716552432829f1,graphhopper_jsprit
e47cd74e7662d6a80f9e55b0ebcc10e590ce25d8,graphhopper_jsprit
e4858098cfca0625d359071410732249d49faef9,graphhopper_jsprit
e49fb8dd9bca229f9a2fd6ee15338e44c21e555c,graphhopper_jsprit
e4b5bbf5fa6ee3787de411eb5652db635852a193,graphhopper_jsprit
e4b5d097cca0f950e1571f5538ad36ee9027dabd,graphhopper_jsprit
e4bc03421b5a7fe0c44b3b61a8cb3b57a57abeb7,graphhopper_jsprit
e4c90ae6be805288faa4c6617eb2801bda3d4c21,graphhopper_jsprit
e4cabb17f28bda172f2aa2dfb644a39c5364d3b5,graphhopper_jsprit
e4e556786b648eac6cdd6513efc5d88a8fc06d2f,graphhopper_jsprit
e5130cb26233bc3544b90be62881558c49f78a0f,graphhopper_jsprit
e51b0c96a8c9dd57f28d89373742a1417fbaf528,graphhopper_jsprit
e5249a711363cc0d708606ee9447712bff5697ab,graphhopper_jsprit
e532b434e8cfdd4e02bd707796bc81f4f562eb3c,graphhopper_jsprit
e543665da27ca9535f276a0ecd2d51398791fbe3,graphhopper_jsprit
e5538d4f3637e1349f156ee69d04cc56e8b25ba0,graphhopper_jsprit
e55ba0ed661e82276c42dfe429969c711d2f4ed7,graphhopper_jsprit
e5a8b92fb4c8138d0f2f2d366b1067c1cec49b87,graphhopper_jsprit
e5ab5488918f36d0cfec2620312c42c4c8553415,graphhopper_jsprit
e5ada2f6d9fa598f3692b57e9796205451269195,graphhopper_jsprit
e5bc5f87cb34c90d8e885aadc536131671ba4b6e,graphhopper_jsprit
e5dabbdf6459f40563651b1c70954a8d4a742ce9,graphhopper_jsprit
e5e5783d67e30d958eb482ca3b9180c80585a3f0,graphhopper_jsprit
e5f6edeae4f464b9d7aa475daf141692292fd73d,graphhopper_jsprit
e60f7c683c308a1b509adc884eaf74ffdd77b577,graphhopper_jsprit
e624900e6825c02d9fe16417da9fd44684879b15,graphhopper_jsprit
e64e4d204192a464a43af70f33932fcd09876463,graphhopper_jsprit
e6588d841ea74ba8fd24e08c94a64d613806a557,graphhopper_jsprit
e65d36d7846734b908822951201d6241c107cfe4,graphhopper_jsprit
e660cf9a419a8ec050cd211a45c76eade63e890b,graphhopper_jsprit
e68df7a8748718fd7f6c0956a3bd11c9cf6d85cc,graphhopper_jsprit
e6af5310fdee95db6260fa927df11f842b61ecf0,graphhopper_jsprit
e6c8f51b2102e2bcaeec3778467015b506980809,graphhopper_jsprit
e6d7c4322fe4e16c66c3403b622f160e156a0573,graphhopper_jsprit
e6f2276eb0632988a79cacb6876e433b4c37419f,graphhopper_jsprit
e6f5b6fbb61ff85db0827793cc02db8ed9b7af2a,graphhopper_jsprit
e6f671cbcc0d0aca951adf69397da2613dface91,graphhopper_jsprit
e6fb59147e5f3ba789f51f9a7339f622e891b639,graphhopper_jsprit
e742231c5f271584136c262dcea2dc965ae40bdf,graphhopper_jsprit
e74885d83b3964fdb41a2aba74e5b1dbcb4fc4c7,graphhopper_jsprit
e7b2564f74442556854e6b7d8995fff2bb79597b,graphhopper_jsprit
e7b782df9e857ff6e055579a96d5acf52386dc19,graphhopper_jsprit
e7c626e785e93fa72674a2637080d94364466989,graphhopper_jsprit
e7d1019b8f41006d1df5a5c2ab9e631d726d8bf0,graphhopper_jsprit
e7d2acbe901bfd50b59ed074184f399e109be5eb,graphhopper_jsprit
e7d39198b9001368d16ef4442fa6ec76138f8c07,graphhopper_jsprit
e7d7d3c799d2df10d8f991a6d0cfabb359ccf7f1,graphhopper_jsprit
e7edd6081a5fed9c76e6e964fa014964be872d06,graphhopper_jsprit
e8175b11f9dfa5c27ea5f196297b4bb44a755ac4,graphhopper_jsprit
e81b37c57af732e61d913f0157fd21fcfe3b070f,graphhopper_jsprit
e845687beaa1b630355b509114246113915060bd,graphhopper_jsprit
e88b958f68948c8d02ed68806c7e6eb07a45931c,graphhopper_jsprit
e8a9363f8361e13fb63daa52887ed781d2d26a94,graphhopper_jsprit
e8b31e9bb1622f21892ed2a39e8a7653ab117300,graphhopper_jsprit
e8c5179cb42e709bcb79c60eed0b0fb4989dbb2e,graphhopper_jsprit
e8d13ad7aa5c9b42a5ed523e1ef6ba5f4e95bbac,graphhopper_jsprit
e8d3bd03ea9bb5464c7a2fecb6cd634994216861,graphhopper_jsprit
e8fe642e16737beeeb03d029ed2fa095d4bdec4c,graphhopper_jsprit
e912979bbbc7096a901b7a260c184f905559fc92,graphhopper_jsprit
e94a76fd1c5c16e60754f2d6cdeec4fc9317467e,graphhopper_jsprit
e94e2949d1f8fcb90b4723c48172dab7becf4876,graphhopper_jsprit
e982252fc727ae0a6f2762e3b77c42eec695428d,graphhopper_jsprit
e99392572d07276eaba90a88b959045f266c7948,graphhopper_jsprit
e9a3f98671149678485344ff5d436fb17fdae132,graphhopper_jsprit
e9b1cd09ab355c9409ee8d00cb4ca70231799a45,graphhopper_jsprit
e9d3549f955abaa9424b763689907a2b781911da,graphhopper_jsprit
e9dd73f77c05bcf864c27f40b91877bca55f3c4c,graphhopper_jsprit
e9f36b99dd07500d9ddfc85709d1698245edd432,graphhopper_jsprit
ea1450527d28482d309b6b4b6e382f0b811ae899,graphhopper_jsprit
ea1889b15a0f0ee5e44472e64895b74b8c90878e,graphhopper_jsprit
ea24956c482b956b96444a0ff3e20fccf3c6dd49,graphhopper_jsprit
ea3da1eec0f8565078cc19abc46f8f763dcf1b93,graphhopper_jsprit
ea3de71046d55f39e0f3119c81171fbe6a7b92d8,graphhopper_jsprit
ea4695f50c9f4e06adb29ee0fb37ef01710290cd,graphhopper_jsprit
ea5fc1a3de885908a7e60585007feb91121803b2,graphhopper_jsprit
ea6fac5db32a2d72f9c4e869034dabf1ceebb0ad,graphhopper_jsprit
ea7407d936bb2ca8a9873d134b8a3cf45fd7ea6f,graphhopper_jsprit
ea852eb662eda83b5fe9c869277fd810d0126a46,graphhopper_jsprit
eaa0a9e5e4089b57589e0c5822ff26ec729eaa10,graphhopper_jsprit
eb0126c7cce805bc6e267960dae6a287517cebb7,graphhopper_jsprit
eb0c61c79488ef963dd44b7ae7204211189156d0,graphhopper_jsprit
eb3e137f0dd019c10c9bae949333f16ece410aff,graphhopper_jsprit
eb5b9cca9a039624e33e2dd9388c924245735d46,graphhopper_jsprit
eb5e5140def58cd952dde684f89f53a46c80eda4,graphhopper_jsprit
eb6c5345e4a65fd5201953f77591609502405355,graphhopper_jsprit
eb78625e1fec64d3cb19685f93fc9b82b5b8656d,graphhopper_jsprit
eb84745da0b97f8979958cc4e7383007d9eca778,graphhopper_jsprit
eb9011b310629d06ad74d8bf44950277ccff4cf0,graphhopper_jsprit
eb98b5014786a8510ff24e974b3e3ac9daaa3e67,graphhopper_jsprit
eb9f72b2d15c1d4a6202a0fede0cffa88e080652,graphhopper_jsprit
eba3d3c033f72d90cf559626a80b1f167a27f90d,graphhopper_jsprit
ebda48198f574844f663fecf02de35410e0b0a5b,graphhopper_jsprit
ebeae6f693103923e9eb50e55f98ae145cba618a,graphhopper_jsprit
ebefbb0eb26f08cea127f4644e0ff0c3d35b9034,graphhopper_jsprit
ebff6ff50e28065e25bdbec879a602121969c090,graphhopper_jsprit
ec13abcf4bb114e753315d5dced5da85dad801e4,graphhopper_jsprit
ec298f95049d94c84793af9958a149692d51e97d,graphhopper_jsprit
ec29dcd810371b22e1b343ab715b2d2e46953ea1,graphhopper_jsprit
ec4a8999388f08c485f1c80f748b280d11c93e3d,graphhopper_jsprit
ec609ba06a3b14464b757e26fe27fefde2066d41,graphhopper_jsprit
ec63e7b466b5731dd330b6f96e025890544bb83a,graphhopper_jsprit
ec6c18c2bbcb30e5b396a22988264100ab9a60ef,graphhopper_jsprit
ec834d48a3847c694c7b76f18b34a0162ee359cb,graphhopper_jsprit
eca766cc5242bd6978a67b7b44a00aa4e4390ce0,graphhopper_jsprit
ecc7663886feefe62736f8201dd883dc14cf5c05,graphhopper_jsprit
eccec9cb6939cc32f156a426019fb5dd55e3090d,graphhopper_jsprit
ecd3ff9552ac251e88556b781e63a496a6bdadce,graphhopper_jsprit
ecdcd9e9814db0d9ffd691b7a156cc83bf73ae15,graphhopper_jsprit
ecea356c5458c885cf47619b847c201b58136e69,graphhopper_jsprit
ed1355a642630000e16ea3c246a6a8efe00c07ff,graphhopper_jsprit
ed1361482ecd3793cb3d68d6fee7e96e0d44e986,graphhopper_jsprit
ed1466ecb0e51619bdc7ad841738787b79f06e0c,graphhopper_jsprit
ed1dc7b63a72cdad4ebda4cab572a2918cb85c95,graphhopper_jsprit
ed49e3d0c834096675c8d8c2bde6892b1f57d9c5,graphhopper_jsprit
ed52f0d6427a29e674d94fb3ccbe86f753830083,graphhopper_jsprit
ed7488c8876f57de7ef8f02dd0c92269efd2f3c2,graphhopper_jsprit
ed913010398163bcb9dd0ade827a5f64b68592f3,graphhopper_jsprit
ed95f90fc5b81546e29a2d357e17c888a1086721,graphhopper_jsprit
ed9db39fa0c663ef1d96ac210f3b462745cbd751,graphhopper_jsprit
eda1b0b1950608027f1ceddaae39381a91eaac38,graphhopper_jsprit
edc36906210eb9e2b8374b5dc3ee92dcbd7217f8,graphhopper_jsprit
edcacac758dcc56ec7a47c16de25e9a89dac6c3d,graphhopper_jsprit
ee1b9f7ef8c0ee16c72c5422bd4e098360d9f2a2,graphhopper_jsprit
ee2967a24f6e895ee9398ec586ff4b12fee4aa39,graphhopper_jsprit
ee311bbeeb3702cb9064ba4780b28b1d0cedf085,graphhopper_jsprit
ee3b1589baf5e87074dae0f5a49c7bbd75a01340,graphhopper_jsprit
ee418afa9356e9adf0dd994ae1a0c85ea8fbd8d9,graphhopper_jsprit
ee6dc889756ba3331bfcc317e545dad2b6413422,graphhopper_jsprit
ee73118f20675a7588b8b078ad563dea70197972,graphhopper_jsprit
ee94ac2e21b8e1fd14ce3877b3860102c8bd6389,graphhopper_jsprit
eef7b73b3067bc4d4cf6ba70bb5435d0a8e03f4a,graphhopper_jsprit
eefef77b446907409a5c970711f4d92960f6725a,graphhopper_jsprit
ef05f954e9fa9a3207e8c36cc28640023d1429d8,graphhopper_jsprit
ef095498535adc749d2b26bebeb91348b2cf0663,graphhopper_jsprit
ef182ffc2fadaa42a2863b2d3b2b27cedc091723,graphhopper_jsprit
ef2723d80144101cdabbd944b93eed4ac5067260,graphhopper_jsprit
ef50845868c1812b84952e2e89229543879a1b86,graphhopper_jsprit
ef86aa6ab0e60f19a7e7578dd0b4fb1dcd4f99ec,graphhopper_jsprit
efb2383e658fce581b29241f6c9ae61b33f5d323,graphhopper_jsprit
efb2f73905dc66a5deeda7884d372f89bba708e1,graphhopper_jsprit
efb6d5c20835b786b22b9e881104a0a2889644c2,graphhopper_jsprit
efb8010928c95638aab5357f5327cf464f99b9d2,graphhopper_jsprit
efbf3c03625b4ebc49589ff469c6e3143dd4ba38,graphhopper_jsprit
efc6109fa363997104e19a2cde253b97ff08eb6a,graphhopper_jsprit
efd1764dd33bcbc5aeee252b40eca890b0622703,graphhopper_jsprit
efd5c494058bfc6f06b55dd38f5b374f90ff5334,graphhopper_jsprit
eff17bc299f8becfbceb7e912eed3b0398e49a93,graphhopper_jsprit
f006dbbd3ddca4bde492388593e2d3c439752432,graphhopper_jsprit
f01fbe8e3c0e1343e91369dacf25688161b6296c,graphhopper_jsprit
f027dea8102790d7f6794b0ec2d20a44a4eaf7ce,graphhopper_jsprit
f02e0dec40dbc44b5edb12d9aa04104dfccf2622,graphhopper_jsprit
f03c8decf4412ddbd2fb082d524b32ee4555c84c,graphhopper_jsprit
f04277ff396182289f5fd22ac4ab8cd28f2d6628,graphhopper_jsprit
f052da10093d31ae5d2efbc508e3eabc544f2c88,graphhopper_jsprit
f0625d729d1c190a649b47f137e2e6888e89a861,graphhopper_jsprit
f09a7553d8a139c0d55db4b487f212e7c8330fd8,graphhopper_jsprit
f0c6d158529a7c2c7cc6a4fbee522edf4f1f12bb,graphhopper_jsprit
f0f42d76800e4823c56405d5e69ffe3c3639a8b3,graphhopper_jsprit
f104c1aaad2f8f78df35fec50c6677d724c595fe,graphhopper_jsprit
f1213994e402fbd28511c3eb00e173175f2855fd,graphhopper_jsprit
f129829f93601d70c285e744906e958d693f8251,graphhopper_jsprit
f167b20c23813bc9af4d0eb65326757237c13d73,graphhopper_jsprit
f18f120e304dbb870aa4a3198ed4b2c346494d40,graphhopper_jsprit
f1a8bacfe2efc792306e58519bda216c8440e1b8,graphhopper_jsprit
f1bb6c7bd0eb9181aab31f2661f497eea2519cd6,graphhopper_jsprit
f1cbf42d4eb12afc43320257fd96ba24f76ac43e,graphhopper_jsprit
f1cdc602899c1f206975d1fad2888304e359398d,graphhopper_jsprit
f1da317a0cae10b47b5e2d3f038aadab74bb0277,graphhopper_jsprit
f1fb442151ec6872f35fafe1a203bd66d26949cd,graphhopper_jsprit
f210750ddae286c4337e6e9a78a9266870bbc5da,graphhopper_jsprit
f211963fbd80362035b86946b3d5fd38b78f2295,graphhopper_jsprit
f2186d001448cddfe2fee32556182e390fb2bb8a,graphhopper_jsprit
f218b9a7387e63c97b3d494cf1461abdedad8d8a,graphhopper_jsprit
f25c9079dc542a0bad4127900c4e9618e496ba26,graphhopper_jsprit
f271ac2551ea69173764654b8857cb94b6814aa9,graphhopper_jsprit
f293e0ac04fb55d1774aa10d7e9d829bdb543d2e,graphhopper_jsprit
f3037aaed75f632157d9be3209ece73e3483cf27,graphhopper_jsprit
f30634addf8121a6ed637e8b0188a13d0ba64e39,graphhopper_jsprit
f3117287251daf92fbb91cdb8b26e365c157573e,graphhopper_jsprit
f31a5af5f4225ab8585846b3efe574c8785e3c4b,graphhopper_jsprit
f3381ecb60d53a888c5f50f6e4a5e946a45dc44d,graphhopper_jsprit
f37e5999736e1b7762df6031bf725f018b22cbf6,graphhopper_jsprit
f3d309497922cc89d96fee278ffbe1e515b13f9e,graphhopper_jsprit
f3e24d589e424bd1a90193ef466829ea82d180f1,graphhopper_jsprit
f3ede3cffafdd4a03983a1613d76e2c3925edc9f,graphhopper_jsprit
f429662f75a120baacbbeb40cc7df471bdeb873f,graphhopper_jsprit
f42b27e2a00b3266ca2e82165b480f487ad59b5c,graphhopper_jsprit
f446874758495688c1484b206a529e0aa90576bc,graphhopper_jsprit
f44d0cd1cf1fec588dfa1ed25fa53d1ed1c5c694,graphhopper_jsprit
f455b4c9f2b3277f36ae51938cd4825f4b84a6f7,graphhopper_jsprit
f455da32303ab523688d5040810fb4356ac814af,graphhopper_jsprit
f45caa0b3c5c882c5c1f3998ddd1d09c8e39649a,graphhopper_jsprit
f4a577ba4bbdea911b939b41a14819e696346d66,graphhopper_jsprit
f4a7254036cb62ed7896cf9d41467a3b08865542,graphhopper_jsprit
f4a91fc06771848654f6d82086dcf521bf5ad603,graphhopper_jsprit
f4b12045d909739f9cceb7916aee4fbe9ad983c6,graphhopper_jsprit
f4c8deba666a37c33e174b51e93d111b1049dff3,graphhopper_jsprit
f4dc5e3b8d6db78d8efd6ae45b1956f535625cae,graphhopper_jsprit
f4ffdf2f158458a85e5e3d2c9cd19961af96087e,graphhopper_jsprit
f54241144ccd7900604382d189fb4b08ae110675,graphhopper_jsprit
f56d735b834020659d09892a4a481b22e118e8fa,graphhopper_jsprit
f56f0513d228c996f6c6b2f0e2fb6a562cfe26f4,graphhopper_jsprit
f57d2abef057da50ea7c69e9a8160f8a17839f95,graphhopper_jsprit
f58bbb6db12b43c8257d3eb1bf74a32c4e00674c,graphhopper_jsprit
f59b2c44dbe1a6b01b282f7905d81e0a781f2c8f,graphhopper_jsprit
f5dd04329c644ee2d35aaee0d058046a247dfbee,graphhopper_jsprit
f5e782bc02b962018e725b0f104f8b8940d87e86,graphhopper_jsprit
f647884184e7f686870979cf7259cc0587177c08,graphhopper_jsprit
f662e5a4699b3eef06db78b382a5dd621275e79d,graphhopper_jsprit
f6a62af55012827a372832b2eeecf887460a2e60,graphhopper_jsprit
f6bf46ca9a8397a897da32bf318ed90fc283e5bb,graphhopper_jsprit
f6d06c0b4820a16c85f8a2cc71e30ba4186dc0d4,graphhopper_jsprit
f6e30cde9953b973cd0e90c8245d90e770a8ab42,graphhopper_jsprit
f7088b8ba2348362a1aece9ac746975b55f32dc0,graphhopper_jsprit
f70b70cd9f04297684865972892a43b22602b00c,graphhopper_jsprit
f72cf922fa96e09d554e239f4e7536dd1902b49c,graphhopper_jsprit
f733587b2b3d3627dc27a98cc5ad346f5bc0cb85,graphhopper_jsprit
f7378a44019d1c552f9b2c885607d07a0c47e892,graphhopper_jsprit
f761e565e46f8f0f0c622314d97010ae9cbcfa4e,graphhopper_jsprit
f771ee84243bd8838fe553c2ed7e798958562dea,graphhopper_jsprit
f77614a74dcfb717c75287d20444a93d34eec866,graphhopper_jsprit
f78886767bbe24f53b7876ace04a65afb4b26046,graphhopper_jsprit
f7ab1bc01f37101cb069a29733176f469ccaf439,graphhopper_jsprit
f7e6d6b87f2ee1aa031cf337b2376e83fe84fd09,graphhopper_jsprit
f7ff7aeecab95575a3a45a4ad968c5059149929c,graphhopper_jsprit
f869d3fc0af73748aca3ec3e61fd24806b42f03c,graphhopper_jsprit
f896655c10742db9da0766adfe838eeb9444ea5f,graphhopper_jsprit
f8bdb52513565495724340fe1ae0980064cf4000,graphhopper_jsprit
f8ea447cb9f6934c41650760c47e07fdbb1d62c9,graphhopper_jsprit
f8f063773a4b5af37e9f6ede7f1fb1e944571068,graphhopper_jsprit
f8f5b22aea96f72d9b18662669c03b3d56060901,graphhopper_jsprit
f8f75e639811cab7f7665d75b944b544677ecb9d,graphhopper_jsprit
f9242935207623982d1eca3b55623d7859013301,graphhopper_jsprit
f93f621c5b20af7ab786cc62b0b6f74284d49969,graphhopper_jsprit
f94d93e4943969ea9d474e0046fcab129814ea42,graphhopper_jsprit
f95670ea4b37cad8442211e46ee937d09c426b8d,graphhopper_jsprit
f961fa8971a1f657e8f5268add1e094e49a9cda3,graphhopper_jsprit
f9736dd1cb60b4abc6d43e5a76c923b42aa4ee95,graphhopper_jsprit
f9901aa6303341e9ca6c9c8781f4233f8a781bf8,graphhopper_jsprit
f9bad784ffeeca8ac7ded6ea7d612f0c34139340,graphhopper_jsprit
f9c1178e3f3ac364429466cc47bd10003ac9989e,graphhopper_jsprit
f9c255cc08189c5c3cc8c42b28e11d00056e5942,graphhopper_jsprit
f9c7056cdf2b269ddee1fe45ba2314366dcdc24c,graphhopper_jsprit
f9d4b47bfb95db536daf185065f6be767304e410,graphhopper_jsprit
f9e000c3ff76b843f94708a945d995a9399aa1bf,graphhopper_jsprit
f9ff588163ca6cb5a2610e2cbe18f857eb9a04bb,graphhopper_jsprit
fa119968f90b79a1fba0316f7bdad7afcf768740,graphhopper_jsprit
fa2b74edb1fa8428b5bb5bd92764fdd7fb5ddfa0,graphhopper_jsprit
fa2c5eb00f2e3b0bbda9dd448c7e95cd25bc4261,graphhopper_jsprit
fa4b3a7d26a6af5a3513b5860e4ae93e054c174e,graphhopper_jsprit
fa7e942ad7ba6060daa6465c029b9380e2572ec6,graphhopper_jsprit
fa7ff47b976e41a3ccd059b3105ebd8fd4f942e3,graphhopper_jsprit
fa857c334e5d9e515a9d7ac0084c4b1400f7ad53,graphhopper_jsprit
fa8d97b7e9e340cde8b61c84d8f5bafd8d2580bc,graphhopper_jsprit
fa8faa2cf73a30f371f868bcd61df8c4c444fc67,graphhopper_jsprit
faa14aa35dd11fc529de0e606fd4883869d65c63,graphhopper_jsprit
fac5db530e4fd903e5e443d583377d0364cd614a,graphhopper_jsprit
fada6ce7ef66baa67a369d29395bb7dbb673f5fb,graphhopper_jsprit
fb087d7957e0ddc8eca82d94654b7019beb48ab7,graphhopper_jsprit
fb14ea07ca5a56c47711dfaff9f475f68225852c,graphhopper_jsprit
fb1cdb2386d07a4a6786a7d27de2ada9db7b2e22,graphhopper_jsprit
fb1f5e4555761a28923b2cc3ecb1e686e359fcb1,graphhopper_jsprit
fb365036afcda655ac6b4bb93ce6149e335e1f3f,graphhopper_jsprit
fb4ee4f8d67a0f12aa0b27fdf16d0ea343049c22,graphhopper_jsprit
fb66082650d440c6afa8654e5b6189d526bd178b,graphhopper_jsprit
fb78d60a36835fbc0bddedd25b818c2e38624c5a,graphhopper_jsprit
fb78e1574b75292885f679d2c337dcef30e9b833,graphhopper_jsprit
fba189bf84676721362c8ebf961f5235dcb0b55f,graphhopper_jsprit
fbc1df1bef8701ba9c0e2d6d736eb48f2b393e93,graphhopper_jsprit
fbc69fd80ec9f6bd4853cc56aea87102d08368b6,graphhopper_jsprit
fbea0a21066235558f0b52f83e59296b282ff25d,graphhopper_jsprit
fc09feb6680c06cc62b52227c065edc1ce585855,graphhopper_jsprit
fc2e564de68b6ae6b28d5b1b055ad36db012996a,graphhopper_jsprit
fc3121c905e2ceb347b14e918ad422e33d8f3199,graphhopper_jsprit
fc814a9346cf4da78e09b776ef95ffa267de8918,graphhopper_jsprit
fc9072ede722bb935a6397131465a2563e1b9f78,graphhopper_jsprit
fccf213bcc1446b6114efa2118cee42d29db34d2,graphhopper_jsprit
fce6f602c170ce1eaa59c8ae61222c8fa9c673b5,graphhopper_jsprit
fceb94686299ff6758eb798d6045305437610232,graphhopper_jsprit
fcecd7f2b4bbb8c11bd720ec4e32e704a23750da,graphhopper_jsprit
fd048d5aa40e6bec67626c108e44f01fa2f575c3,graphhopper_jsprit
fd320ac15cdc06a79df3a3cda43568387848a731,graphhopper_jsprit
fd476d6affebe7f28010c0c2b292abfb4862cff7,graphhopper_jsprit
fd5664bf70a7fa162811b1fdff6251392b9ef055,graphhopper_jsprit
fd625788906c4f18ee28328f6ee1da162d638678,graphhopper_jsprit
fd684e60435a86a63cec3844ddabb91932996f06,graphhopper_jsprit
fd72a909cbbd5c186acb9f3ba1ca543670263ef7,graphhopper_jsprit
fd7fd7317927d3890e7daa32b935f24170c998ae,graphhopper_jsprit
fd8ade1dfdf44ddd50f368a6cde20a76ac9ef250,graphhopper_jsprit
fd907b05cb10ef0cc6dab37178c353e5c77a568b,graphhopper_jsprit
fda067811b9eaf27f05660d90e36c80d8e80beea,graphhopper_jsprit
fda0d4248c2f1cd2fe388e16a48525b1c58a8c76,graphhopper_jsprit
fda4500302e69a964040e1313d7fd5ccc5a52f55,graphhopper_jsprit
fdf726078bee3cc9d2f0a3348457f332f9bb2b08,graphhopper_jsprit
fe00e7106999f7053cbc8f848ef24ee49f7613dd,graphhopper_jsprit
fe0e0f54b0c948c025da22326cff86b83903637e,graphhopper_jsprit
fe321486b646dec719f6a271bc232a8f7cd616e9,graphhopper_jsprit
fe35a95cc17db59f7db95f1d8aa34b4c8bd6fd62,graphhopper_jsprit
fe480ed6bb33c48e66e64910ef1d7638aac81412,graphhopper_jsprit
fe4b4ae4ca4c6c56762c3c1e34583c81fc5dff3c,graphhopper_jsprit
fe590fc9f80b39083862fca4d270b6b8f5d0e195,graphhopper_jsprit
fe71557ef6cf9f52f57ace1d03f01742278dff9f,graphhopper_jsprit
fe7653a7933521165f5feb734e50e63902f5ef3c,graphhopper_jsprit
fe7ad0d316ab64544fb30e68932281128427c367,graphhopper_jsprit
fe8df8ca657b73175c5ce6167632aac0d9ccdfeb,graphhopper_jsprit
fee2a396d9c6f97c0cddbe0580a8512fa1fe0f72,graphhopper_jsprit
ff1ad900bf26ba8ab368c7ad87544388dbc61446,graphhopper_jsprit
ff8984c2032470269c300c33924336991a633419,graphhopper_jsprit
ff9c9ec40c27b41b7677db2434d54b233e08ece7,graphhopper_jsprit
ffd720216f319236cf7b319bbe6d577fdfaba521,graphhopper_jsprit
ffeb4bc8a98552b111f0aaac358a6cf81574c276,graphhopper_jsprit
ffeef21995f6f16070f2adb692c47742bbe0ab7b,graphhopper_jsprit
005f37fd620a1dd5c11808a9acaebd8e91ea1db3,tdunning_t-digest
00892551ae7a7535eb2bf3fa0a3e8bd269e59b2c,tdunning_t-digest
0110dd780daaccedf36bda710d9b5e20afa11d9a,tdunning_t-digest
018f7685e73702279dda9eeea217e3b7bdfe4c38,tdunning_t-digest
019f41a19f18ce176cf78d93a1eb7843d4a14f37,tdunning_t-digest
01a13a9571ff1faf5f20bcecfefcf5c10b29ba79,tdunning_t-digest
01bdcccdf19b753a68cea25549ce5e4700515a7c,tdunning_t-digest
01e51f81d358b28e77e784cab65272cdf7dd7537,tdunning_t-digest
01ea144ca865361be6786fd502bb554c75105e3c,tdunning_t-digest
02d0e105c0ccad584876339a953d1fa3ca10ce2c,tdunning_t-digest
04b2b34e863340d3f0a6b7cf761da93d9394f6bb,tdunning_t-digest
0541d158b379b90eba4d86ac276660e7aced3e3d,tdunning_t-digest
060232251699c774bd1b470862485d99beae4bab,tdunning_t-digest
074307c02f7181cf3eabdbfbd6ac7ba2756f9d85,tdunning_t-digest
0758552b29b025bfcab6333daf4d7b6d22df8bf3,tdunning_t-digest
078d236d8ec8792c7954763e162e72963574672b,tdunning_t-digest
07b8f2ca2be8d0a9f04df2feadad5ddc1bb73c88,tdunning_t-digest
07edffc2df4934ae0afbca6ef09c4674fd9ff30e,tdunning_t-digest
080078ca57694348ffd88236a99d5c01df8ef4c5,tdunning_t-digest
0820b016fefc1f66fe3b089cec9b4ba220da4ef1,tdunning_t-digest
086d1774dfc037f479139c5fef9ed738d9f5767e,tdunning_t-digest
088a08b929edbd3ee69629d2927aea936f5126bd,tdunning_t-digest
08e4df5d20698e5273656a643806a33d683e4681,tdunning_t-digest
08f3679b1dfd5e89759bbc8835cb7be9931c4e59,tdunning_t-digest
09d73eff96297b9bdc793e345cbf8c1e18f7457a,tdunning_t-digest
09ea0f8b12bae78366f8a0646986906c0605ba92,tdunning_t-digest
0a8349d4602ae88299bd0d48e124aaec759641de,tdunning_t-digest
0bb04ab9dc8d8743481819d36690bc0d1ab3ef61,tdunning_t-digest
0c4f192016c5b60643df5292ec704b2a945e558c,tdunning_t-digest
0c71b2b419a598cbf5071f7e2f6013297050354e,tdunning_t-digest
0c9ede8fa7af8d938dfecc3c24c2c00ebd67dead,tdunning_t-digest
0da3df232cd2dae057ee56d4dc1f3191715f880b,tdunning_t-digest
0dca0bca82a37b61033e29204f5c53d1d243ef9d,tdunning_t-digest
0df3e3b4a4c62e8b8831c2e04d110271707490c8,tdunning_t-digest
0e0614b5add70db580cd4852b88dac22a2b70dfc,tdunning_t-digest
0ee984bb993943bfe9909f520cd48ea47217380c,tdunning_t-digest
0eea112a06f6a9dce7933358aa6675aee1a94977,tdunning_t-digest
0f90ba0bbaaf18c1b830e4407d890308a0899e83,tdunning_t-digest
0fa94a72244cc15b9b66654e6d3454a780d1fc05,tdunning_t-digest
0face59973d80eea6a31b5b69ea063e0ffc3aa7b,tdunning_t-digest
102decdde391396f85fab18a75917fac2fadf78d,tdunning_t-digest
10406e701574f4e0685ff04b4216be090c56cd17,tdunning_t-digest
11cde84528e5328cfb028acfd9661390755f6264,tdunning_t-digest
11e5632042ceb021e6dcad50a6476e210d615675,tdunning_t-digest
1208ae0c10b8b25c19df61a068d32512458e9e3a,tdunning_t-digest
12a951b6cb5ed4c1071901e17b4be60e65f8eeea,tdunning_t-digest
12b7628863351aef61ac57193cc7e26ccd3f3be9,tdunning_t-digest
132fb0b1e2dbd40647f9466e56655a5730390af7,tdunning_t-digest
135b356467dc3f40e74efe3a351c3e337f0bcf55,tdunning_t-digest
14d671314a61a0c6f80e8eca04ece3e22f8d7a2e,tdunning_t-digest
15284119fbb9fe302b476c837213bb85ca9aaa36,tdunning_t-digest
157848173d6c842d140ea1ba4811906afc3ebb51,tdunning_t-digest
15a2de9c1f671b34efb8c215e69a3db701846987,tdunning_t-digest
1698c0a49440ffcc1d64d8c8f9ac14caaa5c4677,tdunning_t-digest
16b4a8b400dbcfe66a5d3858a04a862d7ce141d8,tdunning_t-digest
170be10a3936416a0ed000443ca76bb3cdd82107,tdunning_t-digest
173ff1478a7f102ca0f7e8cb8d29070ff6d8e7f7,tdunning_t-digest
17da3d22c29c3094362cb2d53e7fc67efaba412b,tdunning_t-digest
18468f3b86851393ca6f9938c84ef0b886a0c905,tdunning_t-digest
188d035d6833013ab8a0e62469b3d46bddc51413,tdunning_t-digest
194cf6f41ac1a99c8f8b23dded193db676bba03b,tdunning_t-digest
19fe38b00886a2b3b1b66861ea970c1931351bde,tdunning_t-digest
1a7316ee2e75ce910a9081311c05620a5a25cb8c,tdunning_t-digest
1af8a08c546894afc8234731f59b900cdfc072af,tdunning_t-digest
1e0c287b01645c13c8ef5c1b2dd55e4483cae07e,tdunning_t-digest
1e48b1256238a4570f1539e6f13c962efa4843c9,tdunning_t-digest
1e7165a2254043aaeb7bd130c8891721874dc4fc,tdunning_t-digest
1eaad782bbf0d311f7d176b15af7fcd80911650c,tdunning_t-digest
1ebf0faecae8d47bb90d7193caca18f61be8ff51,tdunning_t-digest
1f50a73a01f1806752a058cfe39a9db520ab8337,tdunning_t-digest
1ff298aa30024cb7892f300b0b7057950aa9feaf,tdunning_t-digest
204160b9e99cd674775f3ae83a50d79fd7d7d4a0,tdunning_t-digest
20fcedce75a1958537ce527b4ee153d692572e03,tdunning_t-digest
21f3c5667c49629cb75a5fd579a659bf7410e6ea,tdunning_t-digest
2365df45668e30841e3a0af3dc7524a61c153e6c,tdunning_t-digest
242c4e62c77ae62feb6f4c4abe7019b150ebc6ef,tdunning_t-digest
245e2ae3a0ea05fcd41d0c2712762f344fe6b982,tdunning_t-digest
245edc7b8c74f786752aa1b7296420a312486877,tdunning_t-digest
2460bd11d91a2a9a2e1b4eca0c20b005e856effd,tdunning_t-digest
2462cdb72fb160ba16035732e20425dfb7ce0fcc,tdunning_t-digest
24afe1d0e0277ddeb08aa50b66a9eaa936fd961f,tdunning_t-digest
2534c065fb50965aa526dc564ea179706063b241,tdunning_t-digest
25b62fd218cd37b42d08e150da6c009efe0357ae,tdunning_t-digest
264b8a5ff1ed3c7d06e82e627f47917761d7fe36,tdunning_t-digest
26ddfd6ee227e053fb42288edbca88ddab1372b6,tdunning_t-digest
28dcd35cbb508ecb8278c6526815e470e289d4c2,tdunning_t-digest
2907c0adc6d2ee5a7b7d6637fa8dfddf5836bfd7,tdunning_t-digest
29361fff50ece9ff8ccf9770ec1ee31e857727da,tdunning_t-digest
2ab8943c53847357c800ae1f4f1bccf0f07d57c9,tdunning_t-digest
2b050dbfc5a74dcbe33453c64255ceb5b166be13,tdunning_t-digest
2b051228bb701b1e586122679437c148d4e3d8eb,tdunning_t-digest
2b8891fe19dbfba4bde26930f95356c43af89617,tdunning_t-digest
2bad75bdc72f6ae3d4c28e50e959722c8e8abe0c,tdunning_t-digest
2bf00408b6c1b7ff495851c2d5ac66a579741b78,tdunning_t-digest
2c8717f59e22a0afd19e844e82fb13021208b741,tdunning_t-digest
2caf969004bc18296510c74f852ac68d0f7d1b2f,tdunning_t-digest
2ceb5635bc49f402e2efe540f710d3b36e571cb2,tdunning_t-digest
2cf6f08c7982691f8d87f98cb3ebec6c9360dc1a,tdunning_t-digest
2d116763c9f3192f3871f79df854d0a72fda5583,tdunning_t-digest
2d684128abd823bf492068f8d91560d79fdae69e,tdunning_t-digest
2d81ab1cd611f08d0b80146b7e48bff0b23ea36f,tdunning_t-digest
2ddb8cc5f9d1820a96d1cebdf144bcbcc5e46d34,tdunning_t-digest
2e11b933a9fd93c7979eeb837f85075f7eb40f12,tdunning_t-digest
2eabf2cfecc61ec6091785379fd430a1bd8a887b,tdunning_t-digest
2ecf7ab863792b21d7a4ed08aa327177ee7acf31,tdunning_t-digest
304fb6c9c0ab3b245b86bc8b9880f8e226a83c48,tdunning_t-digest
309996c10e2ab97df1d91a797834738a52552059,tdunning_t-digest
31c79be5738b2b5ef8363dacba1b2cd1ae74bbd6,tdunning_t-digest
32473fd6e963b4940a4c81f78f7cca96522b6a98,tdunning_t-digest
331807460dcee48aefd26bfcd3b760b0f976489e,tdunning_t-digest
332d42207f69cb358bb068778f3134d39e3e73e1,tdunning_t-digest
342ed7ba8d824bdfe523f6774df0a52c5768390f,tdunning_t-digest
348971c71c552cd5ad529ce1ca48188efcf471f3,tdunning_t-digest
34ceac7f2f22c335f504805caccc152657dcc0f0,tdunning_t-digest
350c22dce1fb7c127f6484aad39a24cc202932cc,tdunning_t-digest
351b38fa635de32bb519f34da8875f5dccf38b77,tdunning_t-digest
353f1283827d8fe14b739567badc7ddcf83fe431,tdunning_t-digest
366deca0091bf5cd7ec1050e5d2baeb5fd5d1865,tdunning_t-digest
3810c6fe0e0421f3c9d146ff0f996e1012f777bb,tdunning_t-digest
386b8151fed302d60808a4d5974dd5df86496081,tdunning_t-digest
38d2374a9d9472a26ccd4681b3cd19118d9c000d,tdunning_t-digest
38f4171ba5897b13ad4c273e671d4d6cf6a4ed20,tdunning_t-digest
391607f091af327f3da4e7e2050281c7b9cca08f,tdunning_t-digest
396e56c59c883e657776cd2b3e915f5d30dee5ec,tdunning_t-digest
39fd926ad10d66d7378d91fef8feb2f91d984e4e,tdunning_t-digest
3a2f49d74b6151f92ae605260262587419189be3,tdunning_t-digest
3a31442ac9baae5e018ced8c0c29299a8556b8ec,tdunning_t-digest
3a65397a73c664112f50590b813ab8b097af421b,tdunning_t-digest
3a72a997abf82fdef062d494784f0a696209605a,tdunning_t-digest
3a948c50def8db8235ac5a580389b7029c088526,tdunning_t-digest
3bf449225c1581963974fb4aa849336b47e00e67,tdunning_t-digest
3c859a6eeb521bd01281f0ad8c12363aec204e58,tdunning_t-digest
3c8af59afb6986677b1a27f74684f11010d1fe6f,tdunning_t-digest
3c9c21d1ee54b100a42c00a878f81d24bec70e80,tdunning_t-digest
3ca52e9774039201e95ec1ecd1a22adb2235ac83,tdunning_t-digest
3cbe91229100788c1d1276783e17a5240186d2c5,tdunning_t-digest
3d89b579f0fbb9beac642d671a212cf1c9863105,tdunning_t-digest
3dc060a57985c17130d00115ff0ba40f87a7670a,tdunning_t-digest
3e352c8e535ea96874c81ae7a3c8a897ba545122,tdunning_t-digest
3e640764fe1093a05921d679d3bf0139e37f1fd1,tdunning_t-digest
3e9bdb63fc441fd032402a20993704c6ed5efdeb,tdunning_t-digest
3fee2ac5328e71a2d74def47d35677e584169b25,tdunning_t-digest
401eda0f6b2bd5ce51077fdec96275bc2d677d3c,tdunning_t-digest
404cb9d1a74e8805338aed48101806d632de521f,tdunning_t-digest
410e0ff9eeb71656e97c12a678c195e23ab86729,tdunning_t-digest
41b15eb64fc2b32d6ba890a8bf4b3cf447bf0898,tdunning_t-digest
41d3eb3c03947f0d1a04c66ecfc943d04ae239fb,tdunning_t-digest
422561e26bb3c2ee9cdcb99352131282871a6179,tdunning_t-digest
42262a79714755025a6d03f7a04a7858ca6d340a,tdunning_t-digest
4268241ba98faa129b7f8b305f4adaf4d8b2cc00,tdunning_t-digest
42b9aa89f7f0e16b729570807dd95d6c6c5e8004,tdunning_t-digest
43aa8bdff68d7e263a53dca9930fc4d80c4522e9,tdunning_t-digest
44737343bb28b34c2f0463fe84de1432c5962797,tdunning_t-digest
45106cda4bc10ea550fe8d34ca986c9e59692d10,tdunning_t-digest
4543dcc306ebd0043d808893dbdcb6b90611f0e8,tdunning_t-digest
454b3796e48dcf38422c2bacd6cbb8d9ff3baf4a,tdunning_t-digest
46093abf54c1549b8180d1c0683cb10d14f83d64,tdunning_t-digest
46f67c5481ea74d0867e4a3344391932a8300cbd,tdunning_t-digest
473c7e63faf92ba3ae1608a9fe3cf89bb62b1acb,tdunning_t-digest
48193dc40275e49a0c08080fcb77d436e0b78045,tdunning_t-digest
48c8d56456ff92875d76be1a49c4949012be8c33,tdunning_t-digest
48cd74a96af3b50b61627b97211b4ec9ce42465e,tdunning_t-digest
494da6e9966756954c39dd6785ea2b8df9b625d9,tdunning_t-digest
49f3902ffda949fad82592d5e2a04db864de6974,tdunning_t-digest
4a1fd0b178259010fc9cfa9e03a961688577a0ee,tdunning_t-digest
4a83b38748230883fc0b49fd0988d0f87c523840,tdunning_t-digest
4b9a59a2c9b88db7c4abf17977d445a154bebcf8,tdunning_t-digest
4bddc7bdb84ae3e19c94a3a56b54648f6d3f371b,tdunning_t-digest
4c3faa2b297810925208acd67cebfb63d4a20be8,tdunning_t-digest
4ce7faa6e9cd09c269823d7681513dd1f533634a,tdunning_t-digest
4d64c36f23d2ef8aafdbbeb6f1452def301a292e,tdunning_t-digest
4d6ce6b7799e7120fd78be376544501abb3b86c0,tdunning_t-digest
4d97a1c59d2f13806ef06a0ac138f2f0f4aa40d4,tdunning_t-digest
4dcdd7bfa3327b5d2381fccd8aed44dc16a069cd,tdunning_t-digest
4eaa45dce439d0be689f194c778c44ea3d85c96b,tdunning_t-digest
4f752c2cd20c4b96bf7bb78970f903794e1e445b,tdunning_t-digest
4fe1ceb01fa10f44598a50cb38fd1802cd824326,tdunning_t-digest
50a9dbfa599e69e50f873026f7f9c62d507ee816,tdunning_t-digest
510c8fb07c786f4802dc5794a8f22810562aed26,tdunning_t-digest
527018f3da0e9e3c80575c65fe04a525e6390bae,tdunning_t-digest
5394f2c5231cd270eaba6e96ae2436f30367b0c0,tdunning_t-digest
539c0daaefa3a99137a4bca9fb995e15e2d34090,tdunning_t-digest
53d694b56ec76522b6dd65e85712cfaa5ae4288f,tdunning_t-digest
54a3e018520103309d68c1ae02448983a0fb35c0,tdunning_t-digest
54cf5e8c6c45f13bfc28871927b3b4cb28eca329,tdunning_t-digest
55ad1ca6e5f519469fab458802419a45af4677fc,tdunning_t-digest
55c74b364a42c5b383de562a377f6556dd911114,tdunning_t-digest
564c32214ac8aa557440fd563db037c394bde09c,tdunning_t-digest
5729d2244cfe2380c64909a1c3839b223892737b,tdunning_t-digest
5744ed8d989172ba8820d39b7a178b1af8143cde,tdunning_t-digest
575f19b60dd5f4005aa9f0d1ddb1b29c62ba5f02,tdunning_t-digest
57fb5eec9e210e9514c91080137069715f604eef,tdunning_t-digest
590fa68e83568eefa47ed7882b1dc274fe6d3076,tdunning_t-digest
59fe45cd80b16b0082e50eddfce77e60daee1841,tdunning_t-digest
5a65ad148297a0d369e5c2cf0b93bde4a552325b,tdunning_t-digest
5abb9e937d9a9068506fda98587a887ee575d47b,tdunning_t-digest
5ae6d2f0dfea59e65fc8e85b6adb00b023a4bece,tdunning_t-digest
5b4035cbe78fc7ae6ad60cf493747516e4d135a0,tdunning_t-digest
5bcee7c8b1acc45cfd00e2a96a39df8630a708e4,tdunning_t-digest
5c6aacf2f2de25ac91a4a46e5d81586c72e9a4bc,tdunning_t-digest
5ccfa9bb049fd687f692cf50d4837d7e609775a1,tdunning_t-digest
5cdf3d796cf62ac9ac1bb15afa8765d2ed58ade8,tdunning_t-digest
5db477108a6a56cb385776d9aa1ce2e0fbd60230,tdunning_t-digest
5e09b2a5b8106e15abbad9cf08e67260ee4b39cc,tdunning_t-digest
5e27a3e1367e11550c6d051959dc2a113cf03d0a,tdunning_t-digest
5f4201deb1db6bb49d2b9eaf9776e8bd8bad0a20,tdunning_t-digest
60013310e604c65949955e82b62fd025b2ba6cb0,tdunning_t-digest
6033f9d00e989b1d0f2a02801c6eac68f5501139,tdunning_t-digest
61418b3e58510261e92a7c89b1dd2e497331cc65,tdunning_t-digest
62078d596f50e393b69eb39661981a2d1393970c,tdunning_t-digest
629ece83bed9a1da882d557501f91475627bab9e,tdunning_t-digest
62b5c42d027dd1362bd8e5c82369b4aae83d995d,tdunning_t-digest
63906cac7dfda5dace5c67e2ffa16d20eabd9868,tdunning_t-digest
63a50cd75bbe3b3680959d30d460c43d61a2f497,tdunning_t-digest
641646ffa47420c28b17c4ae71e13ffc507deb25,tdunning_t-digest
646a74af044babf684eaaddc94103a63fe2299b5,tdunning_t-digest
6471186211ba3091c9c1126514db3ea02947c4c4,tdunning_t-digest
648bd341b4ffb049fcc2efe50530fa644543933b,tdunning_t-digest
652434a0a79f159f61272b5695f27ca611cf1692,tdunning_t-digest
656d451c67234833747d585f8b13e31ef8105a46,tdunning_t-digest
65a3ad2cbbe95f607531fc8f6ae3a3e02c2e2704,tdunning_t-digest
672bc7d39cec8c34dc03b3cd47518a86e318b542,tdunning_t-digest
6739d40811461b16e04121f354817d648f7f4cda,tdunning_t-digest
675aa8157d433c77d02c308c6df94ef63dc20c2f,tdunning_t-digest
676332f3c5aba23b4dbd4868f38e39aba08e5d70,tdunning_t-digest
68dfb607d035dc36fd6a67063201c4e5385aa0f2,tdunning_t-digest
69912388dbb3bfbdae0131185c908d8504932fe4,tdunning_t-digest
6ad7ca910e4feb4aecbaff17e5635ba1314bb858,tdunning_t-digest
6b6fcdeb123405d8cc8f82ec9ea6b92ac7b66eb3,tdunning_t-digest
6bcaa7d18ffdefc949b688afeb2238d3c0e6a42b,tdunning_t-digest
6bf1927e4d4e4be4ae7bde1137c5a09f42e33550,tdunning_t-digest
6c69f12c08c7d79f36976079f23eb103b548831f,tdunning_t-digest
6c92c763e278d8c74d4932ffebf973fe04ac9865,tdunning_t-digest
6ef931986f6b312e89bb983d93c04afcd7a3958e,tdunning_t-digest
6f943b6060a265bee27adce315b2495195e34f0d,tdunning_t-digest
6fbd7d73eb85bcbffd94292ce0951c16a8fdae44,tdunning_t-digest
70032d0f73b57fe6d7cba08f68529f9a716161a7,tdunning_t-digest
70ec1d14f00787e697ce4f04c97eb81234b6ac5f,tdunning_t-digest
721f82c51911fb36dceef2bf1bdeb70f9200092c,tdunning_t-digest
722299a0f682b482be88ddc6de0317c596702b80,tdunning_t-digest
72a1d6fc85523b046246fd16bcd3f3df5c689d3b,tdunning_t-digest
72acae1e14962795888efc941516c2b4503a86af,tdunning_t-digest
7326f823327ba28b346c49bb364076253fb26e96,tdunning_t-digest
7418c3b383f127e910d2c5399474d0471170369b,tdunning_t-digest
7475bedc45901608887660f1d62406a7d1845e52,tdunning_t-digest
74996c7b5aa8b58313ba3fc1898b65da0bb0383c,tdunning_t-digest
74a8e9631657b98a580b7d72c298ddc53391bdf5,tdunning_t-digest
74f8046c4641d15f0deed90626b6ed569a9ca2ae,tdunning_t-digest
750020bf9ca1adc11087d1686dabc7f95f8f883f,tdunning_t-digest
7535b6fa67265cb6445fbc32c5e09c406369ba73,tdunning_t-digest
753bbb800acc5c09ceb277ca41799040b0444562,tdunning_t-digest
758d16c007b37a6b046e27f0e218d130a7223109,tdunning_t-digest
769428aa60c941702c63aa2234b8d8c0d09da54a,tdunning_t-digest
76b1fb64a31c95466a57200e5a23bedb5ff27a82,tdunning_t-digest
76e0eb867056382c02f0df488a64b1469e65a871,tdunning_t-digest
771b3a8b3a98b2a4602563221a5c496aa9594c4c,tdunning_t-digest
773172d5d6ed13b10dfe27ef1f8178743e3821ac,tdunning_t-digest
779ab7bd13245ccac2858d6bd6d94ce9b4328923,tdunning_t-digest
7834e601b7b910cf84d5f05902e11fe461707a8f,tdunning_t-digest
784f18b0db95923b92e2af80d6c667a9cf151198,tdunning_t-digest
787d1376c9de299ad8c1776037cf5e444220dfae,tdunning_t-digest
789ff550b6103e06a2ff6f0fa853aec20b8b9476,tdunning_t-digest
78dd0a6cf151f6eea52dade73d2b26edf8120f08,tdunning_t-digest
7905f3d2ad18e7d7176811147d1316a3e23d7061,tdunning_t-digest
797bf16bd84f8ffd44ee8236242165b5f78b0ffe,tdunning_t-digest
799b9f19de326b3429faf78ce140e5a8c1bec62e,tdunning_t-digest
79a9d15ca81f220e5a1df86e0bb3807db14f57f8,tdunning_t-digest
7a35c77a25e81a1bb30e645bdcfa93ab6d80a886,tdunning_t-digest
7aaa5b76e7e590967277dac45baa34c12e0b717b,tdunning_t-digest
7b33a6842bbb78b787877898cab4cfcfd93da7cd,tdunning_t-digest
7b5cfbb3e4cf343c7c03eebd0fb7a023f8484d61,tdunning_t-digest
7b687e958153d2a46d5b046d7f5b0453271d15c0,tdunning_t-digest
7bbf9ac7d68adc04b61951c2dfad0f0d67c6503e,tdunning_t-digest
7bd27c62d386ceff4d6ff476cac293bcef872026,tdunning_t-digest
7be70e77c8308e870c6bddede676fe9d9584c341,tdunning_t-digest
7c32aca60ddbd2f6789008a393c58244b72e9fea,tdunning_t-digest
7c5c3a17220d938795a22ab4664dc2d473187e59,tdunning_t-digest
7d43d1f9a5f0c2917913162554d07c6ef4a26254,tdunning_t-digest
7d589f75fded158b7ee268b79c20381ad8b901af,tdunning_t-digest
7e1f0ef2ae2726f77caea47115b5ca4ac78fa4cf,tdunning_t-digest
7e6c0ed54329065f7328f6da81913555a832d4c3,tdunning_t-digest
7ea98b31c3f254b84cf926ecf6b59afa86119d80,tdunning_t-digest
7edc93df3f866fdfa09f3264db5ccfa32299b03d,tdunning_t-digest
7ef1cb7f2116db28f590c0f9406dcb94339dec09,tdunning_t-digest
7f159ee367ed346b363464687714682df73bbcbf,tdunning_t-digest
7faaa23b6a121e84ef709388c2f93b5c1cf07e78,tdunning_t-digest
7fc5def2ec02bd65d905f90179067257ad5682f4,tdunning_t-digest
7ff3e3a4e725249f103c9e74eb25beef8219c9ea,tdunning_t-digest
804e4a011ad33fa37268a971ac55a9d5022c4e09,tdunning_t-digest
81cc5f9e0b6c7d0627cf4fe54aee51911d5d0ab4,tdunning_t-digest
8210947417ecdc21d3a92a0349637bc61f88967d,tdunning_t-digest
821a0355d9bf175f5f0f2c5fd194230184fb101e,tdunning_t-digest
82a95da5156ef6645e504d049c9b4a1a1ffeb30e,tdunning_t-digest
830bb07d72f4977ec9d89337fdbe7d106465c5ec,tdunning_t-digest
836adf3dad9ecdde5c9805eb31052edf76225227,tdunning_t-digest
8373bc3a715496808cf6e73137f6a43375075a95,tdunning_t-digest
853939aea4f9288a7ce3dd624d6c53a860e84c4c,tdunning_t-digest
85fc0d6087224edc655450532f48eb6d64bdc9ec,tdunning_t-digest
8630c2b678ae5d2c055ee26bea6cf0af79c55fa6,tdunning_t-digest
8687bb5410694a80dc28ad650ab2eb24cb9d0649,tdunning_t-digest
86ae2867c85d3fd4c694abffc10171d9a55383c1,tdunning_t-digest
87cefebc8eb4f79caded4cceead4cf2638156bbb,tdunning_t-digest
8800ce52eb7931e1804bd69b13717d9fa37c5f72,tdunning_t-digest
89113c95587ddbc9a4920e99af39233ecf6b1c6b,tdunning_t-digest
8913a31a756bc75f5649bd001f99306d91916e44,tdunning_t-digest
89483d6eb40e9f2c92dda1f594e6427b807624b5,tdunning_t-digest
89499d652ac617c2cfb2009e3d699bcdf7beedfa,tdunning_t-digest
895fe297770deae17e51d9d6f414243aa336b6fa,tdunning_t-digest
89907c39c8d45a1183fdd0cf7808a01953ea7827,tdunning_t-digest
89bb394dca674cad5b6058ebd300ff0e64748c0f,tdunning_t-digest
89c90542aa186de14b0532ae3d14bdf8c378fb83,tdunning_t-digest
8b18170538c3d8d60bcd0fbc1755977c710ee8c6,tdunning_t-digest
8b2e3ba5d8d70a8346c5e8f024af8b25cf2a5a9f,tdunning_t-digest
8bebf85b98c47ed3f976c82ec4ec5fbabc0e2df5,tdunning_t-digest
8bece3ceeeb69b19886933e797fb46aa475a3ab3,tdunning_t-digest
8c38e73cbdcb8a37fa6a726304fd7b991fe21281,tdunning_t-digest
8cb943c52791c8d1f5d45350f0efd1a28f98bdda,tdunning_t-digest
8d5c1523c3d46925e9b3979a8d63c0b9d004ed1c,tdunning_t-digest
8e5b46c0e44527df560202ca40dce7fc5466380c,tdunning_t-digest
8e6f21dedd3af7a3ad2e33d05eedaaf83359bf73,tdunning_t-digest
8ea7ba2aa0488f111882c8ab45b5b6ee7ef45220,tdunning_t-digest
8f080168e78d1da722c44981fcdbced330503151,tdunning_t-digest
8f0b9c07a6df56bd4ccd6437cc1b06e17ca0fbd6,tdunning_t-digest
8f0ffa5d18094939d4e7764996e35d1696831978,tdunning_t-digest
8f338ca3cf8beab4aca1c4614224cc0b81c82fc2,tdunning_t-digest
8f4fde294696faebbdc6326488b2f60eab6a08bb,tdunning_t-digest
8f51c9086fd198f551160a41484e3a4d1b38b591,tdunning_t-digest
8fa4ce85955890a6f8197860c6cf4ec511f484c1,tdunning_t-digest
8fd607e07a0c4cef9f43904b4c697773e1fe8547,tdunning_t-digest
90024a0aa98c5169ba4ade9c4c59d98348ff8b9b,tdunning_t-digest
90abc3e7abcdcb7225a91333ce5369358257d24c,tdunning_t-digest
90f0932b7102d6ea3ef93bcdaf5812de1a293753,tdunning_t-digest
91611cb4ea7b7dfc58b2c4eeef70effd24c9f01b,tdunning_t-digest
918882fd3866b1bab96bb37aec14f8df64744304,tdunning_t-digest
91eb6f29d9400293f5e38a3e988a882b2b9af9be,tdunning_t-digest
92eb72c262c6670147357c9ea213c40474c151c1,tdunning_t-digest
937057d08d9634cc75119d253e75af8570e24f63,tdunning_t-digest
938a7ed89e8738bf45410f4d34063754b42748a3,tdunning_t-digest
943d8a453e7eefa5286a3856824b36fc29347bbe,tdunning_t-digest
944921e79c0bdfcf57d79484fae61690798f27ab,tdunning_t-digest
94af58402aabc72cdf557ca9fedd7c4717ebb901,tdunning_t-digest
9511c014ee970bb805c4bcaa45d71e3770e59ef0,tdunning_t-digest
95511e79385cc971a6351b5c08e96851693311d9,tdunning_t-digest
956926ea71be4763b0ff7606a0940886cd6b7ef4,tdunning_t-digest
9605b1d7d981cefff3ea6ccd228950b9e3e2667b,tdunning_t-digest
9700ebeca159673086423e1097b41a8f00be761b,tdunning_t-digest
974f3cc1e754c55f5d8ed018320437b7674fa0cb,tdunning_t-digest
97b66ea7fb29ecfe0a97c5bbfe199cc232b0f411,tdunning_t-digest
98d9ce78c8cc8f5177d9d1cfe7a87550ebd38385,tdunning_t-digest
999d7370e599912bd925dd9ad0e260f78eac1358,tdunning_t-digest
99b79ad68d6fbc7eb9324b0015a3cbfd4da7f4e8,tdunning_t-digest
9b17fe155f1896d7571aad0f02fc85a550f10307,tdunning_t-digest
9b4e27adfba09bea6857fb1ce04e658ae07d264d,tdunning_t-digest
9b5ece4c2bdd30e3c3939f720c550c6636608a39,tdunning_t-digest
9baf15accf159fa45b515f57a49a56bbca41d871,tdunning_t-digest
9c7db829ff35cb1475950578314744f36f9401d5,tdunning_t-digest
9c8b9ac563981ca92d1524aeff09ce09832b101d,tdunning_t-digest
9d5ca49aeade399213427ecf3b345f342c8473aa,tdunning_t-digest
9d855d91a6c979a72e698771f2f2d6c182d9589d,tdunning_t-digest
9eb7e81270dd94129176f85674701f6735d844fd,tdunning_t-digest
9ef5f5a88c653401aff98b58a170a00d084033b1,tdunning_t-digest
9fc18d1f97d68a90c507d099e0a1b263cb77ad17,tdunning_t-digest
9fcec36247fda50d5f75083e59e62895aa788b40,tdunning_t-digest
a0360a481db2005674f43f28a8020f1b27cde83e,tdunning_t-digest
a09d38d1d1e489e63c94aa3fdaa0234e07c62bd5,tdunning_t-digest
a0e52a3782071f7b61aa504c120ec3720d9dceda,tdunning_t-digest
a20d9022f7aed3cac325d6f74cb833654d33fc2d,tdunning_t-digest
a21adc68f05ea66165b5e4b443f32fd0d291b0f6,tdunning_t-digest
a236f510155c311d6ce4baf0ae8d5030751e3a94,tdunning_t-digest
a29fc330624b245ff9d11af71a5c81204b5cf08e,tdunning_t-digest
a4f30ff184e3704f50e6c344218dd7f7c7f71093,tdunning_t-digest
a5584bb01656249b760c140bb429a77673a96b1b,tdunning_t-digest
a57d23165794d551c430f5832325f9f97a67f850,tdunning_t-digest
a67e5e39f312c6911abd65adc8f67370f7aa93cf,tdunning_t-digest
a71704a97869e8690f0b727b9fca684f9943f551,tdunning_t-digest
a7e66a25072b37af79963de84f76717812db4014,tdunning_t-digest
a8ba9b512b7e5b2f8940b8f8ff5a6647c35930c9,tdunning_t-digest
a8d3902cbd6ee62d7c624ef007ad68243254c94e,tdunning_t-digest
a8fdad7eb6e41208318e39e90693e1ffb26f7d80,tdunning_t-digest
a91de8a745f1ea8247c5631b751602c53785a5a0,tdunning_t-digest
a959f2e3a770a384876628b9d31e8bed600c2ddd,tdunning_t-digest
ab1fd7c7a8a4aca6cc1675883e4f12455ef3d56b,tdunning_t-digest
ab39ab0ed737509e37533c4d7bbe226a05ca7b02,tdunning_t-digest
ab487e5dacd242485ccae4e769ce2edbdb408fa3,tdunning_t-digest
aba72798d02cfd85c59c26f36eaa70222341f29e,tdunning_t-digest
ac41e46db90b59c8636a8de8a4a53fb6ed0b694f,tdunning_t-digest
ad5bac045f0dd8a2283ac8eb6108e926d656ed7c,tdunning_t-digest
addee2bfc122cdf32a17d9acfeea53027f25a76d,tdunning_t-digest
ae499bf2675c3b1b89449c34214348515463e536,tdunning_t-digest
ae4a2cbfcdf6d1a5e82b402454f93c7df4e7408f,tdunning_t-digest
aea5dd0f6f2b57e5e455be3e2e6961247aa76384,tdunning_t-digest
aebc36b2424de61061fedb73d2b4b5543a8e574a,tdunning_t-digest
af4db4a31671dd369f044da6cd7e3d0b1db64041,tdunning_t-digest
af76ebc01541c5dcf0c780e673b7522683c15498,tdunning_t-digest
afb8b0a4f8e373be5b76e5b0d9e5417d2de7e425,tdunning_t-digest
b00519b808b71305196faa5b9565e89a98349b2e,tdunning_t-digest
b03c63b4389b6290c167e0c49312de0f4c88777c,tdunning_t-digest
b10c40ecacf988b93322dddd06fced5a8d5308d2,tdunning_t-digest
b19ae1d6956c645a5b974d223047098b2deae213,tdunning_t-digest
b1abe8fee021eec1d3226de61444682ad7df9639,tdunning_t-digest
b1c08b6219d42ae3990d104703145a58e9fb83c6,tdunning_t-digest
b1cc4f0ea11eb1d5ec5e908bc50d370c18975b96,tdunning_t-digest
b28a737f79d5aee332bc889bd2e68ddd1f432bd0,tdunning_t-digest
b2d0bd2481ce12803bbe05c78f226b87ac94576e,tdunning_t-digest
b308e9812ce486aae4477bc964f2ad363943e8da,tdunning_t-digest
b3168781ecc08e090e28e5ac4e352d3ad604d6ed,tdunning_t-digest
b33fedfb87b10e43bac71d980113c7369e46f903,tdunning_t-digest
b3988e8d3f3f6243b08df6cf6d90b8b757154062,tdunning_t-digest
b3ce50bada4e246296443113a41da00ad226616e,tdunning_t-digest
b3ec5303297e338d6531e80979e9069f36344f2f,tdunning_t-digest
b3f0a26d4e23af01bfdf9f9572a699db160095fa,tdunning_t-digest
b45480cdc9d227787c2747ae2758a30c135c31a9,tdunning_t-digest
b454fbbb540c1adaf89b1f8821e0945e7aa04219,tdunning_t-digest
b45b26c12ea4bb8d85c9ed240782fa41a7ef9ce5,tdunning_t-digest
b4cfda1b0bbc1c30726d61bcefaa1a296528e93f,tdunning_t-digest
b4dd14109c0df01cdf5dcfaff661b66c8c03f778,tdunning_t-digest
b54c3a090c9c2d31c7138e896acacc06e9404381,tdunning_t-digest
b56cca7ec8cd9456d713a75c2cb1592323533de7,tdunning_t-digest
b61f65825ab3284db0f4ac4f08324821c63a6cd2,tdunning_t-digest
b64516ff7c2f2ec4f0eed4d2a2f4a022b0487246,tdunning_t-digest
b6a9adb2e474ef0ea55de13a133c3c81e3159302,tdunning_t-digest
b7a7595c40e0ec86cec8b9d00dff7a70153e5093,tdunning_t-digest
b84613c37818a2296bf3b9a79768f12ee4787014,tdunning_t-digest
b8e1148745432b3a86dca11059f47fd1fc274640,tdunning_t-digest
b8f5d04172620f49b6fc0711f4841aa3060dfed8,tdunning_t-digest
b936f04c6e9a823aa8afbed2bb41f73625f5d2e5,tdunning_t-digest
b9d555b394a3fb8bf813193be5cb763ce5854128,tdunning_t-digest
ba8698cda13a313c59b43b8a5881ad8b20b12d62,tdunning_t-digest
bab00bc79a9080e342692ddcd235b034b65413ba,tdunning_t-digest
bad3a59f9221cf9368c1ffb0b92b5520cc1d85b1,tdunning_t-digest
bae5715460a8456241153f1a7d11bf439724ed8d,tdunning_t-digest
bb183d08270d090a06eebd277c8581036f70efec,tdunning_t-digest
bb3619305a0413e16e4dfe2da10419f1b5e46560,tdunning_t-digest
bb3e012e0a63d5d03012f7d1e0e5179b89866af2,tdunning_t-digest
bc121cc7741ec58ff879feacaadbcf778e1b3288,tdunning_t-digest
bc1deb81b03af00f4d42f781af854f7c3c72a93c,tdunning_t-digest
bc4678c9b541723833ebcff6739e7d02126107c6,tdunning_t-digest
bd73ec003d8d05b97734f29ba1ec0c66130b5955,tdunning_t-digest
bd7ab7794d169f7946d417af8b483c48085f45b0,tdunning_t-digest
bd92493cc30069afc5e00f6a4e3ffed88930c7d6,tdunning_t-digest
be768858528bf9220ff232a5fa3f8d67641bc733,tdunning_t-digest
bf2b8f51d977c0abfc8b0ca6321c206cbc7dc7ee,tdunning_t-digest
bff7e0a1ff1e06e3b5dae7c1af9444117ae4ddc5,tdunning_t-digest
c0970bda4db8457702c63f28bd06b6e6228f33a8,tdunning_t-digest
c0bff36d6b5c47a3306a0f0cadbc45ba4a784a7f,tdunning_t-digest
c1704107953f5d47b8fd9847cc611405295a227c,tdunning_t-digest
c1bb166e24cf01e69e27ddd0062b5fa2af122035,tdunning_t-digest
c24ee56ca3f3c26bf744fe6fee748b305092c605,tdunning_t-digest
c2712279ad4b09f14d3998653f4f55f4689ef719,tdunning_t-digest
c2b447977651c38bb24a0556f0fc46a84e88d41d,tdunning_t-digest
c32918cb7e5795b1e0e46c5b764a1c6b05a0831b,tdunning_t-digest
c36a17b16f6cf968f5feb377b08b8956c8b7d52d,tdunning_t-digest
c373f3f8013e58db70216b542c35051e25c7afc8,tdunning_t-digest
c393464c7913f94778bcc0fd1ad1098749b1e142,tdunning_t-digest
c46a1c8f2abb764b14e6207fb21f62749ea405b2,tdunning_t-digest
c5342cc739b07c100a4ea194f77f1527b75626a3,tdunning_t-digest
c544afbc80c0ea00c7dc9cefb9a55e8aa5b0ecda,tdunning_t-digest
c55e6ba9c717e07aa1e4dcb9489967b53963dd91,tdunning_t-digest
c603c21ead44e9ed9be33978bfcef70a73cfcb1d,tdunning_t-digest
c670bbac34261aeb0a2749d6c501ffa720847164,tdunning_t-digest
c6f84c5149cfdb69f711a0cd54c31a45a1ba19f8,tdunning_t-digest
c7d1b71da6cbee2bd9eb0aa316b4498a1f81b8eb,tdunning_t-digest
c8a9181294506f17f7a08019e3071a1366bd6904,tdunning_t-digest
c8e25fed0ca2ad6e8ac07be48c0de7ab24917f20,tdunning_t-digest
c989270bc1e3497ef129ad373d6eb429f72ae0ed,tdunning_t-digest
ca21da65a732cec2bdeb853caf43738f9cc4e4aa,tdunning_t-digest
caa728d335c57b51deb979d32ac4eb8c3bca593b,tdunning_t-digest
cba43e734ffe226efc7829b622459a6efb64e1e1,tdunning_t-digest
cbcdbeb6186b09394165d5310f9caed8b966563d,tdunning_t-digest
cc1a66532913c14c1053c7aa2138dac9922b3068,tdunning_t-digest
cd14914d30548037c7d74d10ffebf46e197d33b7,tdunning_t-digest
cd9d7678f2de4900bebb829ba5d2bb7cdbb1e757,tdunning_t-digest
cdc196ce4ea8043d4ab09170da17634bc647c6de,tdunning_t-digest
cf2e89fefa79be4f1cbe3a0fd8b4213f0935a4f6,tdunning_t-digest
d05568e86ad163f2b519f443c9b5e2dc69989a9c,tdunning_t-digest
d2324d5de4338f8a72d2d66cd032c612268e9f03,tdunning_t-digest
d249e883e099e952a95212e31d16560eb1386153,tdunning_t-digest
d2b6742eccb9c39bf319012b60afbdd29a962d77,tdunning_t-digest
d3532af182ff107f1d705d98e65dba6730bf7685,tdunning_t-digest
d3cd1c680377c5bd9064c1dda1d8a1d7a614bcd3,tdunning_t-digest
d456e5969fcc354389c998db833930cdf25e203c,tdunning_t-digest
d46a660f9bcfdcb5ff616cc908d0a0132c89ef3a,tdunning_t-digest
d4ae2522ace0954251d36b6f4d746a8fab90f67f,tdunning_t-digest
d599ee433e6ed271a2a733c99a7a67a52de9afc9,tdunning_t-digest
d618a7e12f1ddcf352e5cfa00091b5dacb119c2e,tdunning_t-digest
d61a98699ac88124884aca847178ee5f95a8ae54,tdunning_t-digest
d74118e2b37e5c32fc0d5bb09dffc06ffd6ccf0a,tdunning_t-digest
d7427ee41be6a6fd271206f26a0cad42f74f30bf,tdunning_t-digest
d74b237de3a6853d2462ac7b2b3355d59da51d60,tdunning_t-digest
d7bcbbb4aa9bbd400e95027c974dd779c82d267a,tdunning_t-digest
d91b4c94f9b101010a1a3dcffe917b3f5c085786,tdunning_t-digest
d968d6a0ce8c2745e60e334d266db5aba3bc2ebe,tdunning_t-digest
d9ec96e4c97d5f66ad1cbdfccff0a88ec73372a2,tdunning_t-digest
da0e38046956cccaa5b7f9f19441635836c7925b,tdunning_t-digest
db148d7ca90040e4867401533065e5ae14228322,tdunning_t-digest
dbaf7489d961e87871f95943153d9c3c9dcc6204,tdunning_t-digest
dca331cd20158e6063acc2715653cd6f39bcc5bc,tdunning_t-digest
dca610b3c3519a02e71b61ef573921620d007ae5,tdunning_t-digest
ddb4d54fdf9f1fbd5698f7ec4d2ac73652f979c8,tdunning_t-digest
ddcc43f278ade6bfd0c7a0c922d5b18375c23eb1,tdunning_t-digest
de9deb3826cfa351d981547cf32af0032ffd3d3f,tdunning_t-digest
e0773487f214f6c16692c376994fd35bd52a72bc,tdunning_t-digest
e0839b183dc1d351d0c0560bf56e32d51c51eea8,tdunning_t-digest
e0fd952e6d7b411f47ad50b27a3030a26e7f9af3,tdunning_t-digest
e13fbfebe62d263ac4f40166af6501c304a76d53,tdunning_t-digest
e1f4e3a89d947d4c3aed9f6287040c1b5729d265,tdunning_t-digest
e23c056af76105696dc6f646eb6923608dfc13ef,tdunning_t-digest
e28d9cfbe7315427f263c0fccaaed22dee6beeaf,tdunning_t-digest
e2a6d4ced06d44e4593a04d19d2a98857e6a11a6,tdunning_t-digest
e350185213d529500019d0dc17187393269d242f,tdunning_t-digest
e3a967b31661a5c861f2909d47e8def416470498,tdunning_t-digest
e3f28168d6b88b3e34d2369bbbd25739d4c02496,tdunning_t-digest
e42c089e2763118ab278b8ba5bdd8cecd8d83e0f,tdunning_t-digest
e430ad486cf77a88abd336d77576814ef136f784,tdunning_t-digest
e487cd1ba1d90d7635a2f9b98f8e9687e2319750,tdunning_t-digest
e4aa3c755359ca983fbb3039a3a7c9e8e6cf9c4b,tdunning_t-digest
e4c94a40b9753815b175c06f351c1e79df0c1807,tdunning_t-digest
e5b3a42f2c97d05022055b8f923247a66ab9438c,tdunning_t-digest
e5b83533a9eaaa3000ae3d682da67cb0eec9976f,tdunning_t-digest
e68f004995122efb3208ae621b2e2a2e76218714,tdunning_t-digest
e735b590c28f267d3c9eb7522a26356ffdf96f7f,tdunning_t-digest
e76895a0fe84f6d7c81616aaa4075222af6f2e70,tdunning_t-digest
e7c7cb1805f8bc2add78295a11b025bf249688c0,tdunning_t-digest
e88461c786b78548cdaf14895fe6167d0d5ab208,tdunning_t-digest
e8ca8479b7c98deb4bfe381a4e465e33e7063262,tdunning_t-digest
e96f1ab08b8f2298fea3fbfcf799288beca661f7,tdunning_t-digest
e97591a53b70cd25f642dfed64b849e3f99e2b2f,tdunning_t-digest
eb0d0fd72590b5fb2ea014fe847e4ee70cf9654e,tdunning_t-digest
eca1125a39c13e918d7054105dc89bcda11cfa44,tdunning_t-digest
ecccbe7bccff901c4e2e2bc2b9992eb4ef4136f9,tdunning_t-digest
eda72646bcb23f9d8bae28c52a1756334489dfce,tdunning_t-digest
edc0d04542f5300bc5d207546588d4c67b9cf1ae,tdunning_t-digest
ee0332679c90112401b18de31e8e37dcc1ee4527,tdunning_t-digest
ee53e4a9d62e06adff5262bbf3158ea66e6ac3cc,tdunning_t-digest
ef3f74e0df8a28b2059a73f162a73e760306d191,tdunning_t-digest
f028aa397892b426fe384f551b7ccc36b2f1ade7,tdunning_t-digest
f038a1bcc7032cf52b66613c82bb1cd0fc543fe8,tdunning_t-digest
f07532aecfe02a2e3a8bc4e2139d275397d9a5f7,tdunning_t-digest
f09a995892448455da74f1b8541213979a159ee8,tdunning_t-digest
f0ad11bcbc06a0f4ec84a5b345c963f520331407,tdunning_t-digest
f0ca2a55413b4b8346a7e7a7ba0bcbedfd411aff,tdunning_t-digest
f17c1fbe6eb78242cecc34feb75ac4eac4ba87f3,tdunning_t-digest
f1953f16ffdab901e590e136387e06b764720834,tdunning_t-digest
f208348715c4d3b69dd0ef64a44c1486cba97c90,tdunning_t-digest
f20a302c3956fa3cafc36cc9216212bacc070fdb,tdunning_t-digest
f294fe9d9d4646e4fc38eda16ede0645f39e6ff7,tdunning_t-digest
f2f69708ea837e8053b2c2c21f50d17857fa8303,tdunning_t-digest
f372396c5fe1ea933ebf20be14c8c2d821f9db21,tdunning_t-digest
f3797edeaf1e6d972072fcdf78ff726ca195d423,tdunning_t-digest
f38bbfea603e2800c1addeb6495ffe926b554c17,tdunning_t-digest
f42cc496b64a86ab9a1c190c30f95ae84e531468,tdunning_t-digest
f4493f13ec3f9bf83c6c8616e31f9a12583448c7,tdunning_t-digest
f4dfb43a346db71d839ea6ca42a93e6f330e2eb6,tdunning_t-digest
f4ed7af79f30a6128477662e22027452219ef8ff,tdunning_t-digest
f50d567270cb5b11923cfc6bfc31fd18a76de23c,tdunning_t-digest
f511370bd58650bb3ac306d6695bc439fef9474a,tdunning_t-digest
f51ca8963d0fef80b1c41a9194eff532e35a8339,tdunning_t-digest
f5202e1c0575e3a616895f8ec8d0f51135a9c569,tdunning_t-digest
f5224813bcf1643cb93caa96859a2c1821644a81,tdunning_t-digest
f52e1bf363e70c48252259f7848fe90a82f319d6,tdunning_t-digest
f705f34e1673b23fce9b7fcb9fb87671c709cd36,tdunning_t-digest
f7278d66b82ebd6af12e90c1a88aca556e343db3,tdunning_t-digest
f906d451a91057df9c87d0b9c7ef6b0f15a66ebb,tdunning_t-digest
f9832de69314b938fa65279f10cc97b45e553298,tdunning_t-digest
fa23ab78f5f9f7606ee67f4f84c65afa5f76005e,tdunning_t-digest
fa95e9aed2c6ade4cd2f99e030f9e2feb6e36a62,tdunning_t-digest
faf4575058b31af6ccb43351f8fbd82755d6221a,tdunning_t-digest
fb315209199f7d5930e8f41babdeb2c5e3988df7,tdunning_t-digest
fb56e468e01f95beba942b85f933a6b51f201f41,tdunning_t-digest
fba74b9e834cbc1636bb3d8cf2ff901a042801d0,tdunning_t-digest
fbb8c0f9ed0a0de6455f66509039605c8af71b95,tdunning_t-digest
fbdb0dbb39310c2f8b776002393921d4c772d5d9,tdunning_t-digest
fce13b0cee5daa1a98b84e8ca49cdf8f7ccff6b7,tdunning_t-digest
fdb32dd38c15ba6bf52cc64e78edd7ec1013c7fe,tdunning_t-digest
feb6b82e9d87c6302b1cc592bd9bbc3ccf8a3faa,tdunning_t-digest
fee35a40e3572c35f2bcb7dc879fccddf5bcc12a,tdunning_t-digest
fee7ad32e9216d4df9bab4f980c1aced3d0b90df,tdunning_t-digest
ff46a110268e31b860d1351f1cbd8a199301a67c,tdunning_t-digest
ff8bfafc37dce7e099fee0774ce3c26ef69e00ec,tdunning_t-digest
ffcb6dd6813d5f95d45646260b0ec9a3b6f1dc9b,tdunning_t-digest
fffa2b57a20b530d4d61ff31ef6e72e2014d8045,tdunning_t-digest
0041634e80ccb0c50f7da59d12cdad4508eddcee,villano-lab_nrsicap
0142c3484d9d37abf012c2a139374fe828a49464,villano-lab_nrsicap
02e9ec51cf774f753716f7d54d8e9136c27be220,villano-lab_nrsicap
051d47f8cef7d732cf47df89e56109259a556a5b,villano-lab_nrsicap
05b0848a3992e6de22848973b3121fc1c5635753,villano-lab_nrsicap
05e5b3dc38d8deaeeaf1c01cbd75454897666c5f,villano-lab_nrsicap
05e6015944715498fe8db0417ffa8fda24753df5,villano-lab_nrsicap
0646e72be1070bd37cb3e78bfdae1606866113b7,villano-lab_nrsicap
06ce43e6eb136509d9fe651069724ba8df5af818,villano-lab_nrsicap
0b8827ac543c46dcd9122d6a6245c936c9ef06d1,villano-lab_nrsicap
0b9c3c793a5d11a24f3fe27eafb056dcfb94ce80,villano-lab_nrsicap
0d10df144147211e4218723d2c8e3af07474c460,villano-lab_nrsicap
0d4ca4e1c7a19ba47e397a295996c522f61fc25c,villano-lab_nrsicap
0d4ec61cfaf07b9e612f4b5de0a8ce4eb9046bd9,villano-lab_nrsicap
0eb6ff3e65f0c036d740ef6cbef35d62a9310c43,villano-lab_nrsicap
0f79125e4f1873a927f64f4df2da5a2d62fe3666,villano-lab_nrsicap
0fc8e14bade942bbd1b1aad7e9d9ea0d7cf527d0,villano-lab_nrsicap
0fded1a4716271becedac0bae7f57dca5933e01e,villano-lab_nrsicap
0fefb077a09e02ded778a7a3bb070a84e132824e,villano-lab_nrsicap
1008cc3114878c4d76bf9fec6a97048fe6b29cb7,villano-lab_nrsicap
1139ad7b7ce74961d5744a0df19d13a420547f7a,villano-lab_nrsicap
11c599d69844486579d762b9110402451d15ea64,villano-lab_nrsicap
122e2f8d6a68126a0c0f019e8b97f866fe2ffefa,villano-lab_nrsicap
131c24a5180a36e9f82770f1553bf6f9bb7a7227,villano-lab_nrsicap
13976e491787b009fc99fcf2a7b704eb74a76b0a,villano-lab_nrsicap
13b3bc24f9f6493237c4ddecd42d74ef12a9196d,villano-lab_nrsicap
14390f4a224bc3670100c2328b8618d6c1d685fc,villano-lab_nrsicap
171cc679a97d836629cb7a97133b6edeeb449b6f,villano-lab_nrsicap
174359686fc7135d9f8157b439daf4cd05dfbac8,villano-lab_nrsicap
1919d52017bbb905e174546418d76aafd66d5d79,villano-lab_nrsicap
1ad13aac871eec45c70384a49a2388613a865809,villano-lab_nrsicap
1b69d45a71f051d9e98b5d8aca534d7c98a3f570,villano-lab_nrsicap
1bbb54aa764be68c92f50b4fac8bb9e3091498d4,villano-lab_nrsicap
1be58ea649bda14574bfd520ef8246df5620ceea,villano-lab_nrsicap
1c7fde9ece4af1f4f1e84a3186371dda41f36492,villano-lab_nrsicap
1ca070fb90b736e70d16ad8e52e0857f1de22a95,villano-lab_nrsicap
1ce641b3a0992dbaf0d733066c3c22d5569c1346,villano-lab_nrsicap
1dba7aed3a405498dcdcf8790a5463e9f05732a5,villano-lab_nrsicap
1facca5ab3079e9665dc84d68c2355c60cedef51,villano-lab_nrsicap
1fbaca4d357c5e31d05d77ed8b392bc98fc892f1,villano-lab_nrsicap
2082ed4c1dc1296cff1f36be883836c9f5f176d7,villano-lab_nrsicap
211b4a3bff92ddd9748fd7a5454b4e37c39e21b3,villano-lab_nrsicap
213bdf64af738f0bf5f8c414a322a0cbe9cf6aea,villano-lab_nrsicap
248bcd24b7a6b3fce0d176c2a375d42c7f49b360,villano-lab_nrsicap
250231ee7b4a28cdf2c334614a20d9017c71e780,villano-lab_nrsicap
25d1769e3b20b224e90155394f321ec99f70426c,villano-lab_nrsicap
264197d1f60863314273aed76ebd3493d2f53b10,villano-lab_nrsicap
26c6d64c41cac8c309e6d6a307f08b4d0341d4ab,villano-lab_nrsicap
29194adb76fc37dde746a2ed3a722a6467e32970,villano-lab_nrsicap
2987cd2260e64ba61b1f7db19f53c8f57d64f3f9,villano-lab_nrsicap
2a2e78045cf08014954dddb3346db36258662461,villano-lab_nrsicap
2c2901f5e18689f39fafe344e8b5bc1a234f951e,villano-lab_nrsicap
2e2ccb0ed1c8309725a8bb8e3dcecfac7c10824b,villano-lab_nrsicap
2e3289b03ab4fbcc589cbda0132d67919c3aa2c7,villano-lab_nrsicap
2f6622480886fcd6193d25609db9c0f140991e89,villano-lab_nrsicap
300ee223f5c7e424ce66e7b1244508858c7cbd01,villano-lab_nrsicap
30ee70f9555521eaa190d715d820189003e31d0d,villano-lab_nrsicap
3156dd3d222a8d68c8c36c8c45ed84fd8e82b04f,villano-lab_nrsicap
315cbb51b1e6553fb8ec8b01c57458af6ba8b566,villano-lab_nrsicap
31d6174728b5ce35b4c60a358d3682aa98c933aa,villano-lab_nrsicap
333ba1459a244ddd91e1fcbdc5ffed0c2cfb916a,villano-lab_nrsicap
3347834b07fef9ea2117128ac3ac30e6a67f2111,villano-lab_nrsicap
339e5892c8b425d5deb1cd80589b6e025b6c250c,villano-lab_nrsicap
356db53e57790eb2c1d310e7089de9729dbfb76a,villano-lab_nrsicap
35ab3b2953d22b2279f280e5ec6098ba39723f98,villano-lab_nrsicap
3668de78183b29a01b99bf5d9f5e3ddafade2e47,villano-lab_nrsicap
36cd58a149507b266020fd7fe63caa719f4d6205,villano-lab_nrsicap
370dd4e60c79052ccf6c9861df013c7a89169480,villano-lab_nrsicap
37e9f6fd9aa7eba89ae7e7e33ceef427145eb9d3,villano-lab_nrsicap
3866d2967cfdbd7ede9d2b5cec217934546ecbbd,villano-lab_nrsicap
38a0306e9105971854ad27cd916d877c014c55d6,villano-lab_nrsicap
3aad84596f1420386d5a391e14bd849f07d21d1d,villano-lab_nrsicap
3b3325b02f1365ddde29341cafcb6d96aafb168d,villano-lab_nrsicap
3c463b19307ffdd070dde225e0cef2cc99713412,villano-lab_nrsicap
3d349f5a64a55623ffc4d44bd94ce8aa6ffb020a,villano-lab_nrsicap
3d80d59d1f37f576c6d1ef16b5db1de79e678f58,villano-lab_nrsicap
3f0f512deb95bc5317d12c72582ec1c81b375cb4,villano-lab_nrsicap
3f4fc1e79aa587a37af5d33e9c872264fdef0998,villano-lab_nrsicap
3f6a325f988993286aec2a4f25a6b5734f3a7c22,villano-lab_nrsicap
3f84b98e34477e34eaa732eb2339cb5b3c239f02,villano-lab_nrsicap
3ff600c895d94615c8cba4ae3b69b682f11f0fa0,villano-lab_nrsicap
40e3f59294ca7c421c9e205c2f35d551991d1dc3,villano-lab_nrsicap
4343f500c01c970afe925c5181cf4cff4289f47f,villano-lab_nrsicap
44e8124f1d891bf50cab62ddb81e8cac196b9a7b,villano-lab_nrsicap
45277b4aa479d507fc39959d6c31eba735cea0bc,villano-lab_nrsicap
454356d6fb372701263b5a4da26d597fd74daede,villano-lab_nrsicap
45b15a9dbf1e60a46ee3ea39bedc2d68c3ea4b47,villano-lab_nrsicap
469c32e7972207cae7d52b405ca5d9b9d5011e66,villano-lab_nrsicap
469c5566e125874f7723ce75146b5f6656f15eaa,villano-lab_nrsicap
4820b699c6cf5149bcd7d7c448f1465ae754d00a,villano-lab_nrsicap
483e4efa15e04f57a858033db7339b30fd3ffd5a,villano-lab_nrsicap
48fd6912f4902e29438860ca97da2d46a54d70d8,villano-lab_nrsicap
4996735fb9a629d5cd0e790ca9bb8b7633c4dad3,villano-lab_nrsicap
4a3ae6042dab3cd64c0ae9e053a13326232a37a6,villano-lab_nrsicap
4a4d0f5369340bf641e0c4bd4b37edc92f38258a,villano-lab_nrsicap
4a8d56f41fcd0ae4966d65214479a869859604e7,villano-lab_nrsicap
4a9095e3c7f64be2c69489144b5faf94dcb9641e,villano-lab_nrsicap
4ab6351db31622b959b6b80e6145d77d18aef422,villano-lab_nrsicap
4cb43e54e6a740ce85bac17da16721f8f93a0573,villano-lab_nrsicap
4ecf509ac57494aae314ab923e3bbbf582b52471,villano-lab_nrsicap
50eb3765c3efa5f83d630c6b9bf2e11dbd73da10,villano-lab_nrsicap
52bf14f1ae3f759ba3cc0f945c08b386b6491b91,villano-lab_nrsicap
533b06b96bd168d281f8af0f08a627a37c9b2873,villano-lab_nrsicap
53a8a47c5523d1a2fdac7d95c02020845a1a123c,villano-lab_nrsicap
55b478291ae2e8998a7a273e74206ac1fb7965d0,villano-lab_nrsicap
56e5df7766306e40fd2075790c439970b422b7fa,villano-lab_nrsicap
58732bfbdde7f71c055198845239aab3aded91a6,villano-lab_nrsicap
58c04a6e360a312cafe67f238c40643dca2cc9a5,villano-lab_nrsicap
591db81cf71fe7431b90851346a4e634a5baab97,villano-lab_nrsicap
59256c77e3a633e4d2ba6bd43fa87cd1192eea81,villano-lab_nrsicap
59b07f80b663f34835499c929db980c2979756f1,villano-lab_nrsicap
5aaa26180cf7e32cb421e29598ce997dccf82c9d,villano-lab_nrsicap
5b6bff42f074e5665c3be90aac94b537e893144e,villano-lab_nrsicap
5b6c923b6d53d81ab8c5705441f650850532c556,villano-lab_nrsicap
5bb9f5da9820e5c8e73a81b68e4b40a505d950f1,villano-lab_nrsicap
5cd175d3211263008f444b2083a547ce7dabf654,villano-lab_nrsicap
5cea2d9867c8efd575be8e12b2b7cb598b635927,villano-lab_nrsicap
5de2cbf18b2e71cd1ae5e0198d2c3ffd15ad6a76,villano-lab_nrsicap
5ec5b35ec7aa90c2071f17c7904f3d8ad7123524,villano-lab_nrsicap
5fab0f83c50e170597fdbded60e11e9eff26d3ad,villano-lab_nrsicap
5fbb1db2de43e910a6eed563f993c54c068625ca,villano-lab_nrsicap
5fe5c193eed2b858f47ed4f8bdb48246af1b82da,villano-lab_nrsicap
60bd8501ba0387b81d127a8dfe0d91b7fe1fcbb0,villano-lab_nrsicap
6125615fb10d6114c92f5710175513b30894d540,villano-lab_nrsicap
6142e1c83c1795067ffdef2f202abf6b26c69781,villano-lab_nrsicap
6190936014a826c6eef1d984e833e3b315147a52,villano-lab_nrsicap
61cc96d1c4976066f9cfe36d9c82ac595206a817,villano-lab_nrsicap
63289b44692ffbc7127cc5d988bf9b927c6c5e5a,villano-lab_nrsicap
63e76855371cb867d34071933c1ebaef944b5628,villano-lab_nrsicap
66e075e4f67311487619bf5db81d330383b85fb9,villano-lab_nrsicap
673227140ae0f66fefc90c6dbf89b077e8989081,villano-lab_nrsicap
67789b0f61715c93cd99097bce2af6c8920eacba,villano-lab_nrsicap
692c79f767380e2aed73ee4210f098ac2d1735b2,villano-lab_nrsicap
69f13213d85a5af42035d2ce283c0acbc38743a3,villano-lab_nrsicap
6a902aa6cdffda4b87b09ad5ecc0205ee9244e10,villano-lab_nrsicap
6aa9fff8af8bea3b460f9c3ccfa1700ca976ff99,villano-lab_nrsicap
6b754666635b88548a754a37463c1e0e045d1aef,villano-lab_nrsicap
6dea4d0b573da49a076af2194e5fbf93a7c12a81,villano-lab_nrsicap
6e1b135e7d3cbfb60efef1099e23e2da5f4c9e22,villano-lab_nrsicap
6fab6057bb834ef00832b54d1e7a7e59a3eac951,villano-lab_nrsicap
709d87ac2a7a8a1a24e3ff6cbc5567efcf4b8c78,villano-lab_nrsicap
72b6b30af30280a4c3fd5f2030caa2733a6aa21b,villano-lab_nrsicap
7344d5e8eb5e822917050264b65961eb4726876d,villano-lab_nrsicap
747e7035599802f3a258b33b9d9c3c13e77411ef,villano-lab_nrsicap
7533b6ab640c6ab9e58e363ee7a099f01bb65c10,villano-lab_nrsicap
75ca94284bde45cdfd7b87bdb1f4a6b3c5812e95,villano-lab_nrsicap
76d9f41f6299c55df17c7fca908da0a7c54595ba,villano-lab_nrsicap
772b6ecdcaad786c2762a98d8cac452ec2b8f8a7,villano-lab_nrsicap
77f9ef80dbbc7b6d8e4fbfb593195a3a7ef158ca,villano-lab_nrsicap
78419221f5b14304300ba1a5ef61e951c9e65ddf,villano-lab_nrsicap
7acbd1cf449526a1f641cddce893282760cf14bf,villano-lab_nrsicap
7af48cced72bb6897913dc1fdf63e3db4476f8d0,villano-lab_nrsicap
7b6e6d8e4add74b0e439e4a7159e5c792a47971b,villano-lab_nrsicap
7d224f13783757c92c012f2b313b0dc0c7d90914,villano-lab_nrsicap
7e23eb6d8c59097deeb0b66a98995d3293252d16,villano-lab_nrsicap
7e4e5b1defac350c40d32afa408da88e50f2e9cc,villano-lab_nrsicap
7e5592525e91048b3cfd253d863e374daa1de9f8,villano-lab_nrsicap
7f4d5d6a27645d572a7a3062e95dfdee66a2576f,villano-lab_nrsicap
7fddb849e006fdc1e5a8fada4daee29f02714d1b,villano-lab_nrsicap
7feb1eb2766304a79b1869de4f1f5d69f1322b5c,villano-lab_nrsicap
80ca5323b69a092d25d5533987dab8e3ab6c2df0,villano-lab_nrsicap
81b4f35572cf374a902b61bf73c93beb2f9b767c,villano-lab_nrsicap
82f3b560175a0b0492acc06b3b4d6ed2519cf670,villano-lab_nrsicap
83c4c6ce9ac60f7bf1f07067f83e44b3f2a9ca1d,villano-lab_nrsicap
84037578e65394ec45ab4018a1f348e5e6ae5899,villano-lab_nrsicap
84ec9f87d1c462cdf81b198531bd2aac172f015a,villano-lab_nrsicap
8592afc0db3ff55426628b088b08c962be8c90cf,villano-lab_nrsicap
87629fc23be46100bf0936b01721080b508bb912,villano-lab_nrsicap
889960d081d33f77fae1268a0a151f7eb5061706,villano-lab_nrsicap
88c2ecd6bda9b353907d7ba4eee3587af2b6a34d,villano-lab_nrsicap
8bb35078b3162b43b5b756f26de983636631fa84,villano-lab_nrsicap
8bd2bf6fcaaeef5ef9d59464f6d2f633e1567c62,villano-lab_nrsicap
8de720e64ccaf14e5b663ddd14b1b24eabb2cc2c,villano-lab_nrsicap
8e5d80ae9c07f01a7abbb9e72d4040ae491e2634,villano-lab_nrsicap
8f2afdeb5ac4e18b4438a8fb15c9f6670c7c0980,villano-lab_nrsicap
9180ad300cbc7df0a515c198db072766c0dbaff1,villano-lab_nrsicap
92da6fbdab4c894e4a74474f5ed38937e6b777e3,villano-lab_nrsicap
93c4de2e7fdd64d2216acdbcf671221c83380351,villano-lab_nrsicap
94ef46d071152f1e7b33be2bc62831dd8a1d01f1,villano-lab_nrsicap
956be99a238624d2cd05f7e189a1ba8e4bf28f44,villano-lab_nrsicap
962864187ebd380b38b46b2b60b5b2aec2792a3b,villano-lab_nrsicap
970dd26f17be7c8cb5c83454eca2b7e89059901e,villano-lab_nrsicap
976bf515d811ca026606a1d2dd3717cf2cc81f90,villano-lab_nrsicap
98088ad70ff40b3f828543c53427a88a7867af7c,villano-lab_nrsicap
9836024c4b9cbdd81cfe9f3014ff7935a40138c5,villano-lab_nrsicap
9acb8cea8222156d079799f411f93e113cbb073d,villano-lab_nrsicap
9b39a76311856b03e3dd0edf883e6a0d41c6348a,villano-lab_nrsicap
9c23cb55b0d8e7257dc81b9122f30395a925b099,villano-lab_nrsicap
9d473d496e2d882b6a3be46c792e90a31ab296c1,villano-lab_nrsicap
9ebe7c222424df771f2a3024cf603aadd758be80,villano-lab_nrsicap
9f299877902874a29ee22629917e3406d3d9e43e,villano-lab_nrsicap
9fc409e37d04eb0448bb241199930d7e2cdc918e,villano-lab_nrsicap
a06458baaa37e0cf6af81bde2cfc6d71d12382c3,villano-lab_nrsicap
a0c2bd8232e7d1bf89719f5bba2a7112c38dc5d7,villano-lab_nrsicap
a25b4c2f6440a0b91c55bbd89d8b2cc845082306,villano-lab_nrsicap
a396daf909f232402d57d2c605d50fe9e9ff4601,villano-lab_nrsicap
a3d4ef512acd4b9bdf767c956404b05e39c36423,villano-lab_nrsicap
a591dcc69336dcff69f555c31323340bc7bf2179,villano-lab_nrsicap
a6cb0b6baaf1eb877506a5035aec725a34902eee,villano-lab_nrsicap
a7873dc31150ed9ca90e1768d87c3ca3a74ddca8,villano-lab_nrsicap
a8415aa2a5e50e62d8b4d49a403059ea973e7c33,villano-lab_nrsicap
a8cda2c761128e67f652724edfdba1f07faf9e39,villano-lab_nrsicap
a94acbb2fd30fe6183649c5c37ebf596a5cbe89c,villano-lab_nrsicap
ab55082d2c5c87300283197894ee7e47d2942a2f,villano-lab_nrsicap
abf46d32fe24cc5ba65bf8d85b754ead88df8b8a,villano-lab_nrsicap
ac2d74d9f5bb12e22d763c2f2ad2d7fd9456c63a,villano-lab_nrsicap
acfb0ee9b70ff1f3d23c120f4861c5ecd8b2cd34,villano-lab_nrsicap
ad4355bb3f24d6a6f750acab5a43102347168025,villano-lab_nrsicap
adc6cce993922bfa08daf14d76cc8b2b1e3c5afe,villano-lab_nrsicap
ae5350263af37b06144a62b09eb9ad5d86101a15,villano-lab_nrsicap
b03a08316a8d6daabb751563e769b0797d47dd64,villano-lab_nrsicap
b07e7254b4b790e2fda696769129b0f882319d6f,villano-lab_nrsicap
b097532f9aa75d480a4f29c31c0eb6745b9da27e,villano-lab_nrsicap
b0b9b252d16aad6ed292563b3fe71cc846047334,villano-lab_nrsicap
b110e04d71b708acd00074f19db5a1468ffd1a34,villano-lab_nrsicap
b283db6fde6f479246833bc48bc17a634350a242,villano-lab_nrsicap
b2d32f519ff0533fdfde15c0692e12d459427ce9,villano-lab_nrsicap
b5a19c9673dd7ddd7fbecb141f85f83f3af38716,villano-lab_nrsicap
b5f847397270e1cae0af7e50c9bbb7befd12364d,villano-lab_nrsicap
b8dbb9db73611473b8cfc9d1dc5a33374c834b33,villano-lab_nrsicap
b8e4fd48b5d7498415623c7e1c7537dfd5082606,villano-lab_nrsicap
b9c0231571916fbc3ddb7c11910ed5b38aaccee3,villano-lab_nrsicap
b9ca5d3e8f8c469c890943641805c553e490a82e,villano-lab_nrsicap
bdf14500d854cb17bc6f6e3d426fbae7fdba071e,villano-lab_nrsicap
be1d60c82867e330d879a35d981094ecc8179487,villano-lab_nrsicap
be5f0d4c4e0aa62168255331647d8df8326891ca,villano-lab_nrsicap
bfbce11010997a0cd21114f805e8202c0bb886ba,villano-lab_nrsicap
c011c58f3d1a8f263a4a4c51dc61201ba31fde81,villano-lab_nrsicap
c198a8a2c1845dbd452e396fc63b6722b8729961,villano-lab_nrsicap
c214ad9f6b3b41ea2aedf631a27713829e71be6d,villano-lab_nrsicap
c39104e965a16a98d89ddacf81b4e78b1e95e7f5,villano-lab_nrsicap
c69aa335ffb852529d8bd51c2e867c5ddbd7b20c,villano-lab_nrsicap
c748db69d37bb72b0120f90eb978c2f6c0cd26eb,villano-lab_nrsicap
c77d35756337163f02280427b581763118361aeb,villano-lab_nrsicap
c78687681f1798722f91ed19b5918e0862534c0a,villano-lab_nrsicap
c812be032e7d0feba7d671e81b1711e3b79393e0,villano-lab_nrsicap
c8140bb1a6e6461cb904164bf3ac5da84cad486f,villano-lab_nrsicap
c8978ae89d671578e9bb1d57e42555485e21aed6,villano-lab_nrsicap
c9e882ad9580cfe6e06e6f3a1b4182fc5ed02208,villano-lab_nrsicap
c9ee8394a2b6bd1f8eea7d95d8b87dacd6313351,villano-lab_nrsicap
c9fa495d0ad65132bf392c3cd174e46a7def4e40,villano-lab_nrsicap
c9fc99920231f3404a548b18932ccbcec2054c55,villano-lab_nrsicap
cab09a7281dea6f9ba3482cb5b18b35e52377774,villano-lab_nrsicap
cadde981679c055000b87848341d1f8b8cc8c1d8,villano-lab_nrsicap
cbe36fcb2938976b54365490dd9f4907a07ad2ab,villano-lab_nrsicap
cc05feda7372c03cb473e8b2e93968a697a0c314,villano-lab_nrsicap
cc82f2ffc834f2f80fdea4c699ace5dd83b2fb5b,villano-lab_nrsicap
cc9256493ddc611b7766a28ac6b11b383727cbf6,villano-lab_nrsicap
cd6907108a2d5fbbf3e2f537c874e05d994f48a7,villano-lab_nrsicap
cf6ae9634b9b2dbd93adf4e62b69ddf4d5aacb72,villano-lab_nrsicap
cff38411ae67d713a5e4cfe283c44a02a1d35df7,villano-lab_nrsicap
d00363a061e78a96c1aad57006b799c9a8a742c5,villano-lab_nrsicap
d05c0b96f988775d9ff90bfc6006a5dbc91477c4,villano-lab_nrsicap
d07ae036db9dfd2ed2b8e517d6a0231909a84ee8,villano-lab_nrsicap
d2463d1f52947c077205c08661bfef8424c58ae1,villano-lab_nrsicap
d37b2020196bb72f03bd3cbe272a477026292258,villano-lab_nrsicap
d405f1b6315bb57cd9765ca7df46c4b835711065,villano-lab_nrsicap
d4ff92cc95a6c0ef2a97444add7ee514eb41258f,villano-lab_nrsicap
d5d05f790a6eb592f670e58a6f6cd3b122707bb2,villano-lab_nrsicap
d63262b0ed113aa2fa6316277b08b16b5115eaef,villano-lab_nrsicap
d6cac334f84225731cfad1edfa4d19a4ed0b926b,villano-lab_nrsicap
d6ecd1338ebee081353f3b54ed29bbe701befbf4,villano-lab_nrsicap
d7d3c91f28cec0c4c648b20e9b8d1715964f276b,villano-lab_nrsicap
d7e74be856c651d90be219d292d86301b8ce65c9,villano-lab_nrsicap
d8f81bb5552a897f7d2bd6e99e2ed6c899900c17,villano-lab_nrsicap
d92bf8c6395b28555acb0357078b0b26e9ea72b9,villano-lab_nrsicap
d9dcded5e343a56d57f74fa49eb977f0b838f762,villano-lab_nrsicap
d9e358aec7b15ff703f0a648a9fbe40f67b1a315,villano-lab_nrsicap
d9edfce2811aefcb1cda60a895b2870b0468ae3a,villano-lab_nrsicap
da2131fce01ea9f2a68d36215f72621c95db5d38,villano-lab_nrsicap
da6e08089d6a4d55bf1c2febf7c6f216437ef2d6,villano-lab_nrsicap
db3320e90c12c73bdfc27439102666761e7dbe7a,villano-lab_nrsicap
dc56d0c31a86dc0864e6ab8be4be7e7fb5359339,villano-lab_nrsicap
dcc0bf0b46c25579877b9c6164f2f5dce45f4d39,villano-lab_nrsicap
dcd61be28636a532251b5f26b50d904b7e3034c5,villano-lab_nrsicap
de5a9b858c4b4ee042aa756a2d77621ec76835f7,villano-lab_nrsicap
dec66ef9aa7bec8adab57da7fec7e2acba22ebf6,villano-lab_nrsicap
dfcf691abffc435dcd9e9e1cbca41662eff2d8ef,villano-lab_nrsicap
e369eda739c38fdb4aeed9cebe38e6df71ceaeae,villano-lab_nrsicap
e38f9dced6d6ab611bd4bf75f534ff846dbf762d,villano-lab_nrsicap
e3bad31c12cef285e7a0fc3b37a0da540334ae02,villano-lab_nrsicap
e4db1e9f09ca0f3077677d78fdc0dd432a99b334,villano-lab_nrsicap
e4ffe6193d68a77364334c5f60210f862a9345ba,villano-lab_nrsicap
e611da392bd6f9829482359fab152fb277f97a10,villano-lab_nrsicap
e78a21bb7ab3f8f13a788b3486e0eea8685d96b8,villano-lab_nrsicap
e91d3fe55e1294d6f44f61f9adf4926a26cba1be,villano-lab_nrsicap
e95221f53c6977f4cb764e40a8ab2f7ab4fabf78,villano-lab_nrsicap
eaccd20b665b48b2bc07082b6577cb323810cf19,villano-lab_nrsicap
eb16be78a3f14159d3788f21562045b91d4fb07f,villano-lab_nrsicap
eb2805f07eb8b29d7c4d9d42e4ca497d0b28d6ba,villano-lab_nrsicap
eb4f22b11fcc90eb460411ed8ebea01de0cb94d2,villano-lab_nrsicap
eb856fad73ea0a846c168a5413621d4435a98368,villano-lab_nrsicap
edd04297206bd7678ae94378b1189c237e5fb2e3,villano-lab_nrsicap
ee62bfa216bc77af5a1a991675a256bface31b08,villano-lab_nrsicap
eea875b87b29966d2a1d61b3f80e9cb808ba3d32,villano-lab_nrsicap
ef0466697c8e5c8d12a0883962429e16f86e0b78,villano-lab_nrsicap
ef108bc11da9836f7f1cd8cf73986e2fd43b72e9,villano-lab_nrsicap
f1bfb26413a39e279d7f29d0ed296b0db674796a,villano-lab_nrsicap
f35bc816165935d2c5db9422beaffa5dc7207105,villano-lab_nrsicap
f3e503d2f82a52c20efdf149717baf99c02f3856,villano-lab_nrsicap
f45865d269cdc4f04bd5ce89ab25cb802f78a576,villano-lab_nrsicap
f497cd4ab96f3d1c7d81edf05f2baa113d3974a4,villano-lab_nrsicap
f4b58b7ccc10fdf7cb0083e3a88413583e1e5b3b,villano-lab_nrsicap
f54572a36e7959564bbd4081f43a5e69e4b7d2f6,villano-lab_nrsicap
f5b81c7096ee1a1ef3beadb691458a7c847a3b9d,villano-lab_nrsicap
f5e3f691524436b0f93e48d11c68efbcf6158564,villano-lab_nrsicap
f6bdb2674080e31bc37bf8047176aa153b3f32f1,villano-lab_nrsicap
f6f2e157d4b31294dad2e6175bb8edd297a69807,villano-lab_nrsicap
f77a9d87523188b4a3634c52c1fb2a807f05dcf1,villano-lab_nrsicap
f90e4cb74da3f3e267fa590c8533d284ef901ca0,villano-lab_nrsicap
f92b0e270a4c4c73da672beb68efa294612bc7c5,villano-lab_nrsicap
fa374549c2636c9622488dfbc574268c81563e5e,villano-lab_nrsicap
fb1f7f778afc710ddc2eac78f560908477b15f48,villano-lab_nrsicap
fb45576d458d09b1f26f80fd8806b528efbdc46d,villano-lab_nrsicap
fb99aa3287670a0453f03c55b0fb596f8d9bd86c,villano-lab_nrsicap
fbaa3914dc7d67da8bdd6831b3fa49a2411d31b0,villano-lab_nrsicap
fbf0a39f6acd38b6252ebb0cc0f29a94f9d9aaf2,villano-lab_nrsicap
fc11df11b22ab36ae1cfd5d21a13be0e002a8c4f,villano-lab_nrsicap
fc358a755c860f650c8257fbc0312f7563c79d36,villano-lab_nrsicap
fd1c2cf10573eb7ab89e4c4d4b00002ac0be3c7b,villano-lab_nrsicap
fd42d5b63659bb506e72d0b89e50d688483d11f8,villano-lab_nrsicap
fdab1e9f146dc4a414784dd774b2501d39b2e449,villano-lab_nrsicap
ff373a7be67458b79de799b45181a45268b100a3,villano-lab_nrsicap
0027c09dfd449b81fa55edf548e27072bd4987b3,matthewheun_byname
003611897ce5c93ada4bb074f8b19f8e9528d564,matthewheun_byname
00397d01f0f5e66a90a11c5db99b3bc675bf701f,matthewheun_byname
00423f3a4c0f49f7143511f44d514067364bed1d,matthewheun_byname
00677b81f7d6fa887a25584a3af26f9c2ca103b1,matthewheun_byname
0074f1e3c88e8b2febdcd183202371aaeff67643,matthewheun_byname
009a26b9c9a45cb2ee019d1e1247a3edc1e0a4ef,matthewheun_byname
00a99a3bd648fc5aeb323703ebd746566608661a,matthewheun_byname
01053e2781edf229ea93028d04e96f9b113d6717,matthewheun_byname
0135b92fe53455b059f5603749879357dda5f26e,matthewheun_byname
01b4091a68d8e66c6cf2679fd9b90e3eb65676cd,matthewheun_byname
020e118727413fe43865831889f6b459e0734408,matthewheun_byname
021078657456284c7f2283843a4c945e80a97ffd,matthewheun_byname
024788ff1a653793b661b2755f36d09514b302e8,matthewheun_byname
025c40d2ef0b0da2e8350c47c9a4e747b5aab89c,matthewheun_byname
025d9f01bfa877cd3cbd6f0af8b4943f1cdcd770,matthewheun_byname
0260f704c9786486f923b9c77675443526b6bf71,matthewheun_byname
0266d76835257cc0740bab50e60a0e12f33376c4,matthewheun_byname
027045126881987f980c01eeaa5570d0ba153605,matthewheun_byname
02898afd9348930f7717d1997aacd201a28f4b2d,matthewheun_byname
02b48e1c84383d9ee5f13ea142008c72de125821,matthewheun_byname
02b577d1d8bb098a2ed44e1efd222c4915052b5e,matthewheun_byname
02fa8348b7135a3217c9bafff0891409a2d3a1f4,matthewheun_byname
033d87a22673a6744311b2ca8790a565dbade950,matthewheun_byname
03494811e1c4078b65d23852bdfcd2ab1c240879,matthewheun_byname
034e1bef2d0e07130fcc07421d426dfc9f1655ee,matthewheun_byname
036f45772dae3929fdf1b909d0e12c20173704b2,matthewheun_byname
03859bb4e683175006b2e18b4101a0c8a81d5c69,matthewheun_byname
03ba4676d34dca5ed8747beb0c750b1518af2017,matthewheun_byname
03d5d0bd7a01886bc8b3421d8880ecbcc0e7c5c3,matthewheun_byname
03e774e7f213774a33cbe7876dfc48b61a6fad6e,matthewheun_byname
03ffb19956293477c2aadfffb9c4642c7467a961,matthewheun_byname
0409f31b7e38eed38ddfa1155a4f8b1be347180c,matthewheun_byname
0427fa57f58510702b26b1abb5679c9c2c9440db,matthewheun_byname
042947d208ab7ab53ec094f036ce425938e32312,matthewheun_byname
04635a277c8eb262fbd0436cd54b168238fd4bea,matthewheun_byname
0485eb2ea921ed3c071d447d503c846ea7084a3f,matthewheun_byname
049c345afd26aa1b6787dcf850f57a2a97369cfa,matthewheun_byname
04ad6709d42ac50fe835bbde0194509c6f77f8c5,matthewheun_byname
052b879b5cbb5bc08cbe7066b8ee669df97eea7c,matthewheun_byname
052fd496ac44a7ed78799608548d4f27580c392e,matthewheun_byname
05bc1d1925ee6a9be7caf84024a9010162fec511,matthewheun_byname
05c05ce72ff55e10974b1605739e8f9e51ba5b0c,matthewheun_byname
05d27969568979d9e31e6978eb5e6371fae5e02a,matthewheun_byname
060f70cfafe122b9de261b07c35e1116763fcf4b,matthewheun_byname
06595f45ba4157f392fe062ecc25ad7190f8cfb1,matthewheun_byname
06bd4e1ad030c885de62e90f6ee24396afa45a37,matthewheun_byname
06cbc0d47bc139705e102f9415b42df2929d3218,matthewheun_byname
06f2c648c24862ee4d8e62e10a16911593b926d5,matthewheun_byname
06fd0ebd5912386b7bcff5debb4846a1d5f072b6,matthewheun_byname
072f8c5ecccbd6aa43bacaf6ef48d7d10d6eede5,matthewheun_byname
0748b09b1db7a93f3e64c4fdc69ba28518c58c2f,matthewheun_byname
07660946295989e15d7b4dfea6e74e10e91d9533,matthewheun_byname
076909e181de86203e5786c6ad05d6025b09c5e2,matthewheun_byname
077f96f8fe47fb654949520d4a0bea9f32a98704,matthewheun_byname
07a57bef27e21b2f0bf807d1e1f73beab1bc4d00,matthewheun_byname
07b2653569b3552d4bc79186d2c35a41ff537d26,matthewheun_byname
083d04e857a058e1131c8263863296eac8125d78,matthewheun_byname
0856d8a0d5af8d732bf42ddde9e3e3ae8656da5d,matthewheun_byname
085c2642e2ebdc710bd9771cd3421ac6b5af2ed7,matthewheun_byname
0886b408709bcd5344aaa5304399ce4a3b6de5d5,matthewheun_byname
08f395895c25b5679b427279ebc4ab45ca53f218,matthewheun_byname
093ecf0c1ebad6f4f7889da94b913a22b9b88dea,matthewheun_byname
094fe20943dcfd7e02d3b957401e8fe44e0c7031,matthewheun_byname
0953d173f0b4c6700cb3985781bce12ebedd5814,matthewheun_byname
09ff1ebafc774909da7b2045ea43675c4dc6f3f4,matthewheun_byname
0a3ed23e0a47e7946d9abf96e4e914f7609269fe,matthewheun_byname
0a451b8c44636fad3e38904df892dc5a5faf5c11,matthewheun_byname
0a8486ab61842c41de7e28e2df4310a16019190c,matthewheun_byname
0ab71a45ed5e7160a848637833aa298ff6412c0c,matthewheun_byname
0afc7b2f693957ff24791ec7578752e64a0ee540,matthewheun_byname
0b287c20e6a79e56f379c8e425a93ca30058e4c7,matthewheun_byname
0b2a0168d4e18346870729b9f36ef2a2c8fbb267,matthewheun_byname
0ba552538a295b57fc0c55f377c264335cf5a077,matthewheun_byname
0beff605fc49d907c8fb2bfdfb910d74a18d2196,matthewheun_byname
0c0b35046d9e6ab772f113be33519a35aec1ab62,matthewheun_byname
0c2acfa27825c2136b9b914664bfa926318b2231,matthewheun_byname
0c2b03d564562357e31fd9c2ccac9aa78cbf8f89,matthewheun_byname
0c2e7f562710b59fa5cb5b369fa1682676dcaacf,matthewheun_byname
0c441928aafe4f606f974106d98f1704eb34591b,matthewheun_byname
0c46e16bb1f4528d09e820b67d34c7ef276e40ca,matthewheun_byname
0c514074c8ab84e701ebc82eec819e9b1e0b9eef,matthewheun_byname
0c6fb3de57e40eda3233e0b4e2893956ec0d11dd,matthewheun_byname
0c76450ba198387fbc153aedeeee835d4d5b7e7a,matthewheun_byname
0c7f7722a7cc6424a3df4f1622c21512c16df4af,matthewheun_byname
0d4c7841ae7d1f40f2182ad872829c149f05f542,matthewheun_byname
0d89aa299d4b5a51a4c00c58d2ec332834b1fe95,matthewheun_byname
0da128dcdbb47d136bf7c3c9e51b0ae2d4621917,matthewheun_byname
0db6efb19dd4a9ac69ca54274f3c8702cb4c4c4b,matthewheun_byname
0e2a8fd7e07f67e0e7ad05d7ce56cc63175af5d7,matthewheun_byname
0e5ec259202cf2d21b731769c449750b2ca8ba70,matthewheun_byname
0ea70e11ec111ef03fd7853e9875e4f4232a6eb9,matthewheun_byname
0ea900a1d63cedec1d77442f1d5f0b2ef1ff38da,matthewheun_byname
0efeb24b1ad21b76b54e558e4a352788abce0a3f,matthewheun_byname
0f06b11c3512f1f5ec1b33d7c4a248c64875436a,matthewheun_byname
0f1161199ef5e255afb685a6a41d7055de616a32,matthewheun_byname
0f3129a4ec8f15845a700f6a39c6ec219662362d,matthewheun_byname
0f31f663de7bd01733562efafef95580d347e796,matthewheun_byname
0f343cd93f07e2cc54c4695c6ddb2fb9ab3c9fe6,matthewheun_byname
0f46e62774745869d54ae83b812be3d41fd5c613,matthewheun_byname
0f662c91cdad1b8d4c29209a3cfa698dc0dab25f,matthewheun_byname
0f7e98f6159d3a531ad93e362049a40ac9818d51,matthewheun_byname
0f92011ddc7c051a48cb54a2a92aa3d9e3bafcea,matthewheun_byname
0f964481594b4e0fe9e1387ad5cbe528236ade3d,matthewheun_byname
0fce0b0d29c05f39b0bd1ef753faf0bc6ed1ae4e,matthewheun_byname
0fd8cbe8ae1c2ed90cf73b267345a7ee6b5b6a0c,matthewheun_byname
105298fbeee0f2a61de5a96db35921c6d3b7555c,matthewheun_byname
1053cd1f1faba5cce118a640a679b8adc9aaf88e,matthewheun_byname
107615720f4534d7399251034966279cc05f0b9d,matthewheun_byname
108a650049968151fe0979b4266c359d052f7638,matthewheun_byname
10b5cb725d34a1074711415f14080b4ddb2bdd81,matthewheun_byname
10d6261171f692ea0ce3de7ff3ef17346afae9ee,matthewheun_byname
10ec73fa8ba74dc786a1a6b53dbd5c8f3fded28d,matthewheun_byname
110136e5913d9c98b2b74931543ea32bffdfe012,matthewheun_byname
110ca3bab4ffb12c0acd204f66169b76990ce1d9,matthewheun_byname
1173b10d8f7d1941da448520edc4eb1276712b64,matthewheun_byname
119d7339823c93d0fbcb2c4cd0498e8c81cce99d,matthewheun_byname
11abdbe595507155c7c5fe368ea727ed50c17ece,matthewheun_byname
11b768fb5ca560520873dbcd97fcd1c69c662600,matthewheun_byname
11cf12a3c97dd358618d3515a1afd8d21949c4fe,matthewheun_byname
11cfed149bfe408bc27f7c292b9cf89c838b471e,matthewheun_byname
11de32271ad8765d604a82cdcc7fb4a05116ca33,matthewheun_byname
121e446cd1436e11d9389efd234229929db410ce,matthewheun_byname
124e9b3cd02039aba6844407875d664e8e865dce,matthewheun_byname
12619bd4de922c7d6fb233dab4f766d96a04d010,matthewheun_byname
127b8ec52d223b7786cbf7c582fbf5247a9c4843,matthewheun_byname
1286244b521dac58695856095a44ecd2b6abdc19,matthewheun_byname
12ad1b48f5885a4055db3a551312955efc4d0cba,matthewheun_byname
12d57b093ce9fb5b5931a98341d920bfac6ea61e,matthewheun_byname
12fe7a5be38f84ddb189e035371ac151ba12bfdd,matthewheun_byname
133cff3e28ea38cdb7cc58dc95ccdf6e14efafd7,matthewheun_byname
13851011cdc60e7c1bf265d5a70d13d60e105d09,matthewheun_byname
13884cf2dca87ed6723c5a7d78a7d196605fda9f,matthewheun_byname
13c9e566fc7eab9005a460b3b3a20707741a8a93,matthewheun_byname
13ca5b42b2fd7132742bdb4dbfd61cd7011b923c,matthewheun_byname
141cbfdd30707b449499d9aebf8b1844da2e40a3,matthewheun_byname
144eaa00cbca8cb61e3664677483893a024cbd91,matthewheun_byname
1455716560d5b6c54fc0e748353275d54beee6f0,matthewheun_byname
145b11369cc7ccbb04d05b5c736de5467f860183,matthewheun_byname
149b18241eaf51418b0c42ba6bbe08012b44453e,matthewheun_byname
149b6e9adb0af72d3fcab00c21c972da367fe3d0,matthewheun_byname
14caf99368fd690ee80378a948dd432238d26fda,matthewheun_byname
14d7c05ee9c02f77b23a9009ed3a184240259427,matthewheun_byname
1507771e49d48c70c6fae7347a79d3dd6c2b4d49,matthewheun_byname
151f6b010274bdd6a9475bcea282101c313d51fa,matthewheun_byname
15443281d4f01363c1e0ea01c0de7d90bb5daead,matthewheun_byname
1554c09b62ecb1ea6fcd579eb1ef0c8c42a18fb2,matthewheun_byname
15696f08b64c42a4190bb1d24822e10bc9613ed6,matthewheun_byname
15b0cd7665110f4b89220dcd871661aafde28db4,matthewheun_byname
15e5821d890c2a9f3a9ce4a7ae6f1529b5a1af3a,matthewheun_byname
163f87d8de1d3475914f645b663f2606fcb4d856,matthewheun_byname
1664f4682efa301d7accad393251380ae01b0bac,matthewheun_byname
1679ec0c798aacede38ed62dc0931295757eb0b4,matthewheun_byname
1682eb634b4e28ac989a8e39be726866a613ff5d,matthewheun_byname
16915ad3afb05a6a9f9d69e5d0b78d82b70119ec,matthewheun_byname
169b4f8996d5fdd8a11ffab65c8591ad6f1d904c,matthewheun_byname
16a698231f097e95d612af8c02d58c3285b04354,matthewheun_byname
16f1486a766402ee4a8b4d80d89fc63627179430,matthewheun_byname
16fea8b8f8f95aa653b3e58222421390e7380766,matthewheun_byname
1700973a7abf1a55b3522da995fb30e050ab55bc,matthewheun_byname
17829371efc26aff3cae787806645d2766a2c807,matthewheun_byname
17cf460e564a1ad24f79688009d18232aa1ed0ac,matthewheun_byname
17d65ed4cf320d6fdbfbc307938ca4646b4c7302,matthewheun_byname
17d936f4321a5e8eaf6e81e53f0d5a8343bc3c57,matthewheun_byname
17ea3299721e3424fe0db1f04c132632f9f758cc,matthewheun_byname
17ee21f6e2ccc0135a40fd2bd27907849ac2fc22,matthewheun_byname
189066ae0baf50ca866da31b6489b27381a33dd2,matthewheun_byname
1893445561d2451ee80db21dda03f29a621a2755,matthewheun_byname
18a2b88c54375cea37e74b0ab7a5d72df0956ba0,matthewheun_byname
18c2baa4e3c555bd1fa5db665051432753bf438c,matthewheun_byname
18e79deb00fc60d55437daedb8f0a9771d22b947,matthewheun_byname
18f872c6d2f4df95a0b7dfdf095e26ea3fc1c164,matthewheun_byname
1955aef61762d1b7635d1af3461f62e3ff5b9415,matthewheun_byname
19e93118870327f6d4a23ffc81fa41145542f40a,matthewheun_byname
19fccd7c53233b068ef2efdcb963f89f4d2a5e20,matthewheun_byname
1a2a55750091c44f7a909ba1b26d3b17befd779b,matthewheun_byname
1a68e8f5ae95309d4ed8e12cda689192dd57bdc1,matthewheun_byname
1a6931780ca2f1413bcf30a221c789cb6309eb5e,matthewheun_byname
1a72748b43bbeb301b6706f6011b9a3e51bfcab6,matthewheun_byname
1ad5b9b75b412f05085a328f7b0350d89cfa1660,matthewheun_byname
1ae7f6bdab455f5ac325bf1b0a5a5b8cd7b626cf,matthewheun_byname
1b10c3cf4201b958ba918cd5d19a59b1f5dfb593,matthewheun_byname
1b914a8e8b86104d8f2cabe66468b6479ca22689,matthewheun_byname
1b99e64a052e6a037467481cec6811d0a3f856b0,matthewheun_byname
1bad6ddf6153b9123c64c5818f40af5a08f35b28,matthewheun_byname
1c7ab3a1d33740dc0ef6b4f56264cbe01fa8c11a,matthewheun_byname
1c9832520ab2757264e0df642b67589de09f6d9b,matthewheun_byname
1ce1a91ac228b4bb6a76975525bcb53314c9352e,matthewheun_byname
1d75167da23c265554064098d69fc2490ec9cdd7,matthewheun_byname
1dc20b074bb9118c400b2dfb483b7ea54b8a5062,matthewheun_byname
1e18dd46c2ab1dee2b85b0fb050ab3ede369491d,matthewheun_byname
1e1aec4a40869d0fcfd78d56ca27371b1aded06a,matthewheun_byname
1e57a40cad034f2ca23580c34c261a517a16cc5a,matthewheun_byname
1e580eab0c7ce93ebe21f5fcdee696126e169c3c,matthewheun_byname
1e69c89ba5f0ff41cc8b7e3d4f5a8b9fc1f71cf2,matthewheun_byname
1ebd8e47d35e07d3ed3ca0dae3614ec17029380d,matthewheun_byname
1ebe2b7a2e37fbe61b0b10c3505bfa8e660a45cb,matthewheun_byname
1ed3e49e49302a4e83ee8401f8717f7937e3c2c5,matthewheun_byname
1edc324eddeb75003ef6a54926bb977fc3098ef2,matthewheun_byname
1edd84f22ad6d3190ebe7cb9f02f44d87141b647,matthewheun_byname
1ee385e3c79a0156ee2d26429ada7aae7c755229,matthewheun_byname
1ef6a0209646a4d54b13f113ddf7708e4a0ebc90,matthewheun_byname
1f0170d54d7db0f013141b2dc3b1f13c61c7fca7,matthewheun_byname
1f1140c7be002247ba469d236b49d6173edf1da6,matthewheun_byname
1f78bc6562a5ac3cf0b3502a71be18d35ae78024,matthewheun_byname
1f8488ea3d8c70e2e4099d7d42b575be591950c3,matthewheun_byname
1f911e7ee305af304b50d552b74c0ee5dfdf0e0a,matthewheun_byname
1f9d9a3a8583a9722e5c08907eaf65362de83489,matthewheun_byname
1fa29f7d1d8d9719a3a603d23f61a6aaddb24fc2,matthewheun_byname
1fa87701dc587d56bb31d9c5d0f31f353d81c8b8,matthewheun_byname
1fb7308cde1bf7ac335eb634780c4991bafac95f,matthewheun_byname
1fbfd27f1a24d284eff40a7c8578986f734b6382,matthewheun_byname
2002de6c320cf111a79adfdca93046865d3cc8ab,matthewheun_byname
20197d59f2c44f86c6070b1caffd9e027ec9dc8b,matthewheun_byname
202310d83bee3aba87a7be4c7f974951ac3b77c3,matthewheun_byname
2036d4d890cf4cd86ef13f8f5283581355fe164c,matthewheun_byname
20411c2e0318dc45885661cf06b360e2d1ad3599,matthewheun_byname
20a223212c94063b5924405fb5f82afc3058d2c1,matthewheun_byname
20ac626a5d4932c41ea16c4a6a49a6e5e5fd4b2f,matthewheun_byname
20b46b9be4136f3f2a21c63d4345fd12894ec9e2,matthewheun_byname
2106d5c5c2418bf034a7b0f2b84d33d6585c7df7,matthewheun_byname
21201cf2def94457fee91438bd1dfb38217dbc52,matthewheun_byname
215737a1859db49398a205a87f82f17b8219c585,matthewheun_byname
21ffd102a71a38e34839efa582696f619e032370,matthewheun_byname
220791cc59f6d6b7c2793ae999c8940bfc85e5f8,matthewheun_byname
22194850b38b5fdb2364f5a8a670cea8985ebaa6,matthewheun_byname
2225c2ae7e64debc91a729e4a4c9658c98130836,matthewheun_byname
224df8bb51317b306e9e109337f8b5d4e1a394d6,matthewheun_byname
225a6a3b2396c56eeaba5353786a9fecd480065b,matthewheun_byname
22c3f7b05963625ec598c78425d39b968d6abbff,matthewheun_byname
22c544910fac02e57b1c398f43e31c6cf37cbf38,matthewheun_byname
22e4ef8c567402601f37340941af6e32c8bafe50,matthewheun_byname
230a7472d2764a54a5428bb1ea203dfa487600a8,matthewheun_byname
23646a0b572b096a4d33e0173f8cb9509bb6d677,matthewheun_byname
2367542d50a9dd0964391f093e85bf248df432a2,matthewheun_byname
23954638d97fae99c6b5db7f3baa1d42456c4e1d,matthewheun_byname
23af4ed4d0db9a7284acba465caf753c85420226,matthewheun_byname
23fb6a4245bf77e3511acf5a30f5eb05998924fc,matthewheun_byname
23fd3bc0776011651097b0c849b7968ceb3c9a9a,matthewheun_byname
241d6b19f4871bd03872bfb591b1013f41662d50,matthewheun_byname
2426f9d510f822e3416788834d495769d942d8ee,matthewheun_byname
242be6dd19020467156abe38c2fee5a638aeb77c,matthewheun_byname
2436d64da845650109abd7cf3b706d1e43f61e93,matthewheun_byname
24466af15848458c5e1524b8de999a831aa7979e,matthewheun_byname
2490d703222637fd1ccdb1eb17368daa1e527bfb,matthewheun_byname
2496de260037d0dbdd0825643d636ff41110ec04,matthewheun_byname
24aae3df31a653e96e8bf09f8693c34d3c8b12b2,matthewheun_byname
24b8a7a338619d4097a19143265a6ffb3c3b0f11,matthewheun_byname
24b9978886b26bf77b12ad5dea5976084070f50e,matthewheun_byname
24e2f992d5a674b73d7b98ad013b0c505a00947c,matthewheun_byname
252fb62a55ecb91e5fb24be1eff4e241f6c85376,matthewheun_byname
25302d01097eb38882e252871b7d9c3c7581aee1,matthewheun_byname
2555ae95a072309e44bfbeacb86f031165210c10,matthewheun_byname
255b2616694221a1655e6624a0605ad227cb841d,matthewheun_byname
2565fcb30485a47bc12f042e6aedd6ec5d74ead2,matthewheun_byname
256e5c4e31abb53f721bc9ccea8cb94f7f697764,matthewheun_byname
25812d74152cb50666973c3fb26b04d96d625295,matthewheun_byname
25df9717ed8162b59b5abfbff159d8271cd312cf,matthewheun_byname
25ea7d1c5d9890c71720ed49fc352e055ffe354a,matthewheun_byname
25f148d99c58daa8675d2ad160fd823fc17ae2b6,matthewheun_byname
25f5a2ba49c75fcb12d9967b9021be5720a7d489,matthewheun_byname
2609b66b61a4229a9ba177fe5d27b6c07781cd75,matthewheun_byname
265ad8e41dabfdb740c4f814c4b74c3961212f93,matthewheun_byname
2694a6beb16dc23a12338aaa41d5379d63ae8b02,matthewheun_byname
26979101f407e8f9a41e989ec3be310a78a1c9c0,matthewheun_byname
26bdb6c07f62a742bb692b0f96750e66d88f40c2,matthewheun_byname
26dea85d8059a9a79185955edcb750dc30c9d26b,matthewheun_byname
270c251289156304ebabef9177b8ee9438101787,matthewheun_byname
273e4965fa424e2273a7739f6ab9456b6038971b,matthewheun_byname
27720f615dcb0cd9628a69de6ac26d4edb76c634,matthewheun_byname
27ce586255519bce35888a8950c90001291cc25c,matthewheun_byname
27f01f4054f5caf9fcb1df2dbe6aab6f3594342f,matthewheun_byname
27f3c5ff02c3ebbea87fef6407f1e19ba74c392e,matthewheun_byname
27fdb52ea472bf8a27204ffa7fec970fb37a5a0d,matthewheun_byname
28074921b6a3e5e242f8f701f75213ecf857bc41,matthewheun_byname
281980c19f3fdd649150b6a92077af5d381c8c2a,matthewheun_byname
28761738127994a04b3b27e6284a39eabe985905,matthewheun_byname
28784c498a844406bb570d4620f720d8247ccc35,matthewheun_byname
28c6e2c21d1e3fe727a99645d0e52ff2e6c7b082,matthewheun_byname
29260c78000bf5e7a31d3e0ba0afa7022b009ed6,matthewheun_byname
295e9b9d64e268848480fe894d36a2f9da7a6193,matthewheun_byname
29cf5f4d45a7b1b2964160c444344d82f26f96e6,matthewheun_byname
29ee72aec810d25924a3e92a57be78fa4235db84,matthewheun_byname
2a08f79fec27a51e7b3b4cd1f0c5bfadda6c8c26,matthewheun_byname
2a120cedca36399c86b3a6ebc524c6fcdb832401,matthewheun_byname
2a21e992e417f4018833b6d04c04aa0d7d6fef5e,matthewheun_byname
2a49eff332cea5939f9e9c6f1d9c69e601c7a46c,matthewheun_byname
2ad881545474061ee84ab9de66f69fef51207b59,matthewheun_byname
2ae070af698da9b07d4f1310d36393736fa2cf06,matthewheun_byname
2ae998a2dab937e86c93c56a975f8f13e51ccd9a,matthewheun_byname
2af04aae3175e7ae0ebde71635d2aa6d34a69d2b,matthewheun_byname
2b03a62d5c0d95b43cfaf9b65244b8d8bac4b1a8,matthewheun_byname
2b064ffeb6e4ba417dd4cccec671db31e8500666,matthewheun_byname
2b1052fdac5013764c204804162a036289cf022a,matthewheun_byname
2b13a25e3f12b5836b92d41cef15e4392c54cea2,matthewheun_byname
2b196a61d78c8c7db078b114aaf9b3db756af9fc,matthewheun_byname
2b8b2ee60ccf302ef1624738b9c8e597825a0087,matthewheun_byname
2b8f49954ee3f2113a7c91a7fc93f668f4c1ca87,matthewheun_byname
2b937432cc6a7121de112378c24bcd15cfc7b752,matthewheun_byname
2bdf4cd712e711d18cae8407954237dcd260b964,matthewheun_byname
2c3001a9f836fb811104e407a4ca5a4039cd0fb6,matthewheun_byname
2c33763ab44ba3392d35429375fcee2509beb17b,matthewheun_byname
2c6da05d3fa789157f0f8623dbe5d90b0e89d54a,matthewheun_byname
2cdad9b9e9ac906fd3bce622352da48defc2a59f,matthewheun_byname
2cde178b7ee9049cc37a8bfc14fc3763a82f8238,matthewheun_byname
2ce2435feeaec52f2875ad8452a8478a6a30ed57,matthewheun_byname
2cec0c30b58e9b5dd242a00b52e99b1c7b7878db,matthewheun_byname
2d0066f7a62814eaf37e3e5d4ffe03c572959a2d,matthewheun_byname
2d0e5c7efbfb3df9bec84a3208a7b5017e8bad8f,matthewheun_byname
2d2be40296d1f99265d83fb8e844783a290d38dc,matthewheun_byname
2d57d7dd7b83b5b093f7386f9278d80cb3323acb,matthewheun_byname
2d59bc6f0158f5c7e09216ffb5bd479696c6bb54,matthewheun_byname
2d5dd28bab060708c1a93881365212c2a79ba364,matthewheun_byname
2d638bf691c5bcf1a3f459f20e68af3ef784b2dd,matthewheun_byname
2db2bdf265c3b689387ac772aa39ddd406377755,matthewheun_byname
2df5054572ccdd554bae24f549a5f3e2fbf7cb44,matthewheun_byname
2dff8a5a8cb1a81b4a6beb6e6681c9fa6accfd9a,matthewheun_byname
2e12d8379e00a240ec0c95c71f600cac0a4c2a5d,matthewheun_byname
2e2a2f5be1071f65219724551074792d8058ad18,matthewheun_byname
2e3f22c6337ab72de90524febb6ee805363a6d9f,matthewheun_byname
2e80bd0c37efc892db07f34d914c7d52d222178e,matthewheun_byname
2ea051bda54161c6d4decd91f21d1b131555a790,matthewheun_byname
2eadd9374c1837f26885e54c71ff49c15f658f01,matthewheun_byname
2ed2968bab39c6b607aab66d569016f055c7f367,matthewheun_byname
2ed9afefeb19395d00f2404aae0e2561893161dd,matthewheun_byname
2edfe60eee0ae4192b174b0e704332f93fe318f4,matthewheun_byname
2eee20e4cf8bc5fda3cf6db9f5fb1fdee515a267,matthewheun_byname
2f5a0d38850d3a10980040282c1750c10d4220eb,matthewheun_byname
2fdc3903c0115b133da96ef22a2c2e605f7dbddd,matthewheun_byname
2ff212e4861de066d86816f71f42d87a354ca9af,matthewheun_byname
3017c36bea8f1ecc28dec10fc32eae193e47b094,matthewheun_byname
301a17eff5fae792e78233665e9baa7d7ec7d160,matthewheun_byname
3021918d55a44b3d9eaa6b6f0471606c3cb6b5c5,matthewheun_byname
302e810794848816024e33033518bd32847f83df,matthewheun_byname
303748c95f4080c781f6ae7c42b6be59db65eeb3,matthewheun_byname
303c6f3b9e10751b073153dc112500124fc5e290,matthewheun_byname
306c3c8fca341d4478cd2c3ee01a0aedfd0ff9b1,matthewheun_byname
30720b1470533447a6a407508dc1697a7983ac94,matthewheun_byname
3093df3f51e0f9f88e5c951cc182d981bcfc758d,matthewheun_byname
30a04291352779033123e4146853ebaa09332f54,matthewheun_byname
30b136d28d9807d464263af1adb48212b6b18e12,matthewheun_byname
30c6d948bd2acf8ce449b4b1f7d18d193987bfbb,matthewheun_byname
30dee51fe19939e4eb80f87c37fe893735f8f921,matthewheun_byname
30e2792d294623985bc2a7a14acda5519d692e7f,matthewheun_byname
30ea6c2f377311653e3fe88036f140b2ed811590,matthewheun_byname
30fd86b0a76c335036f5879c44195a7b1c84b48f,matthewheun_byname
3104c30ec38e43911aef2ca4b369e7024870ae67,matthewheun_byname
310d4003874326e6d21c7ca38ca02f658c61b056,matthewheun_byname
313c4b405a6d56f435bef199114fccd97348af19,matthewheun_byname
3160e3395f86f01029fedabb708eb85a158dbd89,matthewheun_byname
316f8fa1695213e0c9a5b02149c7cce6b7fe42ae,matthewheun_byname
31754735e33f388cc1fc03efb5e4f8a78edf9a0a,matthewheun_byname
3182f5fda8e55e43487a3c2eae5e3b19f72e68c5,matthewheun_byname
31ac3b36cb50d19b391938409a6c013e9c9144b0,matthewheun_byname
31b1050c3605dfb66826024a5ab8dec3aefeb78b,matthewheun_byname
32382d6d4af3e0d5603099819c64c82149b858ec,matthewheun_byname
3245c779e76b98f6d606357d8b8f305fc68228a1,matthewheun_byname
324b447b32a74ff10ef45e21ee3257ee03dabe0c,matthewheun_byname
32538d55b566f75cb78b0ff6ce3a638120d75bcc,matthewheun_byname
3254c6c848eac2f92f7ea0bd914f7165a510f3e2,matthewheun_byname
328b808472dab29c2e2f89a9c0a5c4d0d36a96d5,matthewheun_byname
32942fff0a97f5602e620e4f1156abfa56fffa7b,matthewheun_byname
32a1e49666ca6bb58af4042248d41dcde767b796,matthewheun_byname
32e4245d9e566cf6c78570297657721cdbabc870,matthewheun_byname
32f320f113f773171cc84cd04ffdff5da37efd9a,matthewheun_byname
3301e62f81e52e0155218d9947984c192d1dadb3,matthewheun_byname
3302deeb19272f765958a3d08189f18a48018eb2,matthewheun_byname
3318db96642562da0415af249b62859c2c85b0dd,matthewheun_byname
3372f5fd870fa8253eb82627e865e2e6aeb56a3b,matthewheun_byname
33a2c650cca327ac613ad6f4b0537c561da11030,matthewheun_byname
33e124bc2418e3e59c60e0fc075cff0b5e9ecaba,matthewheun_byname
34125187c9632d5d39960e3fb431de17947e2b12,matthewheun_byname
341b865e980a5dfb17a643fa47330c5ba9a9bb7c,matthewheun_byname
341c31f50f16dac97f200cca5e885939e6b48955,matthewheun_byname
343bfa7cb2421edbbf959d5c556e0ff1c7539ae8,matthewheun_byname
345ede4b9902c7dcb98f88dd79af7e21fa5a7c1d,matthewheun_byname
34762d1b5169d8cf5fa82e5921fc95447e859640,matthewheun_byname
3493fa283e65f42a0952df96c089740c101021c5,matthewheun_byname
349b3463355368bae37209c1313e928e0dad7516,matthewheun_byname
34a39221fbda830c08a62da2730c750482dc570d,matthewheun_byname
34b01781868b3566d20a70864fbca4fb64b722e9,matthewheun_byname
353ec87c44331494fc15b45d73ba6a9d9be826f6,matthewheun_byname
354c91a9efe0530d5080795697e823eff09e0af5,matthewheun_byname
3562624febd3cd08e2b7ea9ef14f5bc3f57b8f72,matthewheun_byname
3576fb8a94bf782b26cfdf05f349635f37048958,matthewheun_byname
35eee2426de11f6d422b58cf8fbc01b4bc49c6f4,matthewheun_byname
3607663c622f51a85b976e1602f73914b929f4de,matthewheun_byname
361628f973fbf7152dea7e9f4e5f0040bbbdb22c,matthewheun_byname
362a60d280b9d199f0a496ec212a1e1c3b096137,matthewheun_byname
363642ef9ca70aa9aa21ed406f6d30b35bfd2758,matthewheun_byname
36434c07eaded13771528922d635234f65c21d30,matthewheun_byname
368b138e010e9870ea5cc3e5c7c306d64e81b75a,matthewheun_byname
368ce029173990225ac1f1a97276c78f2aa32812,matthewheun_byname
370148ad3cf65e28ea34cd4901abe7482555a572,matthewheun_byname
3749328bd1eecc5b4f82733d338a17fe336dc949,matthewheun_byname
37b603eaf201e7ea1160e4b2e615777cf0277075,matthewheun_byname
382d5a6c6ef68a631f3b20cf9cc72c0fbdc50aca,matthewheun_byname
3846de6e6bbfc5766b9759f0ab8efaf60684e3ee,matthewheun_byname
387d23de6751fc238da37e572b6f40b5f4d1f261,matthewheun_byname
387ee1589f76e95b7ce155f9204d089e2ff77c21,matthewheun_byname
3883c807b0b3b873c877e6aa69155d0db19a8bd9,matthewheun_byname
389ba5280f72a81dc0bf836056d8751bc93db692,matthewheun_byname
38d6137965633e10d9d5de90941d1d41c8eaec39,matthewheun_byname
393ae0f011c750956811c9ead6a89f755562d6b3,matthewheun_byname
396d0b2ba2b719d325b3a5a0bcdedc3062e97350,matthewheun_byname
3987273b1c5b4e8fea2213b967971c178d8e391d,matthewheun_byname
3999bc3da64bf1933d4e6279fd2ee6f5cea7c067,matthewheun_byname
39be539c38f9641ba1c10808797d4cda36a6811c,matthewheun_byname
3a2d9a49c17133c1559c12428ed68caac0a92665,matthewheun_byname
3a4f6ec08350ae0c2d27a2c41584cb2eef2545ad,matthewheun_byname
3a8a5184042dad77f7e63bc6d6f91cac74dea668,matthewheun_byname
3aa8f6f82fafe847bc538fc32c2c669cd5e004e6,matthewheun_byname
3b0cc9cf2041b7ab3f380d695b1ca0e3c0d473cd,matthewheun_byname
3b220658709877ccdc7be2e703c1c8cd725d5cfd,matthewheun_byname
3b2531f8be3a115845d985e296af781de04ec37e,matthewheun_byname
3b4f81dc8a3582928da0a50b73c8bccfc4bffe48,matthewheun_byname
3b5011475b90c5c545b5f1f6b9d32c264761cbcb,matthewheun_byname
3b82ced5bf36fe0fb4a27149e2787ccdc74eacac,matthewheun_byname
3bc0221c23721c3d52650f3047ebd15ce664d1c4,matthewheun_byname
3c744fe0a9c238b741a146664c7ea1d0776dc10b,matthewheun_byname
3c74ee4b8828cefd57223193beb2e0a1a86171f1,matthewheun_byname
3c9052cc1739a2404c934974666094d363e43357,matthewheun_byname
3ccbee35875907c3b3565f9eba4f2467656c545d,matthewheun_byname
3d8e57fd39330ae50c7d03e6b8998b11ce711fda,matthewheun_byname
3d929a45b5e9243191455b059be5956475b72615,matthewheun_byname
3dbfe0baf936defa1d3b4a6c93bd4f6849b7f23d,matthewheun_byname
3dc6fa8d2210c918cada65858cdf2742facc6d16,matthewheun_byname
3de2e9ecc4a18b8664b429ce767ae2fdfb8acf72,matthewheun_byname
3de989b565a5edf5f7e2df4c06f9e4822f88eecb,matthewheun_byname
3df40918c9bfd3308e83b3470fec088ea19917da,matthewheun_byname
3df6b6cb02947399b37b0170658cc3b1cd40bcda,matthewheun_byname
3e0ee98f170a79727812cd331a7256ed3f948512,matthewheun_byname
3e2b63e01b0039f613b299388dda3b9403b028d2,matthewheun_byname
3e6496866fa0d489fd0d09aab6b660106202505a,matthewheun_byname
3e6ab77d9eaca5538f56b382e68fc16ccf4abc70,matthewheun_byname
3e9f4775a9dd882f0b59e69738909b97fcee7494,matthewheun_byname
3ec09cf9041c11637fdd3ddae2ece6a9f1be8103,matthewheun_byname
3f1affdbd04cd8e16c3b7436b5a7e950db412399,matthewheun_byname
3f3d707bc010068eb5ac89752aef0118cb22bb27,matthewheun_byname
3f4e3609071ef2a98db8cc3b1917f82742a12ff4,matthewheun_byname
3f5bbe02ce5429b3f191cacaaf493cec53363e00,matthewheun_byname
3f6500b4d3aaa8a100c99786c879fb812a31f51a,matthewheun_byname
407e54c113e9e079881828d51114f2165b384678,matthewheun_byname
409264bfd8e5621e6b9ce9b138a6f0dc6f059543,matthewheun_byname
409ee14e13fb61542124e19b160b9399bdca1747,matthewheun_byname
40a4ca53a379451455f569e9c21a725ad24cad5e,matthewheun_byname
40c42cf4e6f7fdaeea496dc74ba65bf3aaecf06f,matthewheun_byname
40e0f9909af3f1850a8c66cf1ea9bc0274979101,matthewheun_byname
41192726171d7279ba40e6f404f9968909e99240,matthewheun_byname
413e8c4d1f9550e1755cb697959ca81303ee84fd,matthewheun_byname
4142f9c43a1c10c75eebd0425d37bb8616c75acf,matthewheun_byname
41464f86bde245e1d50bb8cf5f2a1e7541836715,matthewheun_byname
4148dfcff0aa1e13af6cf06e9dea43202a2e4eca,matthewheun_byname
414ab4709ef5d74c2a730c77b5a0d48c9a3d2812,matthewheun_byname
415266658789203fedfe76f9677104e0a2a2a131,matthewheun_byname
416744b06a27134776ecc5afabc0d48da69d1881,matthewheun_byname
41a98fb851cfa8abbb9d3e9d6052ad3add3bf73b,matthewheun_byname
41af86ee0f834d8304f0850b681b63650ad5f499,matthewheun_byname
41bc2cf74dad0babc2d043fc973a8b494e8c1972,matthewheun_byname
41cf769f55974d02c4bf3f99e0646d9504716d9f,matthewheun_byname
420d5f745826696181e4b4aaf909d54ea11435ee,matthewheun_byname
4218d5833b0c10dc41b1c19881d95f646b462139,matthewheun_byname
4256750ce2bef727279d9d713c1af391d13ee30c,matthewheun_byname
4268b966c63c2bb59dd26bd6f94d6cd7aac8a78b,matthewheun_byname
427c9812250834c0f871330768928bb0df00bca8,matthewheun_byname
42a08a0785f8a3a661ed66b3566ecbf6977a1f37,matthewheun_byname
42a1cd075d514668e7a34a4c934ffe93d2660928,matthewheun_byname
42c85d359d8b4dd01654627963e799408e84a933,matthewheun_byname
42d2eea918abfa8f1db86ef5cbb27466b162457f,matthewheun_byname
42d9b380814884755d13fd09f58ab1813f82a3cc,matthewheun_byname
42e4c826652a88ab8e46118554411b33fe4762bd,matthewheun_byname
42e7364fb7b418a57a73134ed06502d5971b563b,matthewheun_byname
43052a02ad87c08324ca7800e6cde57d5648e5a5,matthewheun_byname
43354465e8f3d4f14ca4a7ed271dff1e77d7e778,matthewheun_byname
434a9436fc0322a2999a511187aa061f0b40c3fd,matthewheun_byname
4353d8453e1ffbab28f54ddbe7c4fca6763cc599,matthewheun_byname
43a9067244e16716eeb8ceceebf5cec137ca3420,matthewheun_byname
43d0e91d16933d118b5036bb504b5aab5486da1b,matthewheun_byname
43fc9a4981020017f878ae866c082e50f6a94dcc,matthewheun_byname
43fd0d5ecab504d8a97c3b3c64089d6181ae7bd2,matthewheun_byname
441b4782be88b63ca991e91d1410b10742b30c5c,matthewheun_byname
441d038079cbca0ae5d2ff0c7c20f26f0426cac8,matthewheun_byname
4435c34a7391a9e631cf5de5e3551dc30f3aeb0e,matthewheun_byname
4452f845f50930ff36435bbce80d009546983c50,matthewheun_byname
4471cda634136b81b8a861a200107f280d0c03dc,matthewheun_byname
44a2218fe6e16a99a07758da7bda6b4b492665c9,matthewheun_byname
44afc6637e5afa6e22aab46cf5a62c7f3dee5e5f,matthewheun_byname
44c294f9b55bd2f237d04a5c983c43b9ac4dfdd7,matthewheun_byname
44daf8048be971b4e3529ff838d6ebc2c6edb5b6,matthewheun_byname
44e79b46b2dc17b6f9721820aca03120e5c4e741,matthewheun_byname
452975b62f870a916753b8cb0ad5547205b5e2fb,matthewheun_byname
452fdd4ca4a0df4be996518802a0b6868a45c340,matthewheun_byname
45453793cbce2d99b71b3515c37d45b1f19e88b4,matthewheun_byname
4551dabbc66251195f343ee2a56ef9fc02bf2730,matthewheun_byname
455b81801d3ee4dd2eaf5aa172162fa033c36f40,matthewheun_byname
45d736c1644e224e7e73a6b437abe0ae817f7e44,matthewheun_byname
45dfc67d671edc7721ce5b1157cd50b86404dc30,matthewheun_byname
45ebf49015900f33d11c82981424aae4a61b5d4f,matthewheun_byname
462a42112863f3bdfa98c4066c3c3cfc3e2fa31c,matthewheun_byname
4632870570c1f90f2416d0a275b6c8449d1c6929,matthewheun_byname
4647bd79ebbd21ca8a468c21a84c9b3590d8a341,matthewheun_byname
466f0e9b5ff2ce29f3a9a61740c0d6cdec774e76,matthewheun_byname
466f775b386f92705e68b1404a9cc8f0267325a4,matthewheun_byname
467d4199ad2de9460094dcff979a57455b641a9a,matthewheun_byname
467d5268157668495c37f293769d3d86a1116af7,matthewheun_byname
46af17207967295ef18bb0fa74224aa5a405e6e5,matthewheun_byname
46ba7a70fcc4b8f3af4c186566441189d121ab17,matthewheun_byname
46f576510f54e2f4aa1615ab5a3e91e7875b30f5,matthewheun_byname
46f7ae4b62453f645bc614d56994b2bb78b03131,matthewheun_byname
471e008e2611495966062c00fcb9e083c56873bd,matthewheun_byname
473b369368195848931eb89b4ddfe534f9abc677,matthewheun_byname
474711a3e7a5c050e0b8ca72a1a4d0fa522a1840,matthewheun_byname
47547cf0dccf0e209b77018edb22d1999eb7a44c,matthewheun_byname
4756cb9a21d313ed54ecba36b8a4547718aea460,matthewheun_byname
475d881ce6273eb08be29cd9f1036f04d1b25555,matthewheun_byname
47871b225732a7e5701c67759c78c07dffbbbd0d,matthewheun_byname
478d1b266f89e328e723d5c63b33f7046b5ab75a,matthewheun_byname
47c3c595d584adc457867dfb101ef2bfc7542400,matthewheun_byname
481c6fc65ba71af76f1020f2f14b144194076e4f,matthewheun_byname
484650f8b99b53bc799cb3efb8907da558dbfc2b,matthewheun_byname
4855dc94310df631cbc19e185d4894839498ded8,matthewheun_byname
48a9e1462e7e74989367729a0647bf60b7fc730b,matthewheun_byname
48aaa2bcd40e61087c9b2fb3f2fdb174d8aee944,matthewheun_byname
48f2f61c6b18639576fa36ae514e33d191081653,matthewheun_byname
4902b9470613529b606dcd6eeed58104e323fa9a,matthewheun_byname
490a240a3a73e4a6369e05225e5833055e0d4909,matthewheun_byname
4968cbfceb3af562d9be83c61c6749f22d687ddd,matthewheun_byname
49ae5dd42b5829352eaac643419cfe536e5309c4,matthewheun_byname
49d2c50c23949c0b274d337285c938f38f485d7d,matthewheun_byname
49f5d5815d5f214b8e9b683f7b55cffbb75b9a81,matthewheun_byname
4a049aa480e06e7b57ce55467145fb8cdd30f293,matthewheun_byname
4a06a8fe9ef32c5b6ea1fce632aa3e1a13a419f5,matthewheun_byname
4a0e9366e116a1affa52073eabeb6d08a929a2a5,matthewheun_byname
4a36e462079b939b16ea7ad99f2dc2c32ca84845,matthewheun_byname
4a4840eb6c5a42149e3eb868fe7930cbec3d9b6d,matthewheun_byname
4ae5a1fb152a211617a2a6fe1309ac6ee5a5d7b5,matthewheun_byname
4b3722a2f145ba92afd155652fd20dde31f790be,matthewheun_byname
4b6f54473dd7ef844e1b90898fa62c418dae7ada,matthewheun_byname
4b794a3d425656d189169ddfd649217363225aa4,matthewheun_byname
4b7c97784d0b2f18c09a3a634ae1fd352af62990,matthewheun_byname
4bbd46338260c2abe39f9e25391fef640038c23d,matthewheun_byname
4c0106cce6059be496f21d29190011b672fd05f7,matthewheun_byname
4c07f101517c67d30eab27d2d024c763f039dbc8,matthewheun_byname
4c2f8d67cdc311fada2c8fb34ac4843304caec85,matthewheun_byname
4c4ca22242c531720b0ebb394155683b0efed2f9,matthewheun_byname
4c4e80234a740939ffedada2c3c8c8b7d1ba9ea8,matthewheun_byname
4c71c0d1042f0e03c07b88d1ee69edd9116708ef,matthewheun_byname
4ce2f1852f0761c2070f3b49254dd8f3b623c742,matthewheun_byname
4d18c30293a30a92f757d4c84e0855a351c85ab7,matthewheun_byname
4d7ec543321610aaac03f1dae636992d6e27f2eb,matthewheun_byname
4dd27b50d0aed9b2fdc5dc2b586e4be0ae3f90bd,matthewheun_byname
4dd7e323a7f9105684aa9610eacccacc06e4c42f,matthewheun_byname
4df8040674074932a03fd3b2b1f2d5cef15e1825,matthewheun_byname
4e1badf7b16634da51e39baca328350c616d8b41,matthewheun_byname
4e2b57567dfc8b1555140abc978d539c7748ddf1,matthewheun_byname
4e3dc6f38565b8ff8f14de65e898c0ced7f6717f,matthewheun_byname
4e77c9ddeff45761c88c24cca43dbeea0accc51a,matthewheun_byname
4e7e737f887f5b3001993f5208507b1848fa3f57,matthewheun_byname
4eb36446854c8b9d52ed5203731e851352af3812,matthewheun_byname
4ec410b2b6135e1e9805c523b6118180cf7672a3,matthewheun_byname
4ecfa1c8127fbd6099ae0769c41e1dfce97f989e,matthewheun_byname
4f1343a8c4a0b0d470c2ff18755ef34182c4f0af,matthewheun_byname
4f586ea3607b24cf28683dfda88e44ea50e5336d,matthewheun_byname
4f715b8d37543cd1798d85698e25723f734c7c45,matthewheun_byname
4fcf8fbae5f1edd02af2481dd59bca2cedf46452,matthewheun_byname
4fd1257ac892021dee2c1846f068afc857b1403f,matthewheun_byname
5028e2508ff3757b234738729b321be7be0ccafd,matthewheun_byname
502d8f7904ce240fc01ef7ba04740f0287324aed,matthewheun_byname
5085ee0a09bf16ca63a7b62c2286488567094995,matthewheun_byname
50b2a43f6a6d3480bda4e01a8168cf1019203bbf,matthewheun_byname
50cf5a2b2ca8671af3bd139bf1a13c3958887aba,matthewheun_byname
50d72508e0b2117f698fb4e34fe644102af56b42,matthewheun_byname
50de2d391e9be963793b6986e72be698b572088e,matthewheun_byname
50f753d49bc894081b3e13d4d55359de61ba4ef3,matthewheun_byname
510238539cebc0515b6f079c2fb1e63631a4f064,matthewheun_byname
510950fa74849c5ef413b0907f0694a78a331e53,matthewheun_byname
510f33c1ba96f0e311203ca5e6560e04e4670d67,matthewheun_byname
511ca6ec2d13f72e86a5b6a097eed26fbd31091e,matthewheun_byname
516cf5f5aea80e37f65ff2748be1708c2b04516c,matthewheun_byname
51a0d370fba229ef26aac4d444e572ee1d2aaedd,matthewheun_byname
51a2476ac918ab8c5775255edc50074bf379f888,matthewheun_byname
51adc389039230c6fe96a88a7627dd761915a5d4,matthewheun_byname
51aecb9d43294eef2a798b79ffa45dc0e821fbb3,matthewheun_byname
51cd733c17866f068c7c0881f277658f79ceec6f,matthewheun_byname
523b457220478d6aa747cb2c618f13f95d4a2569,matthewheun_byname
52b2102c1ed604994127ae848aa71de769310cfb,matthewheun_byname
52bedd7cb84d57d54da69f14d45920332543a0d1,matthewheun_byname
5310c781491efccd31c452c8e6cd0fa8efc2869e,matthewheun_byname
531600a940edf48816d0918ab83b64361f15609e,matthewheun_byname
53207256b64af56be12d97e0ed5261ed51c96c22,matthewheun_byname
5344d8b4159c74e06e1e799042a8699d69f9b43c,matthewheun_byname
5351da82b8dc5476ee51b9f03b2310c817f7202a,matthewheun_byname
53557595e2cb18bd377059ecd096137d953e200e,matthewheun_byname
536a2e6b5ce50851b7b91d8b28e3541f5ca3112a,matthewheun_byname
53a9e8d3cb98212ad5fca54944d55bfd464c47d9,matthewheun_byname
53b5f9d6e10f87c57626e504f384cd6425009c74,matthewheun_byname
53d23f979fa7b3d9e3072f1145e68f5ca1eb89e1,matthewheun_byname
53e004ff6ca6f4fbfd5b1819760f8835ffa98746,matthewheun_byname
545b1258f35777f519605a195ce208819aea096c,matthewheun_byname
54705ab071e33b32c0addc898f29fc7160951348,matthewheun_byname
54c09ff70a0f600a19a312d422ca160255a244ec,matthewheun_byname
54d90b56e56077a207bca111c1004708f9477ff9,matthewheun_byname
54d9c4e81c38cb8984e5f1fc54c47f338dba0193,matthewheun_byname
556f0f8fa78646ee3669bbfab0791c536da6f11b,matthewheun_byname
557217b979c204dbb2579b526568ce4fe951f599,matthewheun_byname
55851317283fdbd6518414bb57cabe8cc1c2502d,matthewheun_byname
55a0d7fae972229aa42d0b760f535466d7b26f84,matthewheun_byname
56455dbf84e527e5ec7afd2f48ca6fbf68be5181,matthewheun_byname
565ff66baa9245fe78a8dd8f0323ea448f0bdec6,matthewheun_byname
56600d9b878a88fafacfd43b88baf5dca7d5fea2,matthewheun_byname
567776abc850a415d99bdef5a678ccc80d5160aa,matthewheun_byname
5684217301169025262138f298ce7507eb9bd5d2,matthewheun_byname
569ec846d6f3b9ad49ce138e397568a773f9e585,matthewheun_byname
56cf9f3a56f0516cd651ef3c67dc24d4d510b6fc,matthewheun_byname
56cfbbb92add2ade80f82b5ff118908ddf628eb7,matthewheun_byname
56e974d8e08e5cc7cc306cfbe238d95cd47cf404,matthewheun_byname
5723b93e04ef516bd34cb07cabd01aba27adb68d,matthewheun_byname
572c705774d44e6a9a2c7f1b7cde86a018fa8251,matthewheun_byname
5745ae301c18a9981db6080f555ec20ef36430df,matthewheun_byname
5755c0cd47a6f8f5a22253f4269cafd0a2892a2f,matthewheun_byname
57617777023553f0805d229df4afd92ce2e7aa1c,matthewheun_byname
5784b2d01c4fbdd34c5974accf1fcea9bb6674d4,matthewheun_byname
57aaff60aead3f9193e14bd99d2872eb4aa3cb81,matthewheun_byname
57c6440d1607e8b1b8267b19bcb539ee1c83ed05,matthewheun_byname
57e2d37f7eb82b283a7e101b7025973bae85e531,matthewheun_byname
57fa14656bf0e7ac6c3e91bc55f1bf059e6a4000,matthewheun_byname
5818a291fc439a04e10f8f0a8b68f4b5096d688f,matthewheun_byname
5843a926673e1f1090e27814820e8c072ac8e6b8,matthewheun_byname
58546284088bcc6da49a5d82309e339e6c2c5d92,matthewheun_byname
5865c96f184433a616a5939c2252c7997ca56209,matthewheun_byname
58c4dc4a40b36fa78620cca164fbc72747357b7a,matthewheun_byname
58d12b16f1e41acb880ff403e847a4310d5cf987,matthewheun_byname
58f4888e07f4d7a615a14b50661c95a68c6a220f,matthewheun_byname
592c78edb20d537aae754363e6c0394801b7bfa0,matthewheun_byname
592e0bbcfd87f75da61223ce78c640c6e8497081,matthewheun_byname
597f56ab9e2ffe49dade97aed57aef7698f784b8,matthewheun_byname
598cbc2a504675e52a2b651249d4c0bcc9fee2b1,matthewheun_byname
599a5d551d079699db330801e7b850ba80b94a8f,matthewheun_byname
59cec8979c992e7e55715af231f147336f52742e,matthewheun_byname
59d0fabf238cc0f09c4330dd4f6c9bf53e759d7d,matthewheun_byname
59e78a653a0e339c31082f08be8d47900d7cde19,matthewheun_byname
5a0c712a37a533f9bb78f3c186200aff31707d3f,matthewheun_byname
5a190f927014219ed720764a188353ee981548a1,matthewheun_byname
5a35bb8bd03f1349c38cd3f1250c3b5440a9daa9,matthewheun_byname
5af6a0ab43a2170c927515e0df571da62943720d,matthewheun_byname
5b1df5e25976d4f2e217d916b3306683af9e5941,matthewheun_byname
5bcd9d774c0712317344adde8ba4a3525d80b775,matthewheun_byname
5c11416eb43611ac0fdf271c6380df351d60383e,matthewheun_byname
5c185bf7bccbfe2dd674ca5f65781f38d73b8ad1,matthewheun_byname
5c186e71815c028806f3fb6e09f9b8e130c32319,matthewheun_byname
5c66232ec28faa07a8f2a408ff96d68760787bd0,matthewheun_byname
5c98ae331abe94d83ca3dc59acca409546dfadf3,matthewheun_byname
5ca1fd46778fb5dfe2dc3ab93a95e315833be68d,matthewheun_byname
5cfd72254542a9b16f81e5fca14dd02b1c83b5df,matthewheun_byname
5d1ae780dfee23d07893254c1e1b2de919b3fabc,matthewheun_byname
5d1b1d898b49052135d664fb5a21b80876fed4fa,matthewheun_byname
5d271d79d262de3172693078522e8fe596be9b23,matthewheun_byname
5d336b37bb2a4510eb323b61bdb1bd68882bc099,matthewheun_byname
5d8e336d000ffdea6b6a6654d0c3731f18dd1bc7,matthewheun_byname
5d9df7de9b38c19b484ec3e6b136a4aa281892b7,matthewheun_byname
5da32b628082b724acdf13455615d72bfdba48cd,matthewheun_byname
5de90632b019343ec9af8f3e8e0d5374e7b5fe70,matthewheun_byname
5df5860d35f075311c245f32d47f3fae1417a366,matthewheun_byname
5e46a9e2aa2d13ee9bdba5f7bbe685b6bbf89908,matthewheun_byname
5e9651a03cdcd4c5be5bb3e8654b02136210b9a3,matthewheun_byname
5e9c9bcfdabe4fcdeb46a5f414f73c95ebac107e,matthewheun_byname
5ee359264183504555b7e0d3ddc4607fb68893e7,matthewheun_byname
5f18abbec6935f90ebdcce83adfa459fbaed81bd,matthewheun_byname
5f33efc755b22588c17871564992dedd884e7607,matthewheun_byname
5f5d7936fc55a5e0c8c79b36618e0734774c914f,matthewheun_byname
5f7177899352c5f4c992f7cc83f14e08f93e2db5,matthewheun_byname
5f874695aa43e398058f72d331e98c0fd11fcbf5,matthewheun_byname
5fa8b223e630102f0334b6f3eda156b2d2c2bc19,matthewheun_byname
5fdd50deb7d763264dee43aeb340a2e87b6456c2,matthewheun_byname
60077da1139f22b732e0224bdff38ed477a4df0f,matthewheun_byname
60487a0b8742679fc179ce3953364271aa78e48b,matthewheun_byname
605a55378b0e240cb4bdedaa3fa8d7c040069436,matthewheun_byname
6061e6d9e400e340bea79fd85cfa2b284f1ad682,matthewheun_byname
607f00ce9617e548862413acccfc5a19a6474cb3,matthewheun_byname
60ae7f39c72a0c493754a03eae7acc791fafcd65,matthewheun_byname
60c79aaddcaab60d939066bb7719d3f339694462,matthewheun_byname
610a2e9212fd82e9558bdde18cd7cff90a8647b6,matthewheun_byname
611c44ba5a7a3f01c7f90ba70ed316022ea52b33,matthewheun_byname
611f3d586e46f709b086c58db1d7c96e7d1d30b1,matthewheun_byname
612ab217212c863aae1b8ed6fa3bd5ac6f86c314,matthewheun_byname
612eb8c21b96aa89f95c031f075a489daeddbc40,matthewheun_byname
6132081de33247c664b0beadd6c26ebf3df69e77,matthewheun_byname
6133a4f92ae608bfdbb71e4ef45520765fe1372b,matthewheun_byname
614af3b2d8d986a0298c93e664c850140daff654,matthewheun_byname
616dd88644088929716a9e520c2c2b26181d37a1,matthewheun_byname
61871e2bc34d5a102d9a56af6c209c8e5c32758a,matthewheun_byname
61992113756e88464ebb9cbd95904665882a9d25,matthewheun_byname
61bc0fd047c48b902e369d3c0859e14b4b7ad6e3,matthewheun_byname
61bdea290ce84a3efdc9a1715c8dc9f293144476,matthewheun_byname
61eb140711c4757082106c11b8caf628a5d989c5,matthewheun_byname
61f0ed7a6738b5800cc2b5d79a2cb093c3ae9eca,matthewheun_byname
61f6d72b61e75dec92f675af5e6ab45a997fb07b,matthewheun_byname
6207682d60bd06c26bffb9850e80f2250be9af73,matthewheun_byname
622c99cc3a3a93d0db9d0bdd8bbc45e90494c4e0,matthewheun_byname
62340c7d45ab06deeba69ab33903a45be0f37389,matthewheun_byname
623fe9dcf036d8b9e82e5fcc27983c24eef201c1,matthewheun_byname
624525d751bd526ffd782e5682fdb054643c27b9,matthewheun_byname
6251aaf65af0fef6ed8f7da694499ceac5ab0207,matthewheun_byname
625b58e36aae8b482b56a249fdea6c44cebc34cb,matthewheun_byname
625c463d4f3c734db80b9f9fd984d51aec44f953,matthewheun_byname
6264b7203909d2940b6e84772ccaea3a18a58c03,matthewheun_byname
62a4da9f2c228b839227b26fd2a06f1e97472a55,matthewheun_byname
6313d4923b4bdb2a21bf68d5152e4112562f69f3,matthewheun_byname
63bb7f2d65ac9d11fd6b92b451ba272be020886a,matthewheun_byname
63eb90fd79b7f95739e5a3aa7551881206babe9d,matthewheun_byname
6405123250d0ed3dcd1d13c03b57fffd921d2ff9,matthewheun_byname
640554c21d1225111449b5ba349a665979324fc8,matthewheun_byname
640959e98fa17db7738038be4586ae977d9401e1,matthewheun_byname
644e2298f7c996d5256dff5849573a892a15bcf3,matthewheun_byname
64676ed196147b6dd3e1ed405e770708758ee01a,matthewheun_byname
646f0448048c457ff14083e4983a293febab05b7,matthewheun_byname
64a1198fd31ad1bc5a760d91d71c1b820cce3192,matthewheun_byname
64a20f2a62cce5cda85c3a33a0a7026b572974e8,matthewheun_byname
64c0b0c34a4616240e2cf59cf712f72774cf58b9,matthewheun_byname
64e246fbdb305fcfaabed388f9a7f85e99b1dd4e,matthewheun_byname
64e4fdcb5ce2214e21f05306f05e0019a2927205,matthewheun_byname
64fb124dfa7ac18b027f6e551eb849df09632998,matthewheun_byname
654171bf8d083a4335662202e88b95c46fd6eb96,matthewheun_byname
6547778687d35ac1e860a6ec82fe7102193922a6,matthewheun_byname
6566ebddc840e99d4fedfee36412dd8fa70013f3,matthewheun_byname
65958c7c040e1168e2d2a486d0364f5c2649d56b,matthewheun_byname
65ea8c3ccab459c83e97c43a5cc20f36a71d3906,matthewheun_byname
65f57b1e22b15c1e3c120472d7211d3b6af920cf,matthewheun_byname
6629b4499b8f8a09f4cc603bc3d940589f756d93,matthewheun_byname
6643f662e6d543f18419822599d7c779a3dd5e9e,matthewheun_byname
6649ba2906ab1a5a49528eca953a67165de5689f,matthewheun_byname
665ca7c814bfca0ca82813ca9d2d2d5d550763b0,matthewheun_byname
667dd3784ce3b0ba3a77cee45e908ff6f374e44a,matthewheun_byname
66b4113cb6f749800485e97fb7d3ef43433ecd4d,matthewheun_byname
671a5cafd0e7bd0ca35fa8cd5a931924f6b2da46,matthewheun_byname
67422df846a5da9b025e6f9af7efd4731f783dd8,matthewheun_byname
6746a3a47749be50a4846fea504ce969a9cc7d20,matthewheun_byname
675c30116a008112971a6a3f5963c918ede8befb,matthewheun_byname
677c70ed6a2eaf7fb67db4b2e5a3345215e0ac1d,matthewheun_byname
678f1f08e006c26bbbc550eeaed7aad31b127580,matthewheun_byname
6793b0279c9619f1946fb6f98723552b5d376a73,matthewheun_byname
6796abcb6665c432ee540f2f4b03ae880be1046b,matthewheun_byname
679a4fa99793b1cbe03c17309a08b9f413956c7c,matthewheun_byname
679f836256361b166ac88fa1ad2d357356048f8f,matthewheun_byname
67e49a5eccf7323c76d16af85e3afea1d96f2fbb,matthewheun_byname
67e68854828fde8304cce44f7f3a730f73592d27,matthewheun_byname
67e98af85c1328ba7b896eccfaf8f9ed3b82b015,matthewheun_byname
680bdb496b35789089874fd08257a754f076599b,matthewheun_byname
6811be544b0f56cda9485ac941f84e9197ae73d4,matthewheun_byname
681ef5194da44301304c9be029a3b447883bcf5b,matthewheun_byname
68328926ef508ec68d91ee6c5583c7da283e7bfc,matthewheun_byname
6840e6389e73384189d5d3f5bba2aa1079bba9a9,matthewheun_byname
6847566eec9a62589c5842186984dda3f467dd35,matthewheun_byname
685ce2c36fd5955b5a211ba7a5137742cdf13e5b,matthewheun_byname
6890be9ed5156177b63f07998a1074620baeb110,matthewheun_byname
68c27327267dfc21a8ca75e0dac9bdac7d6b3a0d,matthewheun_byname
6901d3bd0d958f8da8bb7a3652e7164aee8697af,matthewheun_byname
69398ee5eebda3022fd5125e25cdd382d6bccc7a,matthewheun_byname
693bcbfee574631baba2740c2044333c03eac0b5,matthewheun_byname
694166615e36b4b0cca840bb531a1b9e4cf64c19,matthewheun_byname
696d9ed233a94250b15ba57a1f11b4287b7663dd,matthewheun_byname
6998263404ea7cf6b48a4f4db6a3c7f652e7f7d8,matthewheun_byname
699b02b72d31d71d967f8e0273e75795d09698f3,matthewheun_byname
69af550d35202d8dc5aaf100003270da080f270b,matthewheun_byname
69b59d740c473eec2b55270ad310a5fc05b262d2,matthewheun_byname
69bc7461b6f5553d70d0bea4e1d4f965c85751a5,matthewheun_byname
6a081bb06dded545eaff02d00967a45d139ce625,matthewheun_byname
6a3ab2419e348fdf7c47b50a3ce7b15999a079f6,matthewheun_byname
6a6572a33fb2e6ac937abf001027a608ba6f3c02,matthewheun_byname
6a79a79887c08ed6e9eda2c8931628d686a0357a,matthewheun_byname
6ab0b9e86534479cd377e20f9ce6c36a62dcdf05,matthewheun_byname
6ab68f2b17e5d8053cafc9e646f7469a08b1e330,matthewheun_byname
6af3e660c9dff1f495271529881d1cfe1267df5e,matthewheun_byname
6af5f22461c0059b8abb1248c0a5af44611bcc97,matthewheun_byname
6b08e0f60e659e590d056d0cfecd3f3a1978624d,matthewheun_byname
6b0c4288bca189cab5303173a4cd4ae7253b5f21,matthewheun_byname
6b3c4f8c32bb39bb57a63cdd108553e1ecb0c917,matthewheun_byname
6b5880191db359fd1b846bbbb72ba2e4011de911,matthewheun_byname
6b72eb9c514d1d21998dfcff46a93b45e2f046f3,matthewheun_byname
6b80282266597943ceb8a5b677cf98cad9f2fdc1,matthewheun_byname
6bb4ce5a4a577786ca5ca25551ae88fea30912db,matthewheun_byname
6c3cd855d28374c13b4391ed918a4372f6914932,matthewheun_byname
6c3df2fddfde486806ba6a2201ea6380ab3e498f,matthewheun_byname
6c3edc2fcd43024587900f1bdaa9201990ef094d,matthewheun_byname
6ce45c628365f00a70b41f61fb7c18a89e92f0e7,matthewheun_byname
6cf1d002b897f6c0f789b417fe767171d1c6ea13,matthewheun_byname
6d234769a30a0b760b4bb61ee742090a600ce755,matthewheun_byname
6d27aac4b80e8c2ce684550ed707a608bd414aac,matthewheun_byname
6ddf2ccd62f315e0a10d4fa78c0e68c3ca65e712,matthewheun_byname
6de11d879e8f343a13931e054fd0a033af14911c,matthewheun_byname
6df0efb5400998f59423067a7a194fdc82ebc28c,matthewheun_byname
6e0a7c3732b870fe8faffa2e26cccf796fb90d73,matthewheun_byname
6e23d746edea8f6dfccc1a0b78bf8db558c4cdb6,matthewheun_byname
6e5f0d88c8f5435387387dfddbe4b7a0f28b23b2,matthewheun_byname
6e63be360def66659b55b540da845458a70dd853,matthewheun_byname
6e876534f2b498954d87581a97c849f2ac35e054,matthewheun_byname
6f2d95bcb3ca82be320dbdd6e590dff0a076d4a6,matthewheun_byname
6f7070993e764812864147c99b7e325adb147253,matthewheun_byname
6f7af1f733dd4dc50e3b2b93895ce30ae624ad17,matthewheun_byname
6faf244c920ac279304ac58394dc6f9674eba509,matthewheun_byname
6fd43706c45c1a1f40d06c711509f4add08a2c10,matthewheun_byname
6ffa62fa45ada4d3f86874c3fdf1c01da442b3ee,matthewheun_byname
7059271640c2b0afe718c9f855d71b764e209942,matthewheun_byname
705f09c737616ef41523cecd3a975a5c957465a2,matthewheun_byname
70736253a42aedfbaa32d78965e094622a30088d,matthewheun_byname
707b4a0ff5938fa59de2cbfd3648dc723b638dd3,matthewheun_byname
70a39b89bf757164e6401cf5d00f789dfd8b5aa3,matthewheun_byname
70c44b940a08d3f3d412ae3c2fff7f8e09d8711b,matthewheun_byname
70e11f315a3d601c643734be78e02da524b441aa,matthewheun_byname
70f4938e855681e437b53e80e1cf95a72ccfc54f,matthewheun_byname
7134c4f1d83434517ebb516e18dccea94a528407,matthewheun_byname
71670ccd2e818b100a3ac2d7b2a5ed83a886b891,matthewheun_byname
7176cd7cd714ad0a00e01c877077e1073ab773ea,matthewheun_byname
7193db91de7c527898f631d67187d248ef38c9d9,matthewheun_byname
71ce9796df6cdd3a727f5ef84463e99d3167c0c1,matthewheun_byname
71cfa7bdc55353670040a44b4e4cf5a3aa92b4a5,matthewheun_byname
71d3c540a2ef711c313f85478d469437eb0754c3,matthewheun_byname
72b6aa3c8f62e5835bfb6597b4f26888e3e7eeff,matthewheun_byname
73243a1548a2fdd1d1a8584a4bccefa4544975fc,matthewheun_byname
7341c04e96e7bda9c0d7148bdcb6163f92ce2fcf,matthewheun_byname
7369cf86411cd18a2db3eb3c9bc57540038db8e6,matthewheun_byname
739560f719e05b24f598c2494365c154fb53274e,matthewheun_byname
73d36f8260ac06e6702c78c21657e9b41469b354,matthewheun_byname
73fca17d415966d92196d8d7f99847bc1d073359,matthewheun_byname
740d896766beeaf23473e50b6a558fb1bed47778,matthewheun_byname
742f6beb50513482558987df61e0dd7a2e840d04,matthewheun_byname
7464cab07eb54c95e2d108144768850f523c5787,matthewheun_byname
749215b9a6f8ad7fe6d78dc8e5a7a14a1b2d2591,matthewheun_byname
7492548f9134a247f350bb6c01c1cdf3359b70dd,matthewheun_byname
74b49fb0d81f6fe8138c1ffbc7c474601c853bd7,matthewheun_byname
7518bd4cdc842afc0ccbafb500f153fec6470d80,matthewheun_byname
751be781154c3ad492f28f48999eaf857e469b60,matthewheun_byname
7584acfe9537ab9f823f93f005742793a716004c,matthewheun_byname
75ae9d6e61c98dd55fcd26c99453b404ae80d0c3,matthewheun_byname
75f11170aa8b4f6dab10111abb4b112b3643cb9d,matthewheun_byname
75fa2a88f32b2b5d061236bb05af89034088ded3,matthewheun_byname
7605f5c81a443c159b45486d8a1608e60a6a7ef5,matthewheun_byname
7612131258f890b1a3d531e77ccd28e0309a5bc2,matthewheun_byname
7634d024a96dbfd1d1deb12f4d2b590a06876b90,matthewheun_byname
76560f4c15b31aed0bbe8f500686f39e347cf29f,matthewheun_byname
767eaa343eb78e0a6e18c713016f86131efd632c,matthewheun_byname
76bb7bdb46347233a2a9f16c667e06a52e020bb0,matthewheun_byname
76bf08b8a5ba4c707e456eaba48673175c7b89f7,matthewheun_byname
76c4b15a702b5f5b8f56747d2249f3a73114ef1e,matthewheun_byname
76dbe2167653aed4649084f71bc4473dc8f0fd76,matthewheun_byname
76e83d22132972b245ffe806df636dad8f0e3225,matthewheun_byname
770c9f7fe53852b61c11975f0b2f048524a75595,matthewheun_byname
779d999df6a713df239c4ebe2fa3f751d3ebef9a,matthewheun_byname
77a7b6776cb5c22d68caf1aed03182fd33fc1e74,matthewheun_byname
77edbad53f722395634c673b49f4dc250be3caf7,matthewheun_byname
7801c1b323b56933af21d7ea49be817450c10b6a,matthewheun_byname
7810cf410ddd8fb3f9b2438793de348253fcda39,matthewheun_byname
7836cafa34d18b22faa523eb812b3a8a4406cc5c,matthewheun_byname
783a531887b6024176f8ff619ee6c81d7df2fbc9,matthewheun_byname
784a1c2d8c42dc80c72bf29fa34266bf122433af,matthewheun_byname
7876783a468678e948c128fb03fa8253a75d2ce3,matthewheun_byname
78970ee1ad8cb495d7c9a8ee55dd8f0b9d19fcfe,matthewheun_byname
795c2357b30ba9defa93ba81b0cb554211129194,matthewheun_byname
797ea78bdd33dc967a15a53107a9de3f10870e93,matthewheun_byname
7981b2963d0db2b3845722a4caee7903759fc87b,matthewheun_byname
798b658568cfeb2ad825fdffbb9feae578668485,matthewheun_byname
79a2daabe74d5a15658e1a910ab562c903c579a2,matthewheun_byname
79c1053a397db3f6fea0864eda36d44e7f98e067,matthewheun_byname
79c57fb376d9df8b98009d9fc97554fd02bb6338,matthewheun_byname
7a3cc43a5eec9f5ff5034b69052407f5b5a13b5c,matthewheun_byname
7a557e9294134612225a66f651a3a4cfb640f09f,matthewheun_byname
7a825493cb1c02628666035f1b4f2a534720c417,matthewheun_byname
7ab8d9fb98bc66879098e1d6a6a4271a6093853a,matthewheun_byname
7ac4c47b4cc4ccf5ddeb45411c12c583d454fbf1,matthewheun_byname
7af930a9bd0cd7858120250359398114fda67dca,matthewheun_byname
7b006a1a7a3f8794508fe691a656403ee6ab6072,matthewheun_byname
7b13675913283feaa31eb8fec64f0967686cb263,matthewheun_byname
7b7da9b9780f6b9cd8bc232ba78f7df9ed34b95f,matthewheun_byname
7ba5ed16279628a6fb59c27e2bad40e5325a2ced,matthewheun_byname
7c4478215d0245f0bfb9b31b81aef689984a85eb,matthewheun_byname
7c652baac527b4c02c3910b51dcdab380de3df3f,matthewheun_byname
7c68cf8ba7f915ca59f00f1b4a64b54dc4910c1f,matthewheun_byname
7c9cb96631022ad59872053ce1eff103c321dfd6,matthewheun_byname
7cc6a7550f8612e7902ff378dfe714da2e6d6169,matthewheun_byname
7ce1d2a87b9e1ca72aca8c2e5c8dee26e8958b1b,matthewheun_byname
7d06f25970a36c04117c639e56673b916b41f83d,matthewheun_byname
7d23806347842b51a8fa3ae9166a7d6fdaf72011,matthewheun_byname
7d456c1caccab6bf7da6a49359850fee59cb74e1,matthewheun_byname
7dbd9ee9f3cb6ced3d3c779fbe5c03195655a26f,matthewheun_byname
7dbfe1575a6c515dda1606ac6b93a4278205fa13,matthewheun_byname
7dd1de85812aeef93417d6810c7ac3ee5ea47b0c,matthewheun_byname
7de63f6fc86f4e291b6f61d1da0050cb3d28a0b5,matthewheun_byname
7deac19f24a5c25b30572cc5451dceba045fe9de,matthewheun_byname
7e22fecf0d97316d03c12ce424852d64a467db73,matthewheun_byname
7eb681ceea6c9adb3896e7e56f0aa37fa802943e,matthewheun_byname
7eeebf22c08769b97e5a1322ba856bcb9cacab37,matthewheun_byname
7ef954e3a90e293480317ffb8b5eb957df23f5a1,matthewheun_byname
7f0f402d1fc8cfa9f8fe00347ee4cda771ce49be,matthewheun_byname
7f4597d63d173e1d93567c917780730892fb932e,matthewheun_byname
7f7b24d335670090a860dd1ff11fe32a8c3d0ced,matthewheun_byname
7f7cb0e8651126688973684d1c39528d3a7fb2c5,matthewheun_byname
7f83cad4d91a6263efe1e2993bb5308e056e659c,matthewheun_byname
7f87f6b81cdb5426cf408fc1b688e3bdd90a2092,matthewheun_byname
7fac05b259e301ea046bc6dbddf345d30532984b,matthewheun_byname
7fc1fbe72334c48b1245c06ac7783f273da50dfc,matthewheun_byname
7fc62d266d2b1c7c4bcfd244aaf76d804bb9ecf4,matthewheun_byname
7fd05f40435bc1a0ba369db8ed4f08d4daa2c9f1,matthewheun_byname
7ff05218d7424447dac780e31250e5763b965274,matthewheun_byname
807a77664bb9c9b6570da846b21c2405f07e04c0,matthewheun_byname
80a9abd42234f94d2b69940d515085eb87dced73,matthewheun_byname
80d66e2fc3e9a829b34c92558e7a4f8e930e845e,matthewheun_byname
80d9976f1c62884a2bcc08111ac1706babc522e7,matthewheun_byname
80f953f0caa2447b4131dcab2af0cfd0653bfed1,matthewheun_byname
81075eaa7b964b946acb105796e8b7900e874eaa,matthewheun_byname
8112c0979273ff82683d1b7e2a2fa5f49fef2a16,matthewheun_byname
8117a352b2a10507953e7bdd4380c3d5e8137fc9,matthewheun_byname
811f76d3a8dfca9d55044b723c42e76fdba52e10,matthewheun_byname
815935ffa228936fd855d055473b6deeea802981,matthewheun_byname
817c625ea7acebe6d06f2502ecb92acfc15c2d57,matthewheun_byname
818f3de7d61b40ac7b972829c724ec44fecaf57f,matthewheun_byname
819c32901331ee4de437be61596c38a44c980cbc,matthewheun_byname
81b19654a740c8d93b094e6f036b612eb0261dbb,matthewheun_byname
81f7d8de5ce6831ceaa4de2c386af59c0fe9ff56,matthewheun_byname
824c4b1383e3f8cf8d9793a00719d4ac26d5ccc3,matthewheun_byname
827b6c9deeb7c5b78f21c60283ee1f8a5ba788f3,matthewheun_byname
82925beceb0e01a08c48db399fcb808dbfba1fe1,matthewheun_byname
82e0baf69a5ea8f332b53749dc545ccf150eddfa,matthewheun_byname
8312c29aab0d8d26b86e6ae74d81ae8b6e858ae3,matthewheun_byname
833474d5e5a6322d22c81f1751746bb340aea04e,matthewheun_byname
83979899895cdceba389701df303d2d207bbf366,matthewheun_byname
83c22d5fc0461aecb649834c641d00d82b831e66,matthewheun_byname
83d470840d90727aeefb1dab75e30ac901919412,matthewheun_byname
83d724be1bf9252866b69dbdce58f9fbe88fa66c,matthewheun_byname
845514bfc050dab9e85a4ede8a313ab7567a59ef,matthewheun_byname
8493c2350ad93f37d0573f7d9398dd01bf82ffaa,matthewheun_byname
84bc05181be1e14444c117c17a7105b87eb025ff,matthewheun_byname
85247c5313af815557217470a019e0ec8f786180,matthewheun_byname
855c39d506011fe4c3661c39a73727dbefce4caf,matthewheun_byname
857c744c519cc58b9dcd763352e16dc8a34ece76,matthewheun_byname
857f540d23cd0523da9d9a109dcc209a2ce2af4c,matthewheun_byname
85a9cbad2ab01363b9e9c1eac0be52be8e705f3d,matthewheun_byname
85bb40829ddae60962db80a62175a92c5960b980,matthewheun_byname
85c55b5dbac2d3050272a395d344fd3e5642cf45,matthewheun_byname
85c6461f809af52070ddb3169355b06e7d26f57a,matthewheun_byname
85d087f7fabdd6ee54e858b71c6b60b0ed6a2a56,matthewheun_byname
8622cb8696cd00f22df436917f3d538636cb9ef0,matthewheun_byname
865365ccf305f0b4fdd0d1ca7a64eb7d63d3c82f,matthewheun_byname
86576d850cc48a8630f637fb8b2b9e96a7e503db,matthewheun_byname
867869d7cd15b8167d36fbd6424461e915753cc3,matthewheun_byname
869b1be26bf685314ce4857bfa35a0c2ee6a42dd,matthewheun_byname
878f0d1423fe326544e58cf6610b289de380fa90,matthewheun_byname
87a72117a8667c4421f24c9cdfc49d329949e7d2,matthewheun_byname
87d9bb0353bb35113af8bf41db73eb971be2885b,matthewheun_byname
87fa135774cc05aa8433b03dad90ac2b5d815362,matthewheun_byname
8830ec83847595702e2c4202edb4cdf1aeae151d,matthewheun_byname
884cc8f8117f24749357bd0660ecf1ce1942428c,matthewheun_byname
88852632259b51b8bea296e1acb168e3cea9be57,matthewheun_byname
888b103be9bc1a906b9b4f5ed51ab5bb2fb7e26a,matthewheun_byname
888b82756980a048d3af6f11befd0ce2cc4c257b,matthewheun_byname
889cd7dee1a0a89af55b7103c58af2db0f28ab59,matthewheun_byname
88b4b188f149858bef43a5feb9877755bf146dae,matthewheun_byname
88e52f9911b262d9828a52f20035359e5abeefd4,matthewheun_byname
88e978852a0ecac0510a8b7e111d0386725a823e,matthewheun_byname
88efcd05bfc03a266e3e9521d81a78caa87171ef,matthewheun_byname
890aaa3a9d0bd1866b99101409206a975a35370f,matthewheun_byname
89325d6811c9dc9626a7e1a85e9f3bfd73c65945,matthewheun_byname
89447d69a256a8b7bff9bb300037de3f6032b578,matthewheun_byname
89b2365bb00cf75b0bbb19969d56ea669a5bea69,matthewheun_byname
89bfbfda61a5a8bff944079d47d14fb87dd78ffd,matthewheun_byname
89e1d4d80b88a8d00c2dc04d7a59619fb34956b3,matthewheun_byname
89f82891701bf9f0ff26c77cba77289346453456,matthewheun_byname
89f85ca03a15727c6e6d48aac9705b3825694a00,matthewheun_byname
8a42a694576627b0c1a5ac12fb342cc4fc8b8678,matthewheun_byname
8a5ef5bdbc31d4dd743412a5addb14234fd7f765,matthewheun_byname
8aace7e5bb436a18087e852937713856b7fc9f2a,matthewheun_byname
8aaf6503bd772f79b8290739aca252bbd7df95ee,matthewheun_byname
8ae4759994f3efa629aa5eaaf953089f0f96dfb2,matthewheun_byname
8afe053556e3ccb3d3998ec597f4faefc60778ff,matthewheun_byname
8b09567adeda5ebca0c407a4d298819e4a6ff479,matthewheun_byname
8b1a6d9f5b268c158a45c369033ab00f0528ae5d,matthewheun_byname
8b1c827d5b4b9bce75a1ff93dcea385d3971a1d8,matthewheun_byname
8b24c37f00b8447fd05a9a95ace0099073b4b1d1,matthewheun_byname
8b2a7c0822745f4db645675b987f690f67ee479a,matthewheun_byname
8b35a12de42c62a2c8fce3a0cfe1c295a8c47006,matthewheun_byname
8b40cec4550780dadcaf9495e834faf7e0594222,matthewheun_byname
8b78f73c4692931f8aa395b7e6cbece02a5afe54,matthewheun_byname
8b7d39e6ae5e52ab705bdae49223412cb356498b,matthewheun_byname
8c0e30766bb3785d529ed92730ddbe8470f410d6,matthewheun_byname
8c0f8de9d41a22581962765c03660eaf0a4b7a14,matthewheun_byname
8c2af461fb28f5af9c73d7271bed6ded191b0da8,matthewheun_byname
8c4eb67e558be7b705dc751467fe7f001c6d5b3c,matthewheun_byname
8c556b70813ba250e25863d210243b43cd723d82,matthewheun_byname
8c972df1be2b788f24e4fb9575cc38656b2f2b40,matthewheun_byname
8c9a1aa317bbd63f71a07b8ca06e4b1d61ce2a64,matthewheun_byname
8c9aabf8dc33272bf1ef9b54921fdbf0982a64a4,matthewheun_byname
8ca6135619031c3d491eaa452bba2625c82f8188,matthewheun_byname
8cb0e2f336e7e5065b65746ee7df7bb44c99c580,matthewheun_byname
8d0dd1bbcad46f219e71ad84c3260b51120c9e41,matthewheun_byname
8d5476ed97702f6b894f59c1d1231ec8940f0ad7,matthewheun_byname
8dabe91db673f32bdda2a9f5dc37d7882603298b,matthewheun_byname
8de39584071d583917ffc34e3b462842ec3f6c2c,matthewheun_byname
8def50b4bef28e873a5972d7ad5414251ba851de,matthewheun_byname
8df21eba765fe8c7eb0622ae0580fb69594fa19e,matthewheun_byname
8dfcf552c5b1d6b7d09bc277e2f4ae8cab174895,matthewheun_byname
8eb9733c6adc168d627fd0bf2b3a663ed9237eee,matthewheun_byname
8ed738de6ba3ae22783cdc6977b2fab8513aa0a6,matthewheun_byname
8ee8df5a4e81e7ea56c59ab4ce8462af8455ba74,matthewheun_byname
8eef6b95188b30fba2543595ed85255e42766969,matthewheun_byname
8f09dd4aeb69d236e5590320c0782ff610e03332,matthewheun_byname
8f3d41b3d2c30fd0b7f6b91be4c768dc250384de,matthewheun_byname
8f65c7723078479e58ba933fd3cd6488f2683c68,matthewheun_byname
8f9413ba23efb45cc315546ac704400e84461d26,matthewheun_byname
8f985d35bf9e6d73e1fb1a1fc798aa5b4ffd8019,matthewheun_byname
8fbb966b026835ac5e051759da4e53c05790682c,matthewheun_byname
8fbccd07f1c0dc9dae3178ad48911370cb033118,matthewheun_byname
900614d07bb4f139fb2154d8fae9d17f9ac2cd3e,matthewheun_byname
9007661d6cc236af48f46def321945b91c1250bb,matthewheun_byname
901b1e936589deccdb70426e6ef0be824289b78f,matthewheun_byname
90336e250024d0693b5f23b79173d91ae15cda0b,matthewheun_byname
907a1ec2e941a92e0faeb4b010a2d66b1e70e392,matthewheun_byname
9096d08773abe0007a800e776d29119b9599ba3e,matthewheun_byname
90ba955acf0228e2ba0beab2ef6cd92b31e4c560,matthewheun_byname
90cca636499abf74edc13f757280f3562cdec822,matthewheun_byname
90d51f1a25e1aca47e91b05dd647b0c9b1a7cfab,matthewheun_byname
90edffaf34c1449b961a60699eb57bdc00040546,matthewheun_byname
914ebecff8ec155f951c09a53f77c2a95c41ef90,matthewheun_byname
91551480f994c678f31453ad602f2554fdf396aa,matthewheun_byname
91aca2806f2d10c6ae910690cdc93a4e7f0ce6f0,matthewheun_byname
91b2fb91e1e47f235b582efc1c8865709c1da2c4,matthewheun_byname
91c87e3fb207863543a6cb310b7f7680653713ef,matthewheun_byname
91caec36457f226aab1b18de578e05f0f1ef2f5b,matthewheun_byname
91cf282a948d8af73edf2f316bd76ea13bc6b257,matthewheun_byname
91f3686dc784f9299b5b775104983ae6728d4463,matthewheun_byname
91fca05abca584005d188b9755998973a2f32802,matthewheun_byname
9216496c399ca3b035cc5d459cc66416f0daeaba,matthewheun_byname
928e3114eef9a94a197c7a9a39cdd9d1d0993614,matthewheun_byname
929b92f7a4fcfa9c6b9e40d1fb05cef6a349051e,matthewheun_byname
92efd722f2a3e9252f24f9d0532769a5c318f5d1,matthewheun_byname
92fca02522f65f4bf8b8db6c9cd9eff0afde4830,matthewheun_byname
9303a40e6c1491ad6dec877eb06a302705692995,matthewheun_byname
93135ac9421e634dc3dd6054ec8d3a8a066bb97c,matthewheun_byname
935776168d2787539280f65b5f2515a1726ab3a3,matthewheun_byname
939cfadce2d32d0667580e1a7edc27843625ee39,matthewheun_byname
93d00d0ea3561d7ae79809337a8e3de4ed5ee943,matthewheun_byname
94151a3f020bdb260fef16a6769d41629152f53c,matthewheun_byname
9422f36ebdf4ef9d359ad2dacbd13af13a99f27a,matthewheun_byname
94592691a8184c2446f6792bd71022082c336832,matthewheun_byname
9499738cbe8751dba6bd1cce91ed865675dedeef,matthewheun_byname
94ee8b995929b02711d3e12fb91f2c66505c183e,matthewheun_byname
951acc18d32278f132925ea4426401ddf373d677,matthewheun_byname
95ce24e0584139ac10cd982a88fb80ca3c75c62a,matthewheun_byname
9614b843ded414737738a07ddbd72e45de582a4d,matthewheun_byname
964d4561be2c504d56d3d05a28aa8f9e079279f9,matthewheun_byname
965dc6470a6c351f300928a356d9429193295095,matthewheun_byname
966de7da48ef3d25050f2465bd133f1d74b1a9a3,matthewheun_byname
967d67e9e70cc63d4044e650cf7ce331fde2f336,matthewheun_byname
968baf721418b6ffc0cef412444c4fda26e27679,matthewheun_byname
96c94d387c3f559193f24fa86311aa104cb40221,matthewheun_byname
970224d9d3c2e8bd4ebe2995a96dd82314f0d543,matthewheun_byname
970c5d59140117593f84a85a0720c5c65033494b,matthewheun_byname
9731b986fa75fd3a3b89910ba8f97acf3d6e4b38,matthewheun_byname
9759ed58f35ce0389a7c9301f7a54951226887f9,matthewheun_byname
97779b439ad3d95b69e7820ff982df836020aa9a,matthewheun_byname
97dec7929c46828318253ee6900ea916f4a9bbcd,matthewheun_byname
97e1f5a60cd87662b04544f849d425a1494af804,matthewheun_byname
97e8e4b81bacce004eac6cf0628a976957683761,matthewheun_byname
98022f6b4167cd2d3cce00cf75469814d7abda86,matthewheun_byname
98184de5e8545086bc935095ffa806425c5dee25,matthewheun_byname
989cbc88e22f4d8f283cc7a27e871a74e797f143,matthewheun_byname
98c85b451d2b9544f770fc46900264d3c97c337b,matthewheun_byname
992f8ae0856553f80c3273403eaabba49eceddef,matthewheun_byname
993144db14e2f85cf8e4d5e583063a66aa1de9a5,matthewheun_byname
9937da731a8f8792e8f2c47f210b7c8be64cbbba,matthewheun_byname
995d2d61f16dc228ddf2421fbec86daf1d4bd676,matthewheun_byname
9991f6a34df3e8157f790b9db30c9a57c0ea443a,matthewheun_byname
99a800c65cbfac9306dc4f6ef39789287f0c97ea,matthewheun_byname
99bdca16ff91cbf4de74e12f132299d3bfe7c035,matthewheun_byname
99e4fa49269291284e85fbe2cc0a35925fb92c55,matthewheun_byname
99f285ce39e9338c70e8b23bb8fe03dd456ac5ef,matthewheun_byname
9a49997709eecf2f42bb4aa81b0adb46e3b0d2d4,matthewheun_byname
9a4b3cf41956b05f0201b38e2c1af2b46c3c66f6,matthewheun_byname
9a5bdc512325d1379ab597610ebffadc96608d6d,matthewheun_byname
9a81c6fbb8a7e6ef2cf54f698e7b580f1eb55429,matthewheun_byname
9aac5f6e8419ce309a3f1f6f3419155580034531,matthewheun_byname
9aacd5f1db84e9aff994a9fccf9a90904374a120,matthewheun_byname
9aaffa9c9abff001ed78755db0337cedf6888aea,matthewheun_byname
9abcc0d35466f92f3d8e26cdcc6d94d51e057ab0,matthewheun_byname
9ac95f9d3037e5bb6345c266d09e24a4d2bfc7d2,matthewheun_byname
9ace7013e0a91035e1ec0f5a90f1379605bb1166,matthewheun_byname
9ae7328d5f861ef1903a0969ba3fed5cb28a1925,matthewheun_byname
9af6207447313d4de139f176a21df7757fe49651,matthewheun_byname
9b0ee6ab76ff0e1de493ffec22627a539362345d,matthewheun_byname
9b2e4851129a25ebb1860f277bbac1832940c7bf,matthewheun_byname
9b34eacc6d4eb9961815b47343ff91b818655ec4,matthewheun_byname
9b43cb87b3af6befeb87b83e16dd48abce60b8a0,matthewheun_byname
9b58f3596a93e457758692d615b00b3269fd1312,matthewheun_byname
9b620de256d1f8d55bc3752a8d6248374560366a,matthewheun_byname
9b74843009ca4385f70067bee6aa02ee40d71e7a,matthewheun_byname
9b87e98613ee9b853b2cfb34f02de0687a04219f,matthewheun_byname
9b8f822eac862aaf46318904f2f83ed338b63749,matthewheun_byname
9bd5b35268f9a3acf9d5d2fc1ad11142ca077c6d,matthewheun_byname
9bd7937225285103e487f55d8a10b190952c6b52,matthewheun_byname
9be9909bd0cac429ee226147dd658c5ae502e1ab,matthewheun_byname
9c28a0b86247975514b1b2c7ad10c0f0e75e1835,matthewheun_byname
9c6d41515b61f9cff3fe52fab996e70735904d5a,matthewheun_byname
9c73e59ab66bbe55596fa5c6353aa4e69684486d,matthewheun_byname
9c87bcc39e47929636007ac7f40ef61927303425,matthewheun_byname
9cd702747dae1d5734e5f126f11daaee283af342,matthewheun_byname
9cea7c2b00f1edce83108fb8d02fca51183ff5e9,matthewheun_byname
9d388f69c981971980dbef20c448a6d9f97ebf6c,matthewheun_byname
9d4b542e27f7e64f0b0a5707b046cdd32fda8c44,matthewheun_byname
9d5ec0372000b89fbc276e39d3908554c7324656,matthewheun_byname
9d7421b14d38204d3dc4a668b87487c9473555cd,matthewheun_byname
9dbc712eb05ba5d01720c141bb65e9bf684c4cb0,matthewheun_byname
9dc7157d65a181f058021407314baf87740dbf7a,matthewheun_byname
9dcec6ca3a9dec3dc69425a77741ebabc4558356,matthewheun_byname
9e49e988413c1e6757412c2df9567c843fe0fa3c,matthewheun_byname
9ebd6b9f9c93e01863563a3f64786929bde26aee,matthewheun_byname
9eed35e7e4e3a025e0897dced951da5a6ca7967f,matthewheun_byname
9ef29dd5a56b4f957f2e8806c30dedb4e7eb51fd,matthewheun_byname
9f0dd9ebabbbf14b3e22643218db965b7900b93c,matthewheun_byname
9f1b8dd65d318b4d329d5aa1eb7a9d3116b37df1,matthewheun_byname
9f6400301dc7c7ac0b4186056223f85e93b6ee5a,matthewheun_byname
9f82e2bd990ffc8bb80ae0c9e49b551c621b3b1f,matthewheun_byname
9f8606db23faa4ada96bee0004aeab6c4cac50af,matthewheun_byname
9f92bdcd3e86e549d96c0b34878e2fc886f3c324,matthewheun_byname
9fbb49f2da2cf10051d2460b17f1d22522380568,matthewheun_byname
9fe9194a8a2456a1ccfec4d0811ae6cf65977c6a,matthewheun_byname
9fec18c874da24af8166e411cc328dc50fe61010,matthewheun_byname
a06a0d7630ff75eefb65cb19417e2fa351468d8d,matthewheun_byname
a0a9f816126537ecd9b87298d626702c84f0b521,matthewheun_byname
a0aab86794d2697c0800bb8e6b009845644fac7c,matthewheun_byname
a0de6bfc2adf7979b5dd631b5a301160917ed30c,matthewheun_byname
a0e7fb318e9f8bdc196f15d302213a8ce4948c4c,matthewheun_byname
a1349e2a5379ae1d8cf9d05a76d6bb611e2893fb,matthewheun_byname
a1389085a85cd53f8bdd61d1d619f4cd6ad7984f,matthewheun_byname
a154a4ec72a2e4c36a24958c3202145b6e3d96cd,matthewheun_byname
a17dadadfa64a5f2ec76b7c174d490068de40fbc,matthewheun_byname
a1be70644593df504fcaae3428e5fbfc061a1830,matthewheun_byname
a1d1b58765934829ec2ea90cd56de387621fbd61,matthewheun_byname
a1f1520371ba44e3e8f9e363e6c8867edfc6871b,matthewheun_byname
a20f546f0a2dbce5ce20f8c70a970b04e673f181,matthewheun_byname
a24c6082c10d361d5891f73086e5be0b4f267be5,matthewheun_byname
a25de641526465b0577ae9cdfffa456d0244e98d,matthewheun_byname
a26686c4454f4addab08a3828fe7b0b0be66396a,matthewheun_byname
a29535a08e092f44ddf5a2be9d3e240243c83018,matthewheun_byname
a29f551213562bcbeb1bbdf2281483eb468cc04c,matthewheun_byname
a2b7e13b89014d1cf73bda519e346c2ef299ea32,matthewheun_byname
a2d97e3501b56f440d507416a3f93159f4c51bff,matthewheun_byname
a322b49c3d97242afa27f1e4cacf264ae3d36770,matthewheun_byname
a3835b897519d569998b1e3cb43e626a7c5b73be,matthewheun_byname
a3bac478d08cdc77ebe16fbf84fc2875d0409618,matthewheun_byname
a3cfe859c6a242bc73e485a654f7548c0bbe742d,matthewheun_byname
a3e2b3552974ac5921ea35cfbfec22dc8be75d4c,matthewheun_byname
a3fbbae2cc7320cfc4414fee5e7d6d09012f2769,matthewheun_byname
a406c68ff772405c5f040b9b96feb165dee974e3,matthewheun_byname
a415a65b1a657f87d39bbd615f924ebaa0a7ed04,matthewheun_byname
a43ba3c8c77336d2730ba1f001de750b18b56356,matthewheun_byname
a448ef93f5ac83ce6344ba758d851f1b3662a5b0,matthewheun_byname
a494a7cdd74bbf40c0d834fa99f4197f196329f6,matthewheun_byname
a4d2fbe86314df4ca578adc5d55846bb7b62f0d0,matthewheun_byname
a4de7ad2a77b2001726719f9ab2ece81c2e9f3fb,matthewheun_byname
a4f62ac759877ffb83974681b490037fc340dad5,matthewheun_byname
a50bf493c9744b7d2fcdc398c8c389b7f2bf2f9c,matthewheun_byname
a50cb86fe99251ffb9b19d50df57f2e997bbb6db,matthewheun_byname
a50d1b3d8ae2c32bc60070247b1a70246bc1b793,matthewheun_byname
a5169a1b2827a75a0d95135708b9916d197a498e,matthewheun_byname
a5b891f95f7a40c9ea66bb5ea3d8c8f62ec6a12a,matthewheun_byname
a60bbf454316d2e135fb2553722c3595f2d3b70e,matthewheun_byname
a685d040a75e85d7fb532d8b3c4ba57f1d474742,matthewheun_byname
a689457fd18c234bc09d03b0df10efd603a5d818,matthewheun_byname
a692c8a0299a0354193335e1dfcb194e1429a937,matthewheun_byname
a6981993eef06c558616e5e92bd7082e5d4a1201,matthewheun_byname
a6b5aa244812588ac5c6fd45c91f2e4c74c68f06,matthewheun_byname
a6e2a844336fd636e8efb35e67f2eafe88d857ac,matthewheun_byname
a6f6d8b90f00811abafc685754149b2826d72be1,matthewheun_byname
a73b52677704847eaddeddb34ffe38c2eddfef9c,matthewheun_byname
a74fa6b8a677ccbc121bcb1a1c395d77bfec71db,matthewheun_byname
a76727bb2c5e3d4569aebfad8aa02f1321fcadb5,matthewheun_byname
a79e4fa8e76806b920023087929c87284abf45da,matthewheun_byname
a7ce0d0f84b6ba9d3685a2bf9f8f56cfde639eb6,matthewheun_byname
a80b6efd316e1f6e9af83ce9b63d591d14c7e43f,matthewheun_byname
a812fbaae9d6f721be75775c573fc55f803c2008,matthewheun_byname
a82961a5c0bc5481f6f01095114f6f25cd0afb20,matthewheun_byname
a83211582aabca2ebbac6149440486c9d0fc0156,matthewheun_byname
a854f00f15f8e502c435665714922f0a03a0b874,matthewheun_byname
a85f8d2583ed555c897df7ae3ba7efc28cc8c3c0,matthewheun_byname
a8d94aef69149e85b3eb8c1cfdcd046182eb7fe7,matthewheun_byname
a8dc1d10d8ece2cba79a5ccde92348ff6bcda9a7,matthewheun_byname
a8e693ed5d7da9e53abd13a4fbccaed600a4fb58,matthewheun_byname
a8f6a637d7a10ca055e3cd09bb0f0b03137a6f78,matthewheun_byname
a932b2cc26df4fd70e59909aefa263d668a5ed6a,matthewheun_byname
a94315312ca21ab3496f704a58bd2ac0cdc5050e,matthewheun_byname
a94de299857501b8b0645fd4e7e6dd7b0a8af58b,matthewheun_byname
a959141452ba47cb8cbd660dcdf156b237cf1aa6,matthewheun_byname
a9612462ebac4d8e9cbad5cac110543be3e040a8,matthewheun_byname
a96fd41ed5e6ae1708711469b4f0962b6e97aa20,matthewheun_byname
a97e7f9e0a2d7d8f61577058a73bc8645a8b77f4,matthewheun_byname
a989e0d9e9738dcf0cd2625c45a11f0f141ef6fe,matthewheun_byname
a9b8ce15a24aff951fb2c6a50742717c6c017fe3,matthewheun_byname
a9e18bc4d35751d0ba4c7f3837f0c228651fbeae,matthewheun_byname
a9fbe89b4126706ecf933dbc4818644552a8347b,matthewheun_byname
aa26e12dbc1f105f12863a4692fc187503a31623,matthewheun_byname
aa60a0fca2c4ac7882c2a70271f8009230bf9777,matthewheun_byname
aa69c1460314c1df08fddceda4b876fe8db0b5e5,matthewheun_byname
aa74292b025ea8269b538c63102b13f3065d691c,matthewheun_byname
aa99ca28d94be0971c1a44462948b93d64e5ca62,matthewheun_byname
aac1c74f708f05b22622b2cad1a3df3844607bb8,matthewheun_byname
aad1bb5dce50fbea207eaa7ac5f0db5e1ed0dbf8,matthewheun_byname
ab0dd8b5456a161bb2f3f5d0e908b77391f9c3ef,matthewheun_byname
ab661c6e742e3d7418c55775e315b33c0aeff4bd,matthewheun_byname
ab8272af0192967472e519c7570d7b4561f81f7c,matthewheun_byname
ab875831cbe74ba0f4ccf9bb60649da0fbd39d57,matthewheun_byname
ab9b6ae95b3508c0d1ed60212638b401434865df,matthewheun_byname
abdd3a8243eef71e0b16b2336df8fec2673a601a,matthewheun_byname
abdd5a3a0f3c11dda59f6d8ece8fbb5bb85935ce,matthewheun_byname
abf9a3c253cac3ddfef41fc45951d8e8df704283,matthewheun_byname
ac05f942a0218807b2516509aca9c6c569c5c558,matthewheun_byname
ac1fddd647697df4e723c30775c4f83fb84c8f44,matthewheun_byname
ac8df95d105ae1a8ffda685dd2ff6c441b7f1247,matthewheun_byname
ac96dd619faf9947f1c819b0f15f3dc3870ad345,matthewheun_byname
acac2e3e1e5aa81e9c0723bf52d54ea313ee0469,matthewheun_byname
acd7bfe17fc30f40841e0e4d26f55cfc1de1d038,matthewheun_byname
ace867040398daa325addee516466949ce56e8d8,matthewheun_byname
acecba2e09e90f58c6ce842057aa7855feb706e6,matthewheun_byname
acf254db042fe3c453df0ae7f22cca3c81a2987f,matthewheun_byname
ad30931b5c8cb9c987c521d02017e171a2600362,matthewheun_byname
ad43ba08c2d2177c31f21acc032bb74c717cfbfa,matthewheun_byname
ad74c354613871d25eaca09171128953218b649e,matthewheun_byname
ad778ef342951e854e434d1cda2f0acf48b54488,matthewheun_byname
adc91687d91d5db47ec043d1fbcbc7bf4a7c2f8b,matthewheun_byname
adec9e369ef392677bdbdf9fec51766f89f852c7,matthewheun_byname
ae003ebd4590168b5ae8566f30b3d143f2f59d9c,matthewheun_byname
ae0340b119304eb58af4240926b958d6663af9a5,matthewheun_byname
ae1f511cc678b7b3aabfeb5362ab17b3fb78da03,matthewheun_byname
ae2663e7ec5c475a837d6d2beca5087e88b1d3b8,matthewheun_byname
ae2bd4cb9088eacec400b2edebbfbca66ac81130,matthewheun_byname
ae3871a1b1874063c104f95960a2bf667ddbd939,matthewheun_byname
ae479a0d4ee6c6bca19739dccca199b4e0da7027,matthewheun_byname
ae90dcfee4fe492ed153dd0e96fb2d7c24f2fb35,matthewheun_byname
aeaf002afaae98207acb026ed6612caaf287cb1f,matthewheun_byname
aeba6a1236eb7e286837379ddd3ae12a8773d3ed,matthewheun_byname
aee202442c4c62f50af657135f72322e954043c2,matthewheun_byname
aefdcc7c78e41ecfcccf832d1417f0d1dbebc74e,matthewheun_byname
af0af45486a2c67f0ca42ddcff51743bf1cedfdf,matthewheun_byname
af2aaa95fb417d4e11f9c1600c162430984cd1ff,matthewheun_byname
af2c706a3815c47b4c157c2ec2d7b8cd3389a776,matthewheun_byname
af497507b550dbbabb999ec6970dbe313b7a9cac,matthewheun_byname
af515160b0999f7b7c8763aeecc4b9340e2344fb,matthewheun_byname
af6a3e3588272e2f10dc997f96b668c5050289ab,matthewheun_byname
af8c9e5bc3575d61a9781ba86519b45143067355,matthewheun_byname
af93c3cc79d948dcdd973e485c8827b153a100e9,matthewheun_byname
afaca2d6d9147c78f2bc53bc4da33d45f1502444,matthewheun_byname
b002285840093236081a7a9580a12cfc3b31d0c7,matthewheun_byname
b009519e7af0483554054fbd4a8790adb1c2182e,matthewheun_byname
b00b4041a39f9b0c26f234c283c190df381f27a1,matthewheun_byname
b01620daffb886a7e0e5ea0a6dd3888e6084cd7c,matthewheun_byname
b03595ff23cf15287068440cdfc13c8187645d7c,matthewheun_byname
b067feb5298bfe68bf030635be48fb1a4f464e6f,matthewheun_byname
b0af995e2b7f334ee6a4367e27dc4cdcc7e6a12b,matthewheun_byname
b0b0d5653aa49919f4cb5dbc1b67b052ce586d7f,matthewheun_byname
b0b3035e3e293b9744b8e304bc28fb197d1103c4,matthewheun_byname
b0e2b9a0b67cc1fb6069c4e701adde9c23b6a67c,matthewheun_byname
b0e7c870c45eb50a02668bd27a54579f1fe25bdd,matthewheun_byname
b126dd3452f3aa0347b80b1b7fce39013cdf71e3,matthewheun_byname
b16891018f03a4236be54e68912d1347e10736d0,matthewheun_byname
b179f373982a7125783dd3eade5f15fea3e52089,matthewheun_byname
b180456a02616b940b18d8cea61840924fc0582f,matthewheun_byname
b1a2f466fe2ebc262af6fc45903730d739f6163d,matthewheun_byname
b1a333c94baf6122bdb9badb576b7fd379f2b5e2,matthewheun_byname
b1b213a00ce9adf9238e6720ef9ef4aa318c2bc4,matthewheun_byname
b1bdd31e950bda3ab352e41f52e49e5570da3818,matthewheun_byname
b1f4f3852cad6559a273d9753969541833aaa242,matthewheun_byname
b212cfad9b3f9be17107b650a7da7b2732925517,matthewheun_byname
b22f3ccab924d86e6e91b7c5fd578bea1f949ad6,matthewheun_byname
b23a8918b79ec2a006a7b8057b040bd2c27716ce,matthewheun_byname
b2b7aafd1dadc485f5fed1de221ef13a296dbc77,matthewheun_byname
b2bd127c4d30d96c216ba9a33b49fcddc6a98621,matthewheun_byname
b2cbd3ac326ab984cac59ce288079b496ff5f3bc,matthewheun_byname
b2e4e3a9e27f590d8d34877af78e2e8c2568e62e,matthewheun_byname
b2fcf1759c396d866f9b2c504917d2611fac511a,matthewheun_byname
b32f37c0a972776969fa6a997eef56eb529b1b3d,matthewheun_byname
b34b7669e82383f382594fa5299035af715f3955,matthewheun_byname
b352b1af0b2c5e1f1bbb4084407aa3cb1477111e,matthewheun_byname
b380989ec5fa98b2050295bb2b7b004d084991fb,matthewheun_byname
b39ae23f299d05903f84b09251f268da16c826ac,matthewheun_byname
b3dd84164b2468de1502932941960b43bfd5f400,matthewheun_byname
b3feab625bfd5aa7f2db543ecca0b3407268001f,matthewheun_byname
b4430b97217850430fe14bbc302cd8c6e462db7b,matthewheun_byname
b46cb8efde18e4a42007a97edddf7a9b049c1a42,matthewheun_byname
b480439eace6c97f8a05e904f07198e8f7a2b809,matthewheun_byname
b4a561ef93458710ffd5e9741514a9a72cecdadb,matthewheun_byname
b4a7ebdde7b70cab1205d37ddeedea2aae17526d,matthewheun_byname
b4d7795020d3a4d91bdce5befd4ace50f2648de2,matthewheun_byname
b4db986ca75d1aa3d27b8987fe005e1681e8bb5f,matthewheun_byname
b4eb64ac9821f57fdde9df80c369841e3013f448,matthewheun_byname
b4ec385f59cf29bb45d656764b61b7d34ba03238,matthewheun_byname
b5194a22a503a246c37aa62f1b65484d67f96fed,matthewheun_byname
b52991557f64c5e55a7abd710fd725b205a0bd21,matthewheun_byname
b54f34e4b76e14560e1427f5f407e36892509a70,matthewheun_byname
b55f72572ba9aa243848139a1f7f1777dd1c4fc2,matthewheun_byname
b5a87fa893ceb08b5f41189ee730db74fd1a7367,matthewheun_byname
b5bcc029290913b975ac1d5a28f1ae4f6310c11c,matthewheun_byname
b5d400da65b6574159a50d68a9756098fc041c57,matthewheun_byname
b5d9efc60a2d7b86f7aac0b544a0728289fdd898,matthewheun_byname
b5f3755572662bcb40ba1ebcdb74b93b84c3ed63,matthewheun_byname
b611c04564e39b3cf6f207e27b374d3d01511b00,matthewheun_byname
b61feacaebfa68c2503c503e0f923d4152bb59c0,matthewheun_byname
b624d577c7d59b9ac8f04ebf19c25182ff1b299f,matthewheun_byname
b64f25fdb802336d8088078ba89c7f539a067fd2,matthewheun_byname
b6786fbf1b12cd95f86218399fdb73fe49e2bed2,matthewheun_byname
b67ac9aacbccd716cae1d7ce58376c2080b4cfa7,matthewheun_byname
b695bfdeafde33aeee589bbf75adb62d4e909782,matthewheun_byname
b69ae9f77f5661f0cae485768a2681196ee9c3d5,matthewheun_byname
b6bb5332f8557bd4bd487eab14ae3184bcaedecf,matthewheun_byname
b6be3a895d07ca9e0672ee33a0b302e3985e6cbc,matthewheun_byname
b6c22632d59e71e6d531c51a043eb364a10ce3f3,matthewheun_byname
b70830fdbb1353366ccab17bb35d1efc819a4f8f,matthewheun_byname
b7087cdce8ba70bb2f09d4661df1ebee93100165,matthewheun_byname
b72134b1c2230eb609b65e20a419b75a1bb83aa2,matthewheun_byname
b74317f6a867a950745619608c970fc2c45974f2,matthewheun_byname
b7609d788831f756662426a2a888735a5a4b5dac,matthewheun_byname
b7d26628838eaf44b53ec6ee3aed8483f0d6d38e,matthewheun_byname
b828941a515bc29152140af7a742150f15647814,matthewheun_byname
b83ea68ae541133ea8e83ec81284f9237d19519a,matthewheun_byname
b84ce3b8fa8009bd2d987ec719e00b8f8a046790,matthewheun_byname
b850ba943ec111a7b9d5a00cbfd4bea9fa23b0fe,matthewheun_byname
b85beebe42f3b862a41eaef63e526034f2edab1c,matthewheun_byname
b883006b05aedd16d624793f7cfae0a598fd446f,matthewheun_byname
b8b6d4714163bf278cfee014400d71ccc6d3bdba,matthewheun_byname
b8c6152def9e66063ebf3f137e00f63a2b3a7247,matthewheun_byname
b8e6d74920495db5a8219149e1ffecbc2d84805d,matthewheun_byname
b9071a34db7af6fb8714fdf5e43bacfd9ac0a1d1,matthewheun_byname
b9323d518a5eb846c5107cfdfecec35c3dec8db0,matthewheun_byname
b9483be20cd42ed71165a487a8df80e7158951fd,matthewheun_byname
b951338cd0002f070136b1391442396802076d6c,matthewheun_byname
b956a5bdc1a242bdbe2eb9f2907bffdaa8ac7e2d,matthewheun_byname
b95a17e0b8401e337e5713f437b26292fec22910,matthewheun_byname
b989429fcd83095fc55234be3b68ef8e9e708cf7,matthewheun_byname
b9d5ec9eb604b2ab99ec12708c3fa96b0baba13b,matthewheun_byname
b9f7db504f4ed4b70104a45a49326bdc444afe21,matthewheun_byname
ba312c6a486bc604b99aa62702a9c26d4af2167e,matthewheun_byname
ba43d3ff0c6cd9675a184ca6d3a18d06677f254d,matthewheun_byname
ba55ec1120f4511c17f047646c8992b8e091a9ef,matthewheun_byname
ba5c858590b17097352c57042ef14247dc9e36fe,matthewheun_byname
ba976606188ca715cc940bf79ea40f293476d529,matthewheun_byname
bac4470baeecfea8d6479869101693767948e083,matthewheun_byname
bad5a34e2e63e2cb9f02987061164c344395200b,matthewheun_byname
bad7b7941e94e1dc7e88a77f8da1aed3d7868ca8,matthewheun_byname
badb497cb44f3225ce90b1d7369c444fed7e085d,matthewheun_byname
baff3c8c116d2421b516da34d930bc310d140b7c,matthewheun_byname
bb14391ec02856a9a8eb7c9a3e290d71085a3ae9,matthewheun_byname
bb14b12cdecdec5bf4147a61820891dffda95d96,matthewheun_byname
bb2b758d4b14346037b053136f85f30454700ddf,matthewheun_byname
bb63eb26deafed8d2f301350240f4d43b961c180,matthewheun_byname
bb8b98bc141cc1619487b90f8736f769ccff9f09,matthewheun_byname
bb9df459b32080840362634f77b1f87c870dfaff,matthewheun_byname
bbbad9f8cb6f1ca6d30d7b92c19583474f885472,matthewheun_byname
bbc7447b0b5175c1e4eae9d4ee33ea8fe9052789,matthewheun_byname
bbd1600117cf7e4e4c556a529b3435092fac489d,matthewheun_byname
bbeee6c002cd3b90428eed2df5af7611c1cc5f65,matthewheun_byname
bcd2ad8cdb99d66f6961ba75981b4789c7b47c22,matthewheun_byname
bcd7fce81dfa81b081d7a534cbb627bfd991aece,matthewheun_byname
bce26cba7a72efaafba764e16bc6a26a0d847b88,matthewheun_byname
bd01c705b5dbf270c0ad9abd0ca225122bd6f530,matthewheun_byname
bd059070d2d480bcf960b972d73cdcbd9b4e4ea5,matthewheun_byname
bd08ef5c38b5a18452fa10cf066ddf97495fa0d0,matthewheun_byname
bd4ee14996f8df893b6828c312c7d2563d0969c7,matthewheun_byname
bd51a697533352cfd01a554ebb64ca374838be2a,matthewheun_byname
bd54615b7477c47814b115edf0c245c598226796,matthewheun_byname
bd79d219e627fef16576d15e2650c62ff9f726b7,matthewheun_byname
bd8f1b406fee9f379f16bbc428085e0713cbcd12,matthewheun_byname
bdb95296390be8152c6e34623e00633be1780323,matthewheun_byname
bdbcd13c7bf6586039d75f8e18c0129c5ec81474,matthewheun_byname
bdbe8fd24eba5599adf9dfe97968bca1a89edaab,matthewheun_byname
bdbebd1afa99143febcd4b54d757787b2b80132a,matthewheun_byname
bdf68a77ff29cb45791d1df4d43a4a9c06fa906e,matthewheun_byname
be11e26b9bd4ef38b98ef138047bf1a300940649,matthewheun_byname
be1d12ba1b941bf48be7c3048716f9c09ab93abf,matthewheun_byname
be79495ae4e73cd5d86bb72b51f9477c0453d27a,matthewheun_byname
bec91c31b79423c5aca16ddc8f27cd51961c5a13,matthewheun_byname
bed08b715002249dd813be8ef88540614777320e,matthewheun_byname
bed4cc8b132db72a685df5c497b1dcc9eaa94bba,matthewheun_byname
beea41f8d3b241da795f16f91cefefc99ab6ec1c,matthewheun_byname
bf02beee57cfb9c82202023222546304a4695b3e,matthewheun_byname
bf0ac370e228144262018c382201245c08c99c76,matthewheun_byname
bf25d41dfd2e2bfb22dd764fa77ee4a1d1a64c33,matthewheun_byname
bf2fffbdbb0ebbbe763e3de9849c9b47cdc184ef,matthewheun_byname
bf3d877e007567c9bcb276c515aceef89ba3b2f0,matthewheun_byname
bf60ef34c9bebd9578c5265df144869a79f2e077,matthewheun_byname
bf7f6d976574191bcde63e2670d01b43bfe6ad13,matthewheun_byname
bfafa5b6f8872e26c5ee0e6bc6aae6f37d551ea1,matthewheun_byname
bfcffe827fde36d85bf3060bf3a24ac6970cb140,matthewheun_byname
bfeec2059cd0d27e353b3dc7e777d5e648ca667b,matthewheun_byname
bff513ba9c4f108ce61fbf7f4a6ea6694054487a,matthewheun_byname
c006f953be66d68fd1f55e9a8442bf122a79c304,matthewheun_byname
c014315b9a989fe1221ed391b294451f2102bbbd,matthewheun_byname
c0348e51a7ae8ba82d8fb3cba8f9f0d79e7d7eb1,matthewheun_byname
c065c51077d6c4ba534bb31be150417652fd3318,matthewheun_byname
c0b4db63431b242005a2f474c39c2c9c734786af,matthewheun_byname
c0c28bd4491bf384e2c3fda5796350c2ea22c46d,matthewheun_byname
c0eaa9d5097ad1ee6bb171be8d2a34159a9cb567,matthewheun_byname
c0f47bedb9c4bbd94e765be7709dbc90333ced59,matthewheun_byname
c0f8d84737be99e4db8b9b49373f47f32c176500,matthewheun_byname
c0f9d670736377b3aa554ac38d79be693eb7b778,matthewheun_byname
c11d725f2598b8688dc5914d0e3a409e648e0725,matthewheun_byname
c1590b103f20761fc70fe9bff5f3c1fac6263c47,matthewheun_byname
c190eb4a822575d1780cf381f1cb943a2cc6e9bd,matthewheun_byname
c19e1c1c15139a65177d86f5538be659e68108dc,matthewheun_byname
c19e35785358910e9d175bd7b9f3b8aca935119e,matthewheun_byname
c19f6ac7049d9c247647c51bafe0d72e25e2f2cf,matthewheun_byname
c1b233992ef9f0f75d80c5b3a3ab81fdb24af1d1,matthewheun_byname
c1b5a1a21f6d7c0434ceff1abd563fe88feb7699,matthewheun_byname
c20cdb8759ce7153ee59c352a903d0768c13b41f,matthewheun_byname
c22e0af2b7322b27c7888f999043df2cbecb58f4,matthewheun_byname
c2406efa373a2d0520a1b24c8030897a46fd7a22,matthewheun_byname
c26b220068b926d8ae9b2ed0e65f660c7e85be59,matthewheun_byname
c279a50a0d66b95bdc308b9bd1638c5597d2cead,matthewheun_byname
c28887146aa7c389817181cfab2f80f38805ad82,matthewheun_byname
c2906f7c164dc3fa3a91dc7d3eb0118c23ce4414,matthewheun_byname
c29753701fa8626eec296379fb1d849b162494da,matthewheun_byname
c2a535d74b155562c11f4320848b06a457261a50,matthewheun_byname
c2a74c1c33249ca1f0e03b92c42a5e1215c4d5cd,matthewheun_byname
c2bfa9269c5e0368a6ec230b2179b25c313d9022,matthewheun_byname
c2c2af7e7a602a418a9ed4d60fd2fcee24ff927b,matthewheun_byname
c31daa57161d2c2a082448a14cd460e46b3f9e59,matthewheun_byname
c32d9e577bafbc84398d30f0c0cbc48621fba636,matthewheun_byname
c345bce5992221e0e9c825d2ea79f5854e1fed28,matthewheun_byname
c3998cafb1f8493b4e5e29fa71a8ca2d2f38d087,matthewheun_byname
c3a12de3f108c2fdc2d67fe2326ce36cd4e71692,matthewheun_byname
c4071fe7087a214942a7f85387e886322a15f54c,matthewheun_byname
c4899112a6f5bea56192e83d31e630954556f587,matthewheun_byname
c4b6ad971b45aaa4ae2298d50ad8f4a31675eb80,matthewheun_byname
c4e332ec8f4ca5243e6aa5a060fcafd93549725c,matthewheun_byname
c4e731ed92b08832aa03a12f09643c717d600a92,matthewheun_byname
c4fdf576524ff6ec5f048e217438fe73d39718d9,matthewheun_byname
c501f802b390475411770f04778db72cb0aa5dad,matthewheun_byname
c507d65eae9e5b47dc18cb217fcbae3357392f5f,matthewheun_byname
c5576180f7dbe0897a40f108370dfd108975b90a,matthewheun_byname
c56717131cf0124f9d46a61e701097966697d80e,matthewheun_byname
c5a7ab54f3611785551ed375e7546b6705ee7b16,matthewheun_byname
c5c9151e18cfee0807250e8313a4d8c26018a561,matthewheun_byname
c5e90b1bc0ba4b6c868df8b54b6c1adeab578f6a,matthewheun_byname
c5f51bbd521e91429f202181530f4f59eb5bf99d,matthewheun_byname
c5fcb836e5126cfcbd434e953f75fb348346ee66,matthewheun_byname
c5fde2004fdbfb54ce113029b1f025fabdc82a80,matthewheun_byname
c6345e82158452389329a1dccdcdc016a19e9da0,matthewheun_byname
c666c8c08285406e4cc40ecbb501a3284dfb3273,matthewheun_byname
c677dd3a71c917d9640d29e1c27c9b2b02fb7b16,matthewheun_byname
c6a4fc08face49e3f272f92d38494cf34dc6adbf,matthewheun_byname
c6cd31608c95e7905a50491d438198e045f4f739,matthewheun_byname
c6e84536051332adfaae9166affb7b3533b620ad,matthewheun_byname
c70b7758432e2d14c0765bfa50f50859cd4c7dfc,matthewheun_byname
c7186b5318af13689e860059f1b9601d1b11ab5a,matthewheun_byname
c72c3071a07d39a8e45b8d9ba0900acef089bc6b,matthewheun_byname
c750c0be62ad3c22904c3f69b04b2b2bd1b7bdd0,matthewheun_byname
c7783ee7e9e4feda2f770a6ce217dcc22544f1a0,matthewheun_byname
c787ba45bc19d58270ec5a6b2161389e27299555,matthewheun_byname
c790ceb26361efdb4ff80f68208ed041a0f7d842,matthewheun_byname
c791a2a65a6beac438cc78897997e70d82ad9c6c,matthewheun_byname
c7b67616775f106616fee9061fbadf4a132084ad,matthewheun_byname
c7c9132323988bb46401e3aa0594c326beb92a21,matthewheun_byname
c7e7410bba6e400b36b5c7398f905a365ac2c7d9,matthewheun_byname
c7f77302fe8227c8bb2804fc67a82389ef0b6e1b,matthewheun_byname
c850b47b504f07957a8d4d6462b45820dd1fde2f,matthewheun_byname
c855404422b6c2d752233ae86ed233d81585ee25,matthewheun_byname
c872cd08d3561c7fa852b495810f808d5f900d73,matthewheun_byname
c887a2b70fb6bae0c22e4cb41ae7f5e98f0666c8,matthewheun_byname
c8a099159486fe85d45f10bb1d79981aba6bdf84,matthewheun_byname
c8b4ba8022a9eebbd4030c1d4e9358f277f73536,matthewheun_byname
c8fe46fb2582c3d707913cd6e98ddbbce2915eab,matthewheun_byname
c90e61435a5cf16202a754ac7851dd9cd0ee7c19,matthewheun_byname
c90fca1d337dbbcf6ed964fe3a4c7c4f75215e58,matthewheun_byname
c9993331bea69680a77c5fce6a08366b5c1ae309,matthewheun_byname
c9ac571030ec7b7b732dcd0c80829529ca815cab,matthewheun_byname
c9b4b7bbb93cd21c1fbe6fa7b386c8666a0f3c6c,matthewheun_byname
c9ccb91babe8b5a20968de86650f23eef66a6049,matthewheun_byname
c9e3705071c84665a5330838f89dd509df63abf0,matthewheun_byname
c9f579914b158660c795d45da5df666b77a04105,matthewheun_byname
ca17d9c192f9ed5fbca0e77750fba32ea9deb279,matthewheun_byname
ca414d4d8c825f0228250955283205970ad0d04c,matthewheun_byname
ca5abaf24d6cb797c21399f265a1ada0882f2386,matthewheun_byname
ca6271b78b79ff869bd1d92d7c577714dbce7599,matthewheun_byname
ca7163d3e182aead9db6765ebfd1742fc09adb42,matthewheun_byname
ca73c8a52e28a845fc34896d7e51f4065b485220,matthewheun_byname
ca818cde15f10864dbb38c3fc6e8b078022ff0af,matthewheun_byname
ca9bad1f08b28703743014bb30e38d15691a9ba3,matthewheun_byname
cab4bed7ad65b1ab54a9bcde5395287cd40b728a,matthewheun_byname
cab619569a08ad2b6964afd995a8d202c106f037,matthewheun_byname
cabb383b086d9d2e870b1ff47f6668110654a38f,matthewheun_byname
cae80ec932fc2494f97426e25b391e7d4096a8fd,matthewheun_byname
caf83053fedaa821549e26aa58cd31838e58c324,matthewheun_byname
cb01220091036a1dfc8595462882f7275e49f4b5,matthewheun_byname
cb14a393bb868b4815db214d4412b503c60b3765,matthewheun_byname
cb15f67aad9dd1f44ca0750c77f25aefb7f017ef,matthewheun_byname
cb6c790c565e2fc2b1d948b631472209ec835d2e,matthewheun_byname
cbb9bcaf919300e41e9a1739126a168ddd339de6,matthewheun_byname
cbe63067f6c0e10d726fc6c694fa20bc1c36a966,matthewheun_byname
cbf2f4a06fa7ed19c4ef3bd0deea6eaec14dd4f9,matthewheun_byname
cbfbf737514a7157da03a54d2ccd3673cf71d5be,matthewheun_byname
cc20918456277b4fec5e0fa7daf23be4a194651f,matthewheun_byname
cc4c999f821b85f8f5acfa98b51657f761f59c96,matthewheun_byname
cc5c30106fcef1332c614f2fbf667adb01123d3b,matthewheun_byname
cc75be9b6fc86257a91de4f101fca6b1f8ee435d,matthewheun_byname
ccd57ce68de543da52837e54372f812dcc4d24fc,matthewheun_byname
cd1202d6d5bcf8e7283924b798a7ab0a57f4ff56,matthewheun_byname
cd317bca68aaaf4eb3650893572b006a160b7c16,matthewheun_byname
cd321418ad0b764eb11d7e151be2677abd67903d,matthewheun_byname
cd3aee269825cc0b07d4002cb2db9c1da4fb753f,matthewheun_byname
cd815d586168b7e0dac6f776a3b10d9cfc226890,matthewheun_byname
cda1429dcc7debb16314ea37f945c2e6fce34bf2,matthewheun_byname
cdc2c0aad7ecd4538a9eaa7180f4fe5ba7146e6f,matthewheun_byname
cdc89239db783539b6778e21a81d37ff23eaa349,matthewheun_byname
cde33eabc0b7f0f9f703f135d3cd2634321b16c0,matthewheun_byname
cde5c0a476b8486a621d67d86b796824040ff235,matthewheun_byname
ce168e6fb1f80965b2e3471ba53ebbdf7051d159,matthewheun_byname
ce3ad44a6f362977233817bd9bae5c1b8dcbc901,matthewheun_byname
ce3c8545082dc113b1ce6ccae5037aa845d569b0,matthewheun_byname
ce49c2651b781ab285110cdb1060199981d79ce1,matthewheun_byname
ce6e1ffb7672a09ab1ec6fb609fe23fe4b5c8c37,matthewheun_byname
cebd24eed7298ad6cab94a447e96fba08a09daea,matthewheun_byname
ceed9670909b2d14e360e62b6530430f63cf646d,matthewheun_byname
cf13bfe92ed534f6dff5b179c2cb4baf56b9d33b,matthewheun_byname
cf2ac7f34726be3c8e983d5baeb95c6cfb1afe76,matthewheun_byname
cf764e6c5938d931e75005d66b8b04a811e5a45d,matthewheun_byname
cf9d886d0c2dae70c85286d7cdaafa0eeec7f29d,matthewheun_byname
cfc5493d299798235b3b7101c41a1305352b1743,matthewheun_byname
cfd79d5b6d45cc38bcb91de31c7e24ff7fc55ba3,matthewheun_byname
cff8d24cb3a2ea5ccd406b97eb77ea053f1649a1,matthewheun_byname
d0042cbce6ed1516ada3ebfa5b982517641f7d20,matthewheun_byname
d02aa194800b5fb0dd01eaa8315f5f025ede2944,matthewheun_byname
d03c9a974721baf01ba5e9db2a065281d75ea555,matthewheun_byname
d04486bc6ec4c8f0f578693e94eea7891ed54777,matthewheun_byname
d07cae6819b08f7c4f4b29c69c0122484c58b7de,matthewheun_byname
d099a0c37f7ecb7700339752fd55fe3cb191920b,matthewheun_byname
d0a704a63331670bd5ff472ab67d3137d9498943,matthewheun_byname
d0c37ed062c81a281fef611758f23f271b0f90b4,matthewheun_byname
d10419482914cc9892ab7c3701edc32808ecf625,matthewheun_byname
d125fe1a92732a106858ca5590dd2014cc19a79b,matthewheun_byname
d14c7dd23e94a2b5dcdab0782ed9447448be0547,matthewheun_byname
d19421dba6c04861e88660ff6e5236a7b2acfc8a,matthewheun_byname
d1989471ffb740a0b2d8c02842e0fcc6810a97b6,matthewheun_byname
d19b4f9cff83e562d66aff33d3f3769c8f5a3fb3,matthewheun_byname
d19e3d497de4043bdccfb6ba51e1955017adb772,matthewheun_byname
d1c0f051c0ba99f5f427af9a3953acf6e67bb78e,matthewheun_byname
d1c1a8acd064a7a61076466d0e384210267cdcfd,matthewheun_byname
d1e9f3ff0972e94771f37ad755cfe3eb140898e9,matthewheun_byname
d2116df7ad9bf9ba42030635a05a5ad2db14c8b9,matthewheun_byname
d24eaf04f550cf9c37cb52c0afd19579c6de2053,matthewheun_byname
d24fa642907c7200b0a58df8a422ecd9db718325,matthewheun_byname
d2dc817701066041f617bd092a45c52dcaea0b7a,matthewheun_byname
d2eb37b0ed7114cbaf8f10db1de061766885c824,matthewheun_byname
d2fa99ee8a8bf576289c0e793b6d7323ec276083,matthewheun_byname
d30913af0ad5436993609feb1999010404f662f7,matthewheun_byname
d32506207ab5ecc3cdcaa505b19525267b8e2092,matthewheun_byname
d35dfdc907fedb1b99db275a572dd7de1a310efa,matthewheun_byname
d36054da7c03ce9efb16cfa7ea7aa9d5701dd199,matthewheun_byname
d369276731f5c616842e21d82ca9ca02c349fd09,matthewheun_byname
d393728530c2821973949469563bfcdb1ad1e02e,matthewheun_byname
d3c189aaf4f66711029ab1852ca23f7409a0680d,matthewheun_byname
d3e3b4a30be3e23de694df19e7a462081ccfc39e,matthewheun_byname
d40c51da14018e1eb193a78f8da08a7031fe8283,matthewheun_byname
d442a2d107588908c9640466a20d8bd74cb59ec6,matthewheun_byname
d4cc0d4be55fa9847c8fca68f15b55f5ea50778d,matthewheun_byname
d5164052725fb17c79187c808e60f3b7a2aac571,matthewheun_byname
d51cec1bf1057e572f9ede61d8fe1958772d77f1,matthewheun_byname
d53cd7008bd8a9faa0d2662f5640d4d7673c6716,matthewheun_byname
d57b671c53890ba4bed007d9f7edb1416ce9979a,matthewheun_byname
d584cd012f046989f1d0a3f5bea7db5cdccb8ed4,matthewheun_byname
d5911ac3085df999bff85efda681ee9b3e746c74,matthewheun_byname
d5abe1f45d84366ab517591f98facfe8e422fcae,matthewheun_byname
d5d69c0b57b0c0ae790b18399d440cdfdb68d030,matthewheun_byname
d611a9f40c0bf98e750de55b50d5061905aa074e,matthewheun_byname
d616fd1d87af3ffb201050610d7cd46847eaf4f7,matthewheun_byname
d630a7ff2b4601e7f57526ee15dbc3eaabdd02e9,matthewheun_byname
d63e2477f7b971c83b74cc559f68bce23ab8ed9c,matthewheun_byname
d64525cc6536f23e0645e9bd0b2aa816b1d274b8,matthewheun_byname
d65101266eddb293d9e491f899a70ffa12e2e526,matthewheun_byname
d663352159dae9dbd5bc341a65a34dd25242b51a,matthewheun_byname
d67fbe51fc71e7ca0022339f202d4a282915e10b,matthewheun_byname
d6875d2f3adc2fe6199cdda049866e84d5884d55,matthewheun_byname
d69476e7e1d9e1badc6956c5dfadc9e24bc661a2,matthewheun_byname
d6adc9c488c589e00b6b26a910c7a63d17da920a,matthewheun_byname
d6e2d3c47cfd270d780e4e17373557447b5d0fe7,matthewheun_byname
d6f22d88aa29265d6c11e46e384c97f403ed48d0,matthewheun_byname
d74ec3568a0677ee23e28b919899e9b0f4236631,matthewheun_byname
d753093e01c2be9a38b3d9beeb53d4bf8336e6ac,matthewheun_byname
d7e4ab73eed8bdcfd6c6210ac5974ae3ee4ac19b,matthewheun_byname
d7f10079470c8a8802ee106548efa30c0f34d76b,matthewheun_byname
d802af35ba91707df9ef5c1e668ae47586367ac7,matthewheun_byname
d82d371397ca19b34b55756c9bd744c0d6d06c74,matthewheun_byname
d8689def200c8aea5ae2fa0d50946e0889aaf77f,matthewheun_byname
d8d882d5715104b8d51fff45b4692c01665fd543,matthewheun_byname
d8e39d2d8549ffa7c78929331904974d612619a2,matthewheun_byname
d8f90f30cd1ac4c733583ffe93b3364b309fcd2f,matthewheun_byname
d9eb81d42157c990eaf5ef7a35bcc0bdecc2b716,matthewheun_byname
da0531febc8ce068bb72feaf9a6941ea7850f71d,matthewheun_byname
da15e657250a5af58fdb37e3475e7a8aa7c8b4e0,matthewheun_byname
da34f6a7442feac5af46223c385d00c98a0bcee8,matthewheun_byname
da3c2207a4b97be15dc56adf41521e247b61da2f,matthewheun_byname
da95fd5b8bb9b6694009206d13a147b40afe9fa3,matthewheun_byname
daafc37d1d0fa36c0beef1ebaa2093d0d7df2988,matthewheun_byname
db5089029d1f723d92c27a89278a300b6243394b,matthewheun_byname
db6494230ca19c0a6b7bfcb3715d116d83ac315e,matthewheun_byname
db84d78ffb94919fb32f1d066ea408c45230b33d,matthewheun_byname
dbaf912d1aa31c4907ede16d3499124026b6eec3,matthewheun_byname
dbd0e978d80016df3adc86d369cddb56d93d169c,matthewheun_byname
dbe09b933650475e53f63760b9199084f7029438,matthewheun_byname
dbfb203eaedaf3302c0e9dd454387bd35b6720e2,matthewheun_byname
dc03f1c1689a7d3fa38de0846c8c49636fa718ff,matthewheun_byname
dc285947b6d12775559e76b0a68de61286b078d2,matthewheun_byname
dc58e6f43e8f450f08caf8bede41ae8112839998,matthewheun_byname
dcdd2bd3cf27e5e2bdd206b9911bb3bdca92d98e,matthewheun_byname
dd479a5ecf6e2985048632b01c1a57f19580d23e,matthewheun_byname
dd494ed78c918f85ff2fb8467f05975b7a56e151,matthewheun_byname
dd4b541cd1c66faad9b18c1ab445732310bcfc43,matthewheun_byname
dd911938d97c8af85aded576351cbe796f55f3b5,matthewheun_byname
ddbefe2a021c4243cdd28405bb0fbf31d4e4b51c,matthewheun_byname
dde5b396a7cb0d8da347834d0d1368a7b10f9725,matthewheun_byname
ddf582dc6b572ef9e215b1eb4ae24c41fe502279,matthewheun_byname
ddfee162bbddd84fd63f37e4bde2fa285554e504,matthewheun_byname
de264b3c6ab7ffee219e601e74b301c1035e80f3,matthewheun_byname
de268ef67aaa887bb0aae48f59cbd779c3469d14,matthewheun_byname
de3f25cae7a04686cb2257ef9106ec13a8f8e436,matthewheun_byname
dea0178a1c9b4390e9472ef53bb83faeba935f12,matthewheun_byname
deb509427013ea5c12bf737a2cba0e3c9a364dab,matthewheun_byname
dedc0c2cf9ea918129be67843ce3fd1e1eaec612,matthewheun_byname
df00aaf6547eff784d257ca6977d72a22060b643,matthewheun_byname
df4164f1d4348e2e9378e410546002a9122c7d67,matthewheun_byname
df55a1b6ea560159e338cb7aad294b6fad6f2103,matthewheun_byname
dff32b95934b9e16931bb668af901bc43e9df1ac,matthewheun_byname
dffe21b962325bc7b0a90d4d27f873cc13f940a4,matthewheun_byname
e0002a8eb5b12094b2ca0d16a187b48ae3a2e2c8,matthewheun_byname
e01c992da864f465599885c4a409072dc11f03d5,matthewheun_byname
e0256df94fdc0f85bb5cc1c15fb83427fcac0077,matthewheun_byname
e0529005f02a15fabece116c97cc62a5b57947c7,matthewheun_byname
e08a016032a43c25dcf548daaba71a0655f20f49,matthewheun_byname
e0c08a7e2a886096c8c758280efdfc814a83d504,matthewheun_byname
e0dc3821d09b55ca05363efcf8efdb73d7ac4a31,matthewheun_byname
e0e49bb69e5f450ebc4adf88f0dcf95ebf48e54a,matthewheun_byname
e148edbb35c606cdff753790c43caa356a838424,matthewheun_byname
e15aa4ea4381e152caa3682eb8034c928dd8ba28,matthewheun_byname
e19d61c632dace4267b8fa5be5e20ea9873e1764,matthewheun_byname
e1ad764e728b3e95cf50473785c8796dba6c0520,matthewheun_byname
e1af1618102aa441a922491b43a9f5627f0ab980,matthewheun_byname
e1d26ab50140b7bd8ef876554e0c9101a1977bf4,matthewheun_byname
e1d31f651866c98c1f8180167672e8e936a223a5,matthewheun_byname
e1f456b45b71e33f4caf0e5e0281718df0f831f2,matthewheun_byname
e1fdac3597ccccd37ef77e5f9cdd2eccd2dbf40b,matthewheun_byname
e234fc63191375964875ad503a75a9cf90ab8657,matthewheun_byname
e27faf60dd7ddd14d4ae31844c88d4b5a61d32bd,matthewheun_byname
e2924c88e78e36bc71c56f1a3600d0a28e66fc91,matthewheun_byname
e295784c0cff5d3d9a84529f871caf41a7190b42,matthewheun_byname
e2a6b9e985a8ae739979a07929e6203ef2d08231,matthewheun_byname
e2c88b4ebe317d532ebc5d75da22ce3aa8467372,matthewheun_byname
e2d99e2d65271fe48c80aea972e8e95759525ae6,matthewheun_byname
e2ecabe188aeb4a5f5c93092791171f3a0f6d05e,matthewheun_byname
e3e3d430e912c9775ace6ab0921b727625df8d36,matthewheun_byname
e3eccfa99778dcfba162efe877bf3ce8db4b105c,matthewheun_byname
e4227d1ec85796249f255c06c46bde559669d778,matthewheun_byname
e423f16325e6880556baee679520f5fad972f9b1,matthewheun_byname
e433905bcd7fccad36feb5ce305aedbf34fd5eae,matthewheun_byname
e447394508c88be11954d0cbe816c443be61cfc0,matthewheun_byname
e476d6d5b6f2c4c83a5dcb7d9d4f01bbd1b967db,matthewheun_byname
e48de7986569bb9ff66eccc1b91c21601a880b18,matthewheun_byname
e4ac0c31b3d49597823d4c629f6363ca27a9cad5,matthewheun_byname
e4b898633b4745d16a06c3a2bcc69248be6faf06,matthewheun_byname
e4c9a816add82b0e87229f7b2152ff844df5ab38,matthewheun_byname
e4d23bb294d2f1b42de7f836da1b74337e232217,matthewheun_byname
e507834bd0d2bac5e27a298a38f558c43835a488,matthewheun_byname
e50a1239b62c6db1692bf6e96527b4d519b8a997,matthewheun_byname
e511b04333644121bde1745c78f30fba8f505cb8,matthewheun_byname
e530d80acc276278f824fb767488cb03b7e8b3f6,matthewheun_byname
e53b34f510443a6c3e524083793bdf455ad67f58,matthewheun_byname
e541275a212b4f8a54dcfb3f54a7db4fa5f63392,matthewheun_byname
e56336c4c88b7bac8677779184f4ef9e451ddffe,matthewheun_byname
e5fdf557fc437e0bb1a882433813dff23b523ccd,matthewheun_byname
e6038d42aa3939a85afe931697078a6d71255239,matthewheun_byname
e65d45161dea11e09ec4d7450a18535bbd51ab81,matthewheun_byname
e676ed9f88fac045f2fa2e9800a79d3f9196e361,matthewheun_byname
e68087c6e93f5a2b4ba4d63ef9801e9822c35fe8,matthewheun_byname
e68714dab95679c30b6b4d01c929a66b8e52989b,matthewheun_byname
e6994114d69406d474add42dc8edb33976c36226,matthewheun_byname
e6b179204365cc71b72a64f8204bedac28064166,matthewheun_byname
e6d952b76508e3d7afc66986a808ab6266c1d052,matthewheun_byname
e70d613fee69f817a33d359334889a30978f6a4d,matthewheun_byname
e71b6431a9dada699702e7f52dc2eee8395118ce,matthewheun_byname
e73cc457635a7b948aa459bc57deab5338dc7c3c,matthewheun_byname
e7482b56f9d2b64ed9a00ace61f29ba5a901d38a,matthewheun_byname
e753698355d738070a97222aa158fd5375b6096b,matthewheun_byname
e76539a900e79cb0e0210191a63ce8691c21dca4,matthewheun_byname
e76ea70f91a8a949fe79f349bb06a96a44a75647,matthewheun_byname
e77175647675f2e7e31abd7a29955efc72135977,matthewheun_byname
e7a4af2d19e9b5b3b644fb50cf6550fc5c5d5b45,matthewheun_byname
e81146d0f744e765b89805edafac4df6f470ed2c,matthewheun_byname
e826713ab4319096a190696afcd4a0347ea45bf0,matthewheun_byname
e843e8fb1dfd8879b700b6a605ac2ce5b92b7bfe,matthewheun_byname
e858fa9dde74ecbabba6633fa7ee63add50726a6,matthewheun_byname
e861dacb1e2cdaea89a5403480f88bd339dcd21f,matthewheun_byname
e891b9a74b34e4464fc15e4f4152ae74909bd883,matthewheun_byname
e891bd22aff2e74e02212338411d698fe1d6e024,matthewheun_byname
e8926811b2520600ff2fb57b5d1d481993dc8343,matthewheun_byname
e895fffe5d2df1d23531669e683d83c041e4c493,matthewheun_byname
e898ee4abf40ffedb7f842592d4141f44e4409b7,matthewheun_byname
e8dc7dd163b4807bec86deb9688e7400941f589a,matthewheun_byname
e8ee25f1e05456cb086392a851ae40479e087362,matthewheun_byname
e90ff233833e3173f3bc0bde742d834a240760f1,matthewheun_byname
e9258bd123d6e77064a975bcc659b8208af6d3b9,matthewheun_byname
e942d0a3344857fb34d7a2dafb35a38cf4811918,matthewheun_byname
e946f389a65eeecbc1e48817677ed93bf9c3e379,matthewheun_byname
e9499e3fe119ca562d89e23ed59b668b7a6a6fe3,matthewheun_byname
e96b9ae3a7097f32b512b90e4e83661b99af1170,matthewheun_byname
e99de76e157ccbefee3786347a0398feaabcb6ca,matthewheun_byname
e9ae773151374b4cc5329442606d4af821202045,matthewheun_byname
e9e331fa18e2da965906a845368a045a2ec23f38,matthewheun_byname
e9f0f27833a4877dbc5f17e89db49309b0234ef4,matthewheun_byname
ea1eb363066f7fc949e224df94fbe9391c666cd2,matthewheun_byname
ea32857f36b8565cf6173d3fbd1d23d5da16c84a,matthewheun_byname
ea4209602837f4007272f0e25ec2c6be57d06212,matthewheun_byname
ea5c2846ffc387264fadfc5f050571c9f6dd998e,matthewheun_byname
ea6b65e34695a6831e51a6e578619a6313b78a94,matthewheun_byname
ea70da69b66ac6d98c924ca9ca597ba4ab979cdb,matthewheun_byname
eab277400757cbfbbf38c026e309d3b1304145d1,matthewheun_byname
eb06af7ca18b5640ba5367fd79636e8da4fc2b3d,matthewheun_byname
eb14655f7ea51fb19ce19545de1df0c1fe51070d,matthewheun_byname
eb4ca4ea789a295588c468db054a3cac156e7547,matthewheun_byname
eb563ee93380fc7cd4f1cf4dc016b19c4630c702,matthewheun_byname
eb73dece491a263bbcac4dc86ba20c88cacc5e39,matthewheun_byname
eba1395c981f42ba76b4d756fe28febfa9d2e836,matthewheun_byname
ebb8d9dcec3cbce3bc2280bf1ecb4e99cdad61bd,matthewheun_byname
ec0bafc8475a194c15edd0156c2afbb3e5c3bace,matthewheun_byname
ec579ed4668e606d78a0078fe8584462a807fd95,matthewheun_byname
ec9bb9e9898e1b0da5e0d5dbe7f6d01f5f0f9889,matthewheun_byname
ed2241377dc09db18c1ff5ea954c43a59db9f24a,matthewheun_byname
ed2803f1e7f9234c9c7078c56fc59558beb6e70b,matthewheun_byname
ed48b697756a98599b06c4b5e2e928f0752c2ce2,matthewheun_byname
ed54a1447ea4117440dcc2c0614e0bd4f357a397,matthewheun_byname
ed812238d2629da4572996c3bcd3d8c11a273ef0,matthewheun_byname
ed8cd4c561c827b5d536fe3a368a7d5a47e02ea5,matthewheun_byname
ed9d989cad20981a69f32df2a9b6ca4a9aebaaf3,matthewheun_byname
eda4264945564e4c3531415d4bb35c74acc28b93,matthewheun_byname
ee1bd95076fcf1de62dca5d9e3e4a405a4e6a8a6,matthewheun_byname
ee31a7c4cce1361379dd55671adced0949996c5d,matthewheun_byname
ee86e867a92db5bbbfdd5ed4bcdc9eefbcbb9792,matthewheun_byname
eec345f1db4195d7fee2218ecf62e70abd834317,matthewheun_byname
eef7f4466133a13a621b87a1b8e8495ff5dbb9fa,matthewheun_byname
ef3a09a2e5fc7ae9ccefbde7977fbf32403e7c8c,matthewheun_byname
ef4aa281fb1e8d25ff2c0f85e0541e3b6b59bcbb,matthewheun_byname
ef95f607fcf6bcd70de1182e0eb34d53fb94f1bc,matthewheun_byname
efa133295164d55928bfea52db756b81422658ee,matthewheun_byname
efaf8d31691f1f5b9dced946bc1aad5277a29a79,matthewheun_byname
efc02b4497e9b0270436c03d86d6cc35d09567c9,matthewheun_byname
f0095a6e8550fe12af944036b3daa9e55cf74274,matthewheun_byname
f00b938deacb47ca163f0c3934c4b68c8b881bc2,matthewheun_byname
f036fda4344f3014ab74e0e67cb2a4980931cb9c,matthewheun_byname
f08b1c612e369b3c792e8012efaade4e703a9148,matthewheun_byname
f095d892429edd9416ecb901f52f213977f4fdcd,matthewheun_byname
f0ce0bc61c2c46ab4b2a44814629c26e01476745,matthewheun_byname
f0df699c1affa1f348e46d41004a66f1a6c42b9e,matthewheun_byname
f0fc7f3f59c4c5086d9d47a78866ea5bb48b9cfe,matthewheun_byname
f0feb953af63b3df39c359de16debec690ba90d3,matthewheun_byname
f10251e03eb2e758a08a0f0227c70bcc0705aa3a,matthewheun_byname
f11a26e6440466fbca1d09781dc5dda41d4d12e7,matthewheun_byname
f125baec6f99d8d0bdbee5710fcf087825c3077e,matthewheun_byname
f12fe81dcb593f430fca1f44169f1dfc575aa7c6,matthewheun_byname
f179894503250e39dccad6365a28f54617e75a6c,matthewheun_byname
f17f8832606a704e3ab232dd5f2332fc73f54dcd,matthewheun_byname
f1a08e44e870c68bcf068558e34f6791ea20cff2,matthewheun_byname
f1d94a08135c1f2e92a44147af075c8e35ae6974,matthewheun_byname
f1e5325b317411210fbe470ff34a271d85ba0571,matthewheun_byname
f1ef71183a19c598de124dc02962827d2a75eb59,matthewheun_byname
f22ad29d474072bee6580dbefe5650a2cd02bf8a,matthewheun_byname
f23aaeeb9c106758272edd9e36ca87fffd9cea85,matthewheun_byname
f251ffc660804c1b6e143017d4b44f6d09f8bb86,matthewheun_byname
f27781e0c2f04e78c67f2ba5a5de8d268e30799a,matthewheun_byname
f2857e8a6359a50a014f6d4b06f424fd885bb3c7,matthewheun_byname
f2b630a5b3f9b500c4ecfa380e5914d872d5dbf8,matthewheun_byname
f38b041c39d31fd5791482838175f3107c02be8f,matthewheun_byname
f3964e7eebcecdbb580ddead295c31e035e320db,matthewheun_byname
f3bf4b111c69f7d867cd18444f6cdaa8d81ea3bb,matthewheun_byname
f3d058411234c1548813b64db3b5fb127686cf25,matthewheun_byname
f3db39df5f4a1b6250197408d917efff602d0f20,matthewheun_byname
f4003f273c443e19597703b4c488501ecc103585,matthewheun_byname
f44188bcfd03881da262de2bec17026849e24ec1,matthewheun_byname
f4484d739de6d24f70a95b699021541e3bc1b0b0,matthewheun_byname
f44f6feb1105874894128d68c65e6fac5873695d,matthewheun_byname
f4570d19d61f6944e5236254d85dd6bc41f1b4aa,matthewheun_byname
f458ec19c93cdb49fbf1e256b8475546b04ba702,matthewheun_byname
f4c4927902f6e929d01cbea9538ee9a43ae02f95,matthewheun_byname
f4f00b41bff441b62a2f41a5912ede25c960ba6f,matthewheun_byname
f506d02d9340b3b82c53676f1e9410ce2a7daca9,matthewheun_byname
f5280af59ff4ecb0e34d7fece06e41f0c2718e21,matthewheun_byname
f5512668943cf37686a3e56e119b0f0753bbe84b,matthewheun_byname
f5d5e8b5af6cbb63019b32e9a81cccf763fa1720,matthewheun_byname
f5dffed976f616d8d9e4ffad3675c4f226457279,matthewheun_byname
f5e8078b5a5dad2a329795770eb342cd19f1bbca,matthewheun_byname
f5e83fd04d7c1d1fbc01f27770a5f6423577e306,matthewheun_byname
f625a7fc39ac0b094b2a712c0e1f1136f2f7adf5,matthewheun_byname
f6310ec87813cb576c9cfa7712d0b155a56ef896,matthewheun_byname
f65128a4c483503e2964cb739bad80686c778af9,matthewheun_byname
f65bf4a68d9d8b3aa81ea3698ab12fa1b95a3326,matthewheun_byname
f66284f01e04baeec0eeb68562501b1667dfaf62,matthewheun_byname
f682903a2c6c546f76e8b58902bdfef0a87de4d6,matthewheun_byname
f6a11938846e0bfae73ea881abda015bb7ecc8ae,matthewheun_byname
f6cf46ce9d570e099e07e842335bc45dc36da28f,matthewheun_byname
f6ff509b1d20d9fe301a08a21694f4d196f89f88,matthewheun_byname
f76f1ac74ac9b2c83c46991ec7e9449978add19b,matthewheun_byname
f7a0d86272565d5a6224bdec02dbf547626873fc,matthewheun_byname
f7b0d22d8fa27cd4675d7863fadf3e42a2a5ad81,matthewheun_byname
f7ec0675b0450c045fe2c00353a66da421eb84fa,matthewheun_byname
f7f0d88d8ab25947a64e2c0c7479ad6024635ff9,matthewheun_byname
f804beec10f599d3d7216ded8cb2768c036388b3,matthewheun_byname
f812e6ba4de2aa4bef83761d9a6f7f799de2da49,matthewheun_byname
f86b10c1879ecc38ee146b18ac98e7f67bcae09a,matthewheun_byname
f89f62e6ac0d94247fbf24e61c38d442626c1597,matthewheun_byname
f8bdd716489af87c12eb274315f6bb562a5efa1e,matthewheun_byname
f91eafadf30651fd8336d262548f5cb90b0dc54e,matthewheun_byname
f9287267e062d073d837e080e37f23baa9d66c10,matthewheun_byname
f92df3bc28d61b0cf18fe0ea8de7dd84b7edf50b,matthewheun_byname
f9c85b9f9038459e5d2ed9e8457b2387f53e6005,matthewheun_byname
fa060dbfab43d5e0dc65f793a5ef654f72781805,matthewheun_byname
fa1a1862350cbc1b0ad16173de4e236ebddee286,matthewheun_byname
fa2833043ea0bdb8d2e664dfa6dd8180ae231c13,matthewheun_byname
fa34e6a94efabf61ec7a84e02c41f257c11aee2f,matthewheun_byname
fa47aa32862fa2d5f7bfa6d1525a7392714128e7,matthewheun_byname
fa6fc9b0511f864bfeed58685eb8884a9799042d,matthewheun_byname
fa7e8c2a45f10293225117b567a6ffd69d9c5786,matthewheun_byname
fa84c42f15a7560aa0defdaa9c79383ca57299bb,matthewheun_byname
fa8f0141c6a09cebbe879af9beee162e281c7051,matthewheun_byname
fa9a1f1a6bb3e8cdcd7bf90df27e70e48818b611,matthewheun_byname
faa0378671debfe749526be1b986159b2f77465e,matthewheun_byname
fada6d9194b3c583470586bcaef8c27d40237442,matthewheun_byname
faeb3927e9d563b325adc3613583be1db380b6b0,matthewheun_byname
fb05a1d824fc398c0af5169a59133610208ad4ea,matthewheun_byname
fb659adacda79b8ce743ba5a219629e858145a83,matthewheun_byname
fb95ecd09bb4f8a1c21c5ee027e4b5686bb4f778,matthewheun_byname
fb96852dbc0da553cf281b2f3ecb517ed6d6fcd9,matthewheun_byname
fb9d1ce76dbed35b172a4eb6def86bae00081414,matthewheun_byname
fb9d6dd9883faf9216ea6708ca7e66afb5fe143c,matthewheun_byname
fba77a0bcadb1aba8b09270d391d27aa8933e9b3,matthewheun_byname
fbae7b6e891157f46d933b5bbe3c21be576a4384,matthewheun_byname
fbcadb24c3d39519e3bd9ccb2446d936d57fabba,matthewheun_byname
fc0e8c2cf5f74a87d86fb0b9b31df2283f3f8da8,matthewheun_byname
fc11530e36a071dfe68592da21fa71056c410666,matthewheun_byname
fc37366ba12d9c4858cf30cea9b935d25eb402d1,matthewheun_byname
fc41fd8e18af810af5b6ca208794cfc7c8c3ac45,matthewheun_byname
fc423de6236183e5789d8a4c76a38b109280a279,matthewheun_byname
fc538527a21f6f97a736b17bf407d4ae4fcc2139,matthewheun_byname
fc5a24761a87d19258e1a875608911acf36017e5,matthewheun_byname
fc625058fa72b2f1b5e9f245591c0fd809738973,matthewheun_byname
fc793fa8fe8be59c912f2c2043f0f0594bf0b8aa,matthewheun_byname
fc8e5ba83b65cb7a34935f7cdf8af3a1423687cc,matthewheun_byname
fc960a5fd440d66efa082b5f8a324df6049667c9,matthewheun_byname
fcb7731dba0c53ff9e5e8b24b63e0a5fbeb3c85c,matthewheun_byname
fce4a595164a4bdf8fc47dede967779d0e77be62,matthewheun_byname
fcf14fc7931ef2ca246bfbae6dced26351ab428e,matthewheun_byname
fd12afb864a1a940998b8c35cb660f30899574e1,matthewheun_byname
fd133ca1e5f7ac476b42d5035f4c7564dad50b9d,matthewheun_byname
fd39d29a439c6093c1bfcc877268d5b33f0b4652,matthewheun_byname
fd47c99d6f3dffcb2c4c872f21e85f760fe566f0,matthewheun_byname
fd581e6996c4b5ecc0a0f375f1df1b6330e69a13,matthewheun_byname
fd69d236319a28d7fcd21410e6a5c5900fd3f0e7,matthewheun_byname
fd89a9e7255a0ce3e6758052691ece2ab82d5cef,matthewheun_byname
fda76c3e25ce130790ab3cec33a7cd193aff4256,matthewheun_byname
fdb46709b3d321edb34c7f53a64b635d58dcfb47,matthewheun_byname
fdc1afae520584181b974aa1dfe6326479684c47,matthewheun_byname
fdd460b2c47c23f81b8c7ad80c4cf6bdc56d43d4,matthewheun_byname
fddc22c2918068cb6c0ed2f76b8c9c5068954caa,matthewheun_byname
fe31b2afcebd70d9b6681242cd5a1d554a7e3c76,matthewheun_byname
fe5972eedbb732975b98763b9d0fc416fe533ef9,matthewheun_byname
fe6c0fedfe3504567e02b1bb2832674b0d09a980,matthewheun_byname
fe6c32fa2bd56979039c35cf5cea0d58ae226fb6,matthewheun_byname
fe782f06733fbdbafe14f424d9f69efa06dcbc84,matthewheun_byname
fe897f4d4fbbc607f221a411d25bfa8f04452f5b,matthewheun_byname
febd12cd0b32af3c833be31134fd2e166c408ce8,matthewheun_byname
febe4e2b5e9b7e45b275fda2da9259912422ac78,matthewheun_byname
fec16ea99b9eb4125ceb67132c73a04259228c11,matthewheun_byname
fec3367abe7dfcbea8983c7e403c7b66ccd91aae,matthewheun_byname
fec3dfa688aab49068111dd58244f6c6bd736d5b,matthewheun_byname
fef1e22a1ca4808ecb48d164c4d2f58f3f9e2b5c,matthewheun_byname
ff0963053d0a365e5da02267b55ad5bf1e23b089,matthewheun_byname
ff1430d9a2e52ffd38d1d8785a9c7ffeca05734c,matthewheun_byname
ff180df75d9680570ac9f5876a10ee345c4daa27,matthewheun_byname
ff5e7ad5d2e3c5040a11c8529fa33fcbc94c3597,matthewheun_byname
ff7746f5897c8a251113035aff0518a5236365c8,matthewheun_byname
ffd506689826ad7f4e8be170f8c513f3fa6abe7a,matthewheun_byname
001eac7149fcb27021ebc9ae8fc0fe9f413a1976,fabsig_gpboost
004b2ab1003f343d17f0f0fe8ec8536e620d408c,fabsig_gpboost
004e86e159052d9860a0d966d7907f630c6fc467,fabsig_gpboost
00b1f09cf96d41298f8c60dbd946a12fb3f3660c,fabsig_gpboost
00ccc9dd520087821807256b845528f78f5c428a,fabsig_gpboost
013fe2e5d5bde8df0135f36f19f9b1cbc1b10864,fabsig_gpboost
01adfe347b9e8173d6723bc2cccd33876ca4ee05,fabsig_gpboost
026c2da0a078f56eb06ef17821e10f3f54f2ef46,fabsig_gpboost
026e5348e03720b142f9cc9d83c3668987088fa6,fabsig_gpboost
0291b3921a2e1b4f85e190fd5dbf0e23e7a94c23,fabsig_gpboost
02d93196cde4495d362a86e545a61746791542cf,fabsig_gpboost
02eeb6ba73bcfdac90a9d62d1eb4b6c622a3f1e8,fabsig_gpboost
02f94e501538b3cced7b49d13ea9f1c1849ee912,fabsig_gpboost
0316092cdbc6031b654940707b31138b04add582,fabsig_gpboost
03390fe89715dfd3946c7d0e1406fa33e8ee2545,fabsig_gpboost
0376fce7997a6e4a0442ad400e618ff63f782b23,fabsig_gpboost
041dd511da1db52f16852af82ac119fd3bc95e96,fabsig_gpboost
042c88ef2f50de4cc0e09a1e6352319f58e88ae8,fabsig_gpboost
04817c9cbd395c9cd901855df498184e5c66e348,fabsig_gpboost
04bf68d9b4a96cfff19745d0f0a5e7bc172dcc91,fabsig_gpboost
04c6af0c4d1e266538ba42999854fc02ec38e991,fabsig_gpboost
04d4ec07ee0b2ca3b228f6fb6d27275ae5e5321c,fabsig_gpboost
050d5e1fae14b83edc8fb42161734a46c985f8e4,fabsig_gpboost
051d2683422915b95ed261e064e9978c43796dac,fabsig_gpboost
0529931792e20a154d006bc811d5272a04a63185,fabsig_gpboost
056686f6704d52e7ffbfa73ed0c48ce97799f3da,fabsig_gpboost
058040ac9f3cb095f84a2856c321b093fd28597d,fabsig_gpboost
05bb4464ee4055bd3975c2c33a0e5030505913e9,fabsig_gpboost
05c7d3484731d29681fc3f0f67168091e27a04e6,fabsig_gpboost
060967ff6a44f1f3766514751f328d9953b7056c,fabsig_gpboost
0688575650b0af8063082e9fb56d94386b001bdd,fabsig_gpboost
0693194f795217c6e2a84e20fe6d26527cb80786,fabsig_gpboost
0699f01b48078f27c979a6a34061d5aaa1b056b5,fabsig_gpboost
06a046c9fedd1e5ac3bda643e44890eae73600bc,fabsig_gpboost
06a3837a2aa755ff2074e156e8023b434821d94a,fabsig_gpboost
06be5f4ff0227f28510609f15192c64574c7cbc4,fabsig_gpboost
0775d496b9944ae231dfcd7c6e1d81dc63537ef2,fabsig_gpboost
079b0950b4d8d1dfbbd82d9eb6822a6b331ea42b,fabsig_gpboost
079dca8bc1a52391f0bfab94593b2468bff5f165,fabsig_gpboost
07b73fa4e9e59929638d111445213e429678ee3a,fabsig_gpboost
07d81ca43ab95588c5d9eb226b4726b6ed45b703,fabsig_gpboost
07dbf3a45e717897b7a0c8f1f39ebbd68434e40c,fabsig_gpboost
07ee0075eb427ade914135023edb97d95f96ef4e,fabsig_gpboost
07f29162512e8e52878411f51170de1f03489ab7,fabsig_gpboost
07faf286d5a82e1a057cda8c48ee672fb0af2382,fabsig_gpboost
082b343416166c0ad48574fbcf80f3af0a0c408b,fabsig_gpboost
086fa0b9b46a1203d7eed627154fe7484ae5bcf7,fabsig_gpboost
08b2904ba6b93b9dc42ca9ccc681d01fa8d07241,fabsig_gpboost
08d13f1c61a37502c7b2624807b46ec0437d8afd,fabsig_gpboost
092b13957d55a0b267eee1e73befc50c02efa600,fabsig_gpboost
093c49eedcef4ebc5b3d2d7a13228ade0c9b9c90,fabsig_gpboost
096f5617767bbee59613f0a8a218a48eb7e0119c,fabsig_gpboost
097f32f922273d4d13dc4c41578782af5beb8ab2,fabsig_gpboost
09b455ccdcfabd9f4f6312f2fd7de8d9a2f49af6,fabsig_gpboost
09debf7d442a5d026803885ff3db3fa9c0073bbb,fabsig_gpboost
0a68bceb9fa47284ada21c1f863ecf9b569fc1e2,fabsig_gpboost
0ab65029bd2216217ceef66f7c3c8e88d87f35c0,fabsig_gpboost
0abc8f3de1958b7be2c5e0d88ef9ae54eed16f3d,fabsig_gpboost
0acb6fb641c4c461ce8f6a33089c2fe5d4c938a8,fabsig_gpboost
0b1501474d3ee6c6f3b1c492bea6d166dd497a88,fabsig_gpboost
0b243ba06f58023b5f7aabbd6c5b8f24b6172253,fabsig_gpboost
0b5d9031f9493dd2716cb090bdc27ecf5c57c916,fabsig_gpboost
0b7f30a52a615627cf03b58325b77c10c25217d8,fabsig_gpboost
0ba9b5c3ea1174d3803e7294ab07d7dd7a11b3ca,fabsig_gpboost
0bb7573f0ca5778d766cf85dc2b9d74058ac482a,fabsig_gpboost
0c41a04f4590a26c9a428a720166e7fb3fdf1e67,fabsig_gpboost
0c6fe8cb0bc0427545a0abddc663daa473056c3e,fabsig_gpboost
0c88cbb12f0f8caf692c5def979aa138fe3afef2,fabsig_gpboost
0cb461d487cf77f3540f3e6989741364eb0c3c6d,fabsig_gpboost
0cbcd853aab528982347c7dab3ac6d36df2fc5d7,fabsig_gpboost
0ce3aaaaa4658e160dee9c43e72c957183b3671e,fabsig_gpboost
0cea85c865329e673017bc105f61b4aab51317e5,fabsig_gpboost
0cf47aa6fb445e516277ba822c0747c121549acc,fabsig_gpboost
0d11acf0413814554e394e1cc21ca8f5f4cd0701,fabsig_gpboost
0d1ef87a22ac7cead4c7c45beec44c72a14e6291,fabsig_gpboost
0d3c7fbd0f9beae746a6f610ee33d6d19959f5f2,fabsig_gpboost
0d3daa5a58c7569c13ab5eec64095f4c26e1766d,fabsig_gpboost
0d61c41efcfff932c800ae088ddbdd10bd210097,fabsig_gpboost
0dac75a1a0b167da1e24197aff3ebd045c3814e5,fabsig_gpboost
0de77ea8a8a33d693e3a5752e39156a9fc6b9ef7,fabsig_gpboost
0df4be84476eeec9be999e1f37d31557ffca73b3,fabsig_gpboost
0e0e39c57e694ab905ed675620aeea740ca98054,fabsig_gpboost
0e241b166d114237a73f3c27b9a7f637e5c22074,fabsig_gpboost
0e35d4962dc56cd1f6fdcafcff1d11a1f8b0f5f7,fabsig_gpboost
0e4a14ed5b7885632947403bf594dcc00d277467,fabsig_gpboost
0e6d5edc62f99d2e558ae04879f864113c636d92,fabsig_gpboost
0e955dd1bfe30d24630733ffcdb5ed2dec8cf76d,fabsig_gpboost
0ec321dfc4cc50166b750d80ab85147ea4843934,fabsig_gpboost
0efc3f6aced6a18d767b2727ec84c1c6d0e2a73b,fabsig_gpboost
0f0fb996e1329deeebbc9f56cf85c6aaec2cb32c,fabsig_gpboost
0f1b464ba4c6c76a22e0089c9a823927efeb5df9,fabsig_gpboost
0fa43e9d02e1a27450c7b0d32a9454d95774ed21,fabsig_gpboost
0fa6f0d2dbb6778ae0940ac4f8f92e5b973e6667,fabsig_gpboost
100ab8af926b19318b7d02a6838f789f2a25a553,fabsig_gpboost
103985d0f23ce110b336af8c9b1516b68f6a8683,fabsig_gpboost
10696e96980f87ff69121dc3dd386be546fb7a89,fabsig_gpboost
10f0d506cf20ea8f6d3093334397a8aa77979162,fabsig_gpboost
1125f40f5f2004fc4d261cc65d134cdb0605e31d,fabsig_gpboost
1138d898786ead942f9d73bed70e6abb48fa7914,fabsig_gpboost
1159d39ef10b862e9a653409e48c1e16f80ca528,fabsig_gpboost
11866da13cf47295ae73fba0714bda3ac7d1f161,fabsig_gpboost
11927cebac4c2779624d16aa0205b2d8043a0bdf,fabsig_gpboost
11b551bdaf1ea9a7a0084e3951c177a261dd514f,fabsig_gpboost
11ce16165a2cbf5c45e9e15e987f6de01b70a82b,fabsig_gpboost
11fb338dfb8cf98c1f1b2b706d7e853e25a020de,fabsig_gpboost
1205cffde4b82ea2053163327d700e82481d4d82,fabsig_gpboost
127e753f1d4a0628080e875a6dade0e06b3dc001,fabsig_gpboost
12a344495db1d5b409631b6dab748ac0d04e96ed,fabsig_gpboost
12a7793928c1aa7ace5f1701084cb05981059dad,fabsig_gpboost
12d8ad6a64c8773e76d0ef069270b195a285647f,fabsig_gpboost
12e55a3856199f28b5e62d82a2d4ab6a63de6c55,fabsig_gpboost
13376f68cb378a26c56956e9ebc2bcd6138e0eb7,fabsig_gpboost
137032805ef153a367e342e452b7fcbbd4fea13f,fabsig_gpboost
13e0b4d1bd3ec6869ead4d342671bbd1043e0df1,fabsig_gpboost
142266592c8289ff4ddae734aedab66daafd1272,fabsig_gpboost
14461229b67b9e99e709260568d8bfc53ff9ae23,fabsig_gpboost
1456aba05d7925c046d7f1035e7b5b92cef7c91f,fabsig_gpboost
146f3715d11051f5c00660d6de8ba4a76f78105a,fabsig_gpboost
14850e87790e05e3cd2622066e8df893f8dd24dc,fabsig_gpboost
149865ffce083cd1b15b8ef4432775785d82d67c,fabsig_gpboost
149eb0ee249d1956899eb042338cb011184881e1,fabsig_gpboost
14ae4a3b481068d31b80d9d65e9591a92e20f08e,fabsig_gpboost
14cb2b498f9e00a168177556ac571eec50670e96,fabsig_gpboost
14cd4158935bafc41066318bccad91c5d4f6f5e6,fabsig_gpboost
14cf4612dab2e31462f1995505fde92f698c7d91,fabsig_gpboost
1503b80feb10c3730330de4f94ee98cb43c3c204,fabsig_gpboost
153f79653c3a907d77b6b54d72735a8b895547ab,fabsig_gpboost
155bafa11935833095b1bd2d75e44c8cd058181a,fabsig_gpboost
1570c2327fb190199f14214e5ede0a1a6f690b4d,fabsig_gpboost
161c8d9d79772da03116144587b612fdc74738fb,fabsig_gpboost
1629698b3f7816faef0c920fae726256f3aa1a17,fabsig_gpboost
163a0882351d3abc78efaf417614f753e51111ce,fabsig_gpboost
16adaf5558c890c9d05993ec2893e885f26225ce,fabsig_gpboost
16e7138e8ade2a428136bca6752a85d4b109ad1c,fabsig_gpboost
1724e970672d56f4dbd62ae35c0d94be9c877a32,fabsig_gpboost
175116aef77531da2c5da60062138cc625949bed,fabsig_gpboost
175a596915b22e65d6e640693c6446d3ee0d1351,fabsig_gpboost
17d7ad6c2569c794e4c8d393dd6b40c113aa9fe4,fabsig_gpboost
1839e6aba7cbb51a2fa040718f01eacc56eb58dd,fabsig_gpboost
187c8171f8e523a0bb3ed6a7cf13bb1fc7ae9478,fabsig_gpboost
189c14b434e9fe88d151c69d46a9dd22eaaff9c2,fabsig_gpboost
18f32760ac8617e3db65e1b0993fc4f00c1017be,fabsig_gpboost
190e076840df627c5838d280230315cc3af939c9,fabsig_gpboost
19210c823b71ef5da79b1058e1d93c2067aff26b,fabsig_gpboost
19350199261bb8f3eaf5b5dd72b5c53693b9de53,fabsig_gpboost
19d442de862ec0412abbf3a8cafc444a59e7bc80,fabsig_gpboost
1a91eb0c90d502bd0217e2472d69b9419023ca05,fabsig_gpboost
1ad0ea1e21fb3aa22ad4dc40ec49b5da77daec33,fabsig_gpboost
1afd502f9c16a46b6a9f7ace712ad435b5352525,fabsig_gpboost
1b0dd3091d11073388f109effeb3ef33dfda9f0d,fabsig_gpboost
1b405ad97f782e76f9dfc464885c0312eab0a938,fabsig_gpboost
1b71bd20f59aa3c277e0ebc0b859e7bd4758cfae,fabsig_gpboost
1bb58bf2a4d1c2bed5232fd9c4e63eaadddfc6b4,fabsig_gpboost
1bdc8a0b99cab7299561e9a484caea1f092867b4,fabsig_gpboost
1bf4c000c57755fcdec8fe1330c54f812e9d169d,fabsig_gpboost
1c5b7dda975a29087f3fa1af4b605dd0566cb785,fabsig_gpboost
1c5ee9a4e6a45d8b15626b41706e8b67a8f20eff,fabsig_gpboost
1c7470ce99fc00648fb8615790eec51b0487cf3e,fabsig_gpboost
1c842bf42d003e490bb6e12546c6997ac42f122e,fabsig_gpboost
1ca514e290a7b56dcfd826988ed9f427a19bf812,fabsig_gpboost
1cbae8ca0975d65cdc085611fc1517f129965733,fabsig_gpboost
1cce3451a370f0a1c61a2c6c906d0a415174987f,fabsig_gpboost
1d13c33d4681145595ee5f756dea17536e677b00,fabsig_gpboost
1d7af5f9dd38745bf98c1014e902813ae6722093,fabsig_gpboost
1d80c0230322ed3af4a1655247081700dde2d55f,fabsig_gpboost
1dab37ee073164bfbe9354a1d382205bd86e95c7,fabsig_gpboost
1db1fec2a159b380920c7c2c2859263519364d3a,fabsig_gpboost
1e33f62cfac11d5f63f03ff24619e82d9c6f59f2,fabsig_gpboost
1e57e0f2d75b7ff579f7054e471cb2a039cf1e79,fabsig_gpboost
1e7432e111b59146911df18525640856829f6095,fabsig_gpboost
1e97479e94698cff17a7c03062a14a091022b80d,fabsig_gpboost
1eb0fb04d773ce8415bb5df982ecb62a278d494a,fabsig_gpboost
1eddcc5dd02d90412fb0bab8bc965800a346afa0,fabsig_gpboost
1f0cc62de2b308355437f38b3d6358d2a2f244f3,fabsig_gpboost
1f1c036b07902ada59afc1417c725eef96575264,fabsig_gpboost
1f23d0d7bbc46e6e708170ec25d174268de6ee9b,fabsig_gpboost
1f78ac5144c23736a3b4ed5a8b16b449b1ec5a7f,fabsig_gpboost
1f9467a20145854bece620ed9b38325173094a13,fabsig_gpboost
1fc088dc476ca97829fe71846cb13769a2e2900e,fabsig_gpboost
20091973e7da165fef627b6a025e140e1c048ec2,fabsig_gpboost
200ad2e889d660e9f9a7c680678c3cec860cbe2b,fabsig_gpboost
202b40a7fd9bba6a5ee3be9cf7ffe1160bbc9856,fabsig_gpboost
202bbaedef06f79cd9c73ce390ecd4068c0de527,fabsig_gpboost
2093c9a78877bfa1cfc4e534d55f3181be10036a,fabsig_gpboost
20cd41cbe86dfb3b7bb5ca4cdc70231b4f09b31d,fabsig_gpboost
2212c158079c3c5188378133c89219018357696b,fabsig_gpboost
22559222580aaa471b1d910cb14ab9e2c875a485,fabsig_gpboost
2265aac2f2662880183c03f7f50853f1d7465ff9,fabsig_gpboost
22946c33c884c12cefa21f8f027aa02c781b7c1a,fabsig_gpboost
2294e0fe01685967886a28f5fa8d51eb801ab3f0,fabsig_gpboost
22bb0cecbe67d17ea00a7ddb97ec7c36ed041320,fabsig_gpboost
22c068262203665321339b4ef9c16b2c3df9549b,fabsig_gpboost
2329f60b1d6408d3d85b6e8d3810a72118032784,fabsig_gpboost
233d71bf2e91b45c105d1a12139a764e5d2a3f37,fabsig_gpboost
23486423231d14ea77c52c23d0f8edc2066af999,fabsig_gpboost
236c0eeb70214a25266f4c4de6f476212f29dbe3,fabsig_gpboost
23aa9d9c593d6bcced962575894c50b4ff796b92,fabsig_gpboost
23c1fa8248327d69aa02529f13305937e1d28f78,fabsig_gpboost
23c5739d70ecc2fb3c1d0f6f2d096e70b69740d0,fabsig_gpboost
23e3c2d7e653f6581d3e98cbe451a2d7306b27c4,fabsig_gpboost
2409a58a338f7b7cf144bd37a5cd35331fbc35d7,fabsig_gpboost
240ac94f3cdd7b8150cd3878d9e1ed9450bbf39d,fabsig_gpboost
246ba040654a894b9746889f069d06f794f297ac,fabsig_gpboost
24c3952f6cb455d0847d83c663b0d347fd44085e,fabsig_gpboost
253dd3a78cf2df8ce116c79e8bbf04e2b593acb5,fabsig_gpboost
2556d4a741adc5b07867b98ba5cf528eec6d3ab5,fabsig_gpboost
25d8deb05a68a66625dfcaf6695e3aac483046d9,fabsig_gpboost
26128b28aef5e6ac207cfdda8d38d0c8bc1cdd62,fabsig_gpboost
26213df88a1bf35c3c79ba85deeba7af1bb73812,fabsig_gpboost
26218286827e57f17f3fe79bd29a844154467229,fabsig_gpboost
26a80b7d3984e4e7a84ea76ece9de680c3550080,fabsig_gpboost
27178bd84b514e524d3dd3fb99628ffa15b27c90,fabsig_gpboost
271d6e563472478c8c8504c0378f316f6e61894c,fabsig_gpboost
272469bbbc31b6cf44f2bc510e18d182798abdac,fabsig_gpboost
273e1c4d5c44cf8ef9b643b44b3080fd4f97c039,fabsig_gpboost
2768b3689d0a90479dfceed084cd929f4e7ed20d,fabsig_gpboost
27a29ac91d4affb0fe2dd21f8263d00bd551ec0f,fabsig_gpboost
27bf0c139b1b00bf40ef6033374def758a7fa72f,fabsig_gpboost
2802b57ff8f2ee1c64857e14f31ff88b7e716d77,fabsig_gpboost
280ed493fced5de0c9cb8dcbc31fabfb6f8e95d8,fabsig_gpboost
2812c60b359917acf3b6cd57437fa8b0a6390027,fabsig_gpboost
28492b0be84a34e13292661722cdd8844139cd29,fabsig_gpboost
285eba8a488ea41658237670340468f99b9738a5,fabsig_gpboost
288db09642ed0c16816ab7185cc16ab6ab98b3b5,fabsig_gpboost
28c8b042032d1d4dc635034733b8c68ea7f01866,fabsig_gpboost
29499c84540f6fc235a4a188e4a6112111bb5ef0,fabsig_gpboost
295ee6d2c5b7df021ed9b2bb6f073551f76f7dc9,fabsig_gpboost
29eded7ed40e6df5eac6d36ca26cb31ba36f42fa,fabsig_gpboost
2a18cff39b479e315bc4a26bbf40ad3db037d4d0,fabsig_gpboost
2aedbe6aa379b856d09796735c85d4418813ea4f,fabsig_gpboost
2b04b9c86553460158fc9e05c4330415db07463f,fabsig_gpboost
2b42032574579d5052077d6b5790b9f451bc88a9,fabsig_gpboost
2b832bc505d23b9c82ec72d48304213b96e4d1ab,fabsig_gpboost
2bacb71d0dd87f5bb0dbe55bc8bbffd187f90def,fabsig_gpboost
2bd26e08e9b9bd2dab8dd3957955ab0bf289e908,fabsig_gpboost
2bea4127fed3f2e4e5d89e0f6596c3c84e273c2b,fabsig_gpboost
2c12a1142cf6b383e78742157328fd252653994b,fabsig_gpboost
2c5d8240caf3a64bf9d95f3d0f74e2621a16b85f,fabsig_gpboost
2c85b95faa539ce5064b97ba072a7e85f53250ee,fabsig_gpboost
2c87f2d996c411d0b0e42bc33444cda5f8019541,fabsig_gpboost
2cc38cfd420d43a8bfce91af003979b4eb29c795,fabsig_gpboost
2cec01121dd6452158b527d40922e94bb1ea019b,fabsig_gpboost
2d1440bcd5b149927880436b417f447cb89efa3b,fabsig_gpboost
2dfc8b83c5ed45ebe01d0b4e048094625e787f04,fabsig_gpboost
2e0065f3222f9d45a401a6047557ea3a85b4d412,fabsig_gpboost
2e34ac21cabbf636695565c695383951cb82d996,fabsig_gpboost
2e638f348c3006627547aa75c6f73e0ec405386b,fabsig_gpboost
2e7e9a1f9d757437deabc166bae3f68b6c34b524,fabsig_gpboost
2ea0d13257f8619abc3482d56f4243deb1ae24a4,fabsig_gpboost
2ea438bd642aca89e66e1f3770dcd50c6c8be6de,fabsig_gpboost
2eb1eb7a2b05e438c72b611de3c98c10f4a25885,fabsig_gpboost
2ee1317ad1658f49a6bbc414206df476c9c54ca0,fabsig_gpboost
2f10e2ebd1c49b62927bd795456d5e49db856ea2,fabsig_gpboost
2f4386e56c7a62a5a95f9daaf4a88062028be0d8,fabsig_gpboost
2f43d759a250ded54cd1a02c133970264c68e0bb,fabsig_gpboost
2f82616bd63463cb57816ced74ad839291d46daa,fabsig_gpboost
2f95417a90cc82b7ffd04ed1c1fc2d8ee873acd7,fabsig_gpboost
2faf559dab4b4abee4763f1a76b17515988ced0c,fabsig_gpboost
2fe04fef0db6b88f101575303055c6454f10fb2e,fabsig_gpboost
30308f0919bdf4db999471e32c5cea550b0c6da1,fabsig_gpboost
30825270e8422a0e9322b25a30b00ed4f121e289,fabsig_gpboost
30bec52ba434901e5dce47af250cd5524fc43b2f,fabsig_gpboost
30f2f3b93fad7994a0ad66c2123a46e211ad269b,fabsig_gpboost
31011f73f41239d18cf574e347d790357bea5649,fabsig_gpboost
3117f4715b8e25363271801759542e81bdce3837,fabsig_gpboost
311c599bfbe183dc02c7baeec70a2436d2a3763d,fabsig_gpboost
318dfce025336e942aa5e29413caf6b128905d73,fabsig_gpboost
31cbecfb5a7a7150d7e11ad78e283731cfbd603a,fabsig_gpboost
31e0ff21ef8565749c8c04b5a49276c578c4008c,fabsig_gpboost
320ff990afefd9469bcf10f5314bf4d8ed18bb3f,fabsig_gpboost
32476f44a31942c327132137131912ed24fbd196,fabsig_gpboost
3270d66abaeeebf92f580d2a4f51936fa4750a02,fabsig_gpboost
32761ff22904202188c00785b1a8edfb4c2db7d0,fabsig_gpboost
329cbca832f32fc3cdc73d7c9947169cd4cd4d1a,fabsig_gpboost
3313626df0abcb5a2eafc639f837767a0fd8b68b,fabsig_gpboost
331bc70d7b894444df4f2cde4943596cbc0d2511,fabsig_gpboost
33448b1b206537549b892a292cf092d8b1365633,fabsig_gpboost
3363277803663510f75c783bb8e96cd90dc70618,fabsig_gpboost
33acc9dbab49d63a17246eeb8444d1e0e3de332e,fabsig_gpboost
33bf689354922fb298ca6cd834943494cd949c24,fabsig_gpboost
33d8785abf429f64cfe89c39590f1d685deb5c1f,fabsig_gpboost
33e834f9f5e0096a3b674a2e7b432808b015499f,fabsig_gpboost
348b7c5a78ca5de0771ed4379c5e1979a8e9ede5,fabsig_gpboost
349ddfcd47c8a4e9bd014e532565beef38b873e8,fabsig_gpboost
34d8d5c27ab4047798e7d5d4753030816d9e5e0f,fabsig_gpboost
350b9a2019384bb4a8016c26d095bccb8c20d5d9,fabsig_gpboost
35110d4d600ca6ebc0641cb33796956675a6cdb4,fabsig_gpboost
357323a985fefd6f2aae94f6668f3d6b4894e42d,fabsig_gpboost
35c437c4b333d59e1a9ab22006b1a3339d7f2b7e,fabsig_gpboost
35cdb5a2a52c14725fec24e7c03fb3884b82d4f7,fabsig_gpboost
362231642d784aa005e41a0dd84f9e08e14d1798,fabsig_gpboost
363bee0887c2803ca20a4beeb5db9315f53ddfec,fabsig_gpboost
3653a946ae109b1007bd7b16f8075a8026bceb3b,fabsig_gpboost
36d12345b90f9855f36f70490f62d9816f60081c,fabsig_gpboost
370b1a2efb507420692a245f49d38912695ac78b,fabsig_gpboost
3727ca0033849135937e061f08f3315b7887eecd,fabsig_gpboost
373956e57ad86761ad13e809161e81ab911b5fa5,fabsig_gpboost
37da6211309c99af8733cd754617e92c4aa4e566,fabsig_gpboost
37ee676b346cbd76879680c813ab7cc3cfd66a5c,fabsig_gpboost
37f6704dc520de29215725c73b33bde8d1d0f146,fabsig_gpboost
37fde838e35af12ae37fb1fcf75ce4dc0188914f,fabsig_gpboost
388db5cb2a9304399c4d2882d5c0be668c3374e4,fabsig_gpboost
38adc4fd6bcd0b2f8f357faafb5d8ea7dc8d473b,fabsig_gpboost
38bf9031f584a7a0e74db2bd84bf0400f5bdf7ca,fabsig_gpboost
396c5d6639a1abfedfb82dc2f6360df9a62ab5aa,fabsig_gpboost
3987478990ae525d6aff183d02ed33a9fa4b7755,fabsig_gpboost
39a809641097ff327c64b8a7326fc1e2880c3937,fabsig_gpboost
39b8b2f9f44d39535b7d229e87591ed818ceaaec,fabsig_gpboost
39e1b73dd6216ac086b2cc9aa002a34c7fd5cfda,fabsig_gpboost
3a79d65637e156127f04aad2b4c2896a0422950e,fabsig_gpboost
3a84be55794a8d41763864ecb5d78ee9c4659509,fabsig_gpboost
3a92ae89787286cf961d175eb4bc88427c40968a,fabsig_gpboost
3aa2aa6b17b9da5d19640f05948c7567c252ae34,fabsig_gpboost
3ac2e7c1279be7d6a102293b8b6b168a4adffa61,fabsig_gpboost
3aca83b784d267e03658ecd19ca271042cc8d95b,fabsig_gpboost
3b4a95174ccf1a21bda6b6c1f2ec0183594809e6,fabsig_gpboost
3b83df365833f2534fa0fbf27f2ce0c6d5b195d3,fabsig_gpboost
3bf0b7cd3f978eb79c4dbedaaa183b328244edaa,fabsig_gpboost
3c1476a6f0829864bc55c0fac016c1d6069a7638,fabsig_gpboost
3ca94c642524974fd3ae966a870abafeec296597,fabsig_gpboost
3cabfd15534aecddf20297fd044d38d63554df6f,fabsig_gpboost
3cb584352d21b3a874796a7ebbf1ce833e684e2f,fabsig_gpboost
3cff418b29479ab8b8723c596d3fd0c2a90c10b9,fabsig_gpboost
3d57d014cf61dfb4298cfbf1a4c46376a9a3e39c,fabsig_gpboost
3d5f2356d311962378a6ff332f21b7078375e04a,fabsig_gpboost
3d6854c1330c4b6fdec4c3d9a46cc142b040a01f,fabsig_gpboost
3da3b3e8321f5009e540df5a412c2a8a4c24444a,fabsig_gpboost
3dda3a3dd46ea7f93f4f304270e57ba288c5fa46,fabsig_gpboost
3df8a5e76614683165c526386b4f7959c892a726,fabsig_gpboost
3e105dbc29f959a3239a9f08c075ac94295f35e9,fabsig_gpboost
3e3e6ae4a7f91bf9d90bde2ab58fb3c06ac5214c,fabsig_gpboost
3e431816907b36a7dd108b245b7168485c577c0d,fabsig_gpboost
3e5661d877eb1b98d2b184ade781c3a8226de8e2,fabsig_gpboost
3e5ce2bc6c6f7f6e3c194f8ec17f0b83c3ec31b2,fabsig_gpboost
3e770aef2caa91fd240eb2799afbc4dfc8d7d2ae,fabsig_gpboost
3e8f8b0943304128aa1e1b523fd81b4e27d026f1,fabsig_gpboost
3e8fdef1824fc0f14b4335514b712d2067a9b651,fabsig_gpboost
3ea35e8dff43d1d6514d1ed88ec6b1b32db03ca3,fabsig_gpboost
3ea3fc870b31986ef52fbc2d5016b941179e3d34,fabsig_gpboost
3eb6bd49b42e144c9d9059d20b0c4edb3b3a174e,fabsig_gpboost
3ec54a28b95c04a9f0cda583699a8b355a976ccf,fabsig_gpboost
3ecb89d55b6f44caadb18ed07b9986ef5a157c14,fabsig_gpboost
3f01e3a8c30a5681de5cbc964a81b83e79c3c579,fabsig_gpboost
3f2833a47fb5cb4a5b9517cbb0f30e926e39ffc6,fabsig_gpboost
3f4b1779e63d37ca10965de4b4ad3acabff8d54b,fabsig_gpboost
3f4f6294a3eceba5c3a1a0abbc925ff247ad69f3,fabsig_gpboost
3ff59fb8be5bb66631acaec990e745c25f34d23f,fabsig_gpboost
40818cd8c60c41ecfac497daf22e1e58598ed848,fabsig_gpboost
40857eaed28a10e190604baf32f58484a92946c3,fabsig_gpboost
4087610b9acdd5e21475fd618b1e4b030ccbb0a1,fabsig_gpboost
409524f928cf8a7f625c445f3e96e40103d4d5a8,fabsig_gpboost
40e48b21de237d399b7fee7a9e9eae2a6a792249,fabsig_gpboost
40ec6a43b8ddb73cf69bfdcea72a590d0a34b9b8,fabsig_gpboost
40ef00185651f259420944d4b3e765ec7e4b79ad,fabsig_gpboost
41298bca8fda40844d4bf5ad352c0108b2e5fef1,fabsig_gpboost
4157e5646deb3082cd4f332d784f500637cff1a2,fabsig_gpboost
42f986301e16ac3ec2ce72a585505b3b8419eb74,fabsig_gpboost
4371d3a805395a7be5c5b4303a482d72f5c2bb70,fabsig_gpboost
43c8d8111ba84d6f92baf164a6d52f4d45b10d00,fabsig_gpboost
43c91808f2d2650f8b882f65d7b486960bda7995,fabsig_gpboost
43fe03aedd6e515d76112f41c915d5617c75e629,fabsig_gpboost
454f77802cde48bb4f35c145b92db074f19cfd50,fabsig_gpboost
457b18b453eaea88f1823fa13b82ecf17edffeb1,fabsig_gpboost
458ef79b568a3e152baaec95449e6d006b1ea29d,fabsig_gpboost
45d5099122b1156015713418551c320abd3e4007,fabsig_gpboost
45ec19ccadb6ba33feac809ffd3c8a64fe19cb9a,fabsig_gpboost
4670ae761e4a933c5364d662dec047efff705a60,fabsig_gpboost
46e395e82c7de9c175c3d101108539ef640183e0,fabsig_gpboost
46e87aaaf56baf59418a6f2829bd1caa9b45d4e8,fabsig_gpboost
471ec32fd67650619d0069fde7ec2247dab517f6,fabsig_gpboost
47205cddcb8a3b483d65937c2227af1a0c1232bc,fabsig_gpboost
4756bc855dca8370835854e25e181c6a6630f0a4,fabsig_gpboost
478064b8892fc664c3afb3db7b79f88a71feb43e,fabsig_gpboost
47b43988ca3620e557b39106c3e82b8ed6e0ff81,fabsig_gpboost
47bc03002ef52b7a14cf180721a3a01459cfcba4,fabsig_gpboost
480ab40da0af2fd5eba183ab7d2be94eac9fdf83,fabsig_gpboost
48322a5aae972e3f40e701b9c6661b2c5b913a62,fabsig_gpboost
4865dd79f613bcd8d31c648e4afd96d27801887b,fabsig_gpboost
48f06b4938d48b8e29dc9b783c62315f6dde1c3c,fabsig_gpboost
4904fcce760c0bc964805e9498703e78c20ab8b6,fabsig_gpboost
490f9bf79573c2c7a5c913e3151b1203973fb617,fabsig_gpboost
496ea0af7b374dbc57d664d66df2c24f01d9b7c6,fabsig_gpboost
49963a14ab915134d02e73cf2ceb402f960e8a7e,fabsig_gpboost
4a94377db7d52b762dedb3e2a86fa200dba75494,fabsig_gpboost
4b29113839a76f641e750b825411ff2f5b684595,fabsig_gpboost
4b4b20c420e0fd969e7b0dc5686d35ba30162301,fabsig_gpboost
4b83c4f0ae568c293b620334ea8445a7ac63e3ad,fabsig_gpboost
4c00db496742db7123d9e67bac468c14480b6b28,fabsig_gpboost
4c26adf6b6e228371f14a4f98537c7461182b19f,fabsig_gpboost
4c49a2dc4cb9fe99d31659bec2bb5b5622230ea8,fabsig_gpboost
4c4f292658d7ee3a8902a84b892aa519e9e19a8f,fabsig_gpboost
4c5fcac3f0637eff0d96bc61bdf66f0ba69b1cf4,fabsig_gpboost
4c8048487f349fdb33e9385dd739aa2239574b9c,fabsig_gpboost
4c90e17f5ac220aeab790e61fb0244ccc39edee9,fabsig_gpboost
4d1deac5353bee4d1d183209825d18d107d603a0,fabsig_gpboost
4d24862ae6aefaf87e8c4d7567720165911bec14,fabsig_gpboost
4da6c8c6cfe6df538a8932c2fa5bab6125b7c0d1,fabsig_gpboost
4e1d42e19d77645d3970c9f5b5aa847dbf7e51fb,fabsig_gpboost
4e2f45ac5b3af06727afbdea504e528fc3fb0853,fabsig_gpboost
4e4cab8e5a7714abd02174e5f2e6c78f16fad2d9,fabsig_gpboost
4e83c352d901b9ac670f27a94be5f0c3acbf785b,fabsig_gpboost
4eae0672f43c7800a0dd2c8f02f163a87ab5290f,fabsig_gpboost
4eb76dac9bc12307030b0386d959f8950a2bc6dc,fabsig_gpboost
4f1d2d97a2baa05cddb4b02fc6f05a15cec8d80c,fabsig_gpboost
4f1dd51cf688ac75be6fa2f0848d7e5821bae14b,fabsig_gpboost
4f299615913395fbc0e530a5ca0db729cf17f202,fabsig_gpboost
4f568fdc1e894cdf10da49d6a55d47919c00113b,fabsig_gpboost
4f8b2e8c0fb4daa5ed59a86c22fe24f3bdb24385,fabsig_gpboost
4fa0eac9adfab10ef90bbd163cbd9f466e96e6e1,fabsig_gpboost
4fb525598b20fc327b697619072c295dc34cb880,fabsig_gpboost
4fb6907c06f2327d09c807821559368767aee9d9,fabsig_gpboost
4fd66ee73820ea4dd56867667e7ae5762a8bdece,fabsig_gpboost
4ffe895c81dc20139f0be0b272023041daeb54d6,fabsig_gpboost
50187c9fe89bf77b562c05db8e5b9bf23bf4d4ec,fabsig_gpboost
5079f942ffc80f821172f93a3dcc640300870698,fabsig_gpboost
50e36ca9461af46ccaa4d30bd38f9c6c6f8b2146,fabsig_gpboost
5112b33061fea44208456905948679f5b47d51f5,fabsig_gpboost
5130b4bbf7b666889557b23adbf951d1fd6daf88,fabsig_gpboost
513e1f8d3778fbdf2c09fc4d23c155492a96696b,fabsig_gpboost
5191ad9222faf11f6c87068c52335de51945f8c5,fabsig_gpboost
51c7cb4c079ebb01de9233334c671d1fa8dea187,fabsig_gpboost
51d0c28cdb546af8316d7c86f24dff014f6858c3,fabsig_gpboost
51d84905b44d24aac00aff3fc3a76a41e4d14e85,fabsig_gpboost
51f5adcf0fe838fc4722d2641d23afab9178d537,fabsig_gpboost
52101a3b8cffcb802e7bd40c69ec854b2884e697,fabsig_gpboost
5242bf55b0f12fa7e151422e096f71fdb2ed3b52,fabsig_gpboost
524b2823a9d9f24acfa3fcf8fe1c531aac29b256,fabsig_gpboost
5322b8148ef40d195d17d898bc267c311606a47d,fabsig_gpboost
532e4c47e132bac45ae0b90bf199504110895250,fabsig_gpboost
53605752d5c31641d54bbb0c4dff8efdcc572194,fabsig_gpboost
53eac517683cc8abf135d2dda2308d82967ee0b2,fabsig_gpboost
541096178e4fffb05b676834dfeffe5bfa4db5b7,fabsig_gpboost
55121ff9f80a1b5a32fa2d7583734ad978e4d794,fabsig_gpboost
553030baffc969e2b6888f6029044bc4db1e2f38,fabsig_gpboost
5587d5edb53d96cbe94121921cdd875737f23446,fabsig_gpboost
5589888478ee7d1225308a376c64ec6e1d9e79b8,fabsig_gpboost
55ab3039628a0ab62540c1f71de4aa9bf68809e6,fabsig_gpboost
55f7f1e2b0cb42c286c89f10a9465a574927d89a,fabsig_gpboost
56087d03b303202118cdc7b02c91b4e604b5fb96,fabsig_gpboost
565a3d87663ec2fb1869f083b86eaf2cc5fcc5c3,fabsig_gpboost
567bdcbb0ec966323176a33c2309e57e0b213ed7,fabsig_gpboost
56979359d0f2c317ed3175ad79cb08d3921badf3,fabsig_gpboost
56a04f1ec8f92463d945c21f0c234cb2c8e9bd57,fabsig_gpboost
56b44a7425d4a6c68f776ea9b9f98f2bbafa71b7,fabsig_gpboost
56c8d5797faab8b114ac1ecda0e7b0e046dee7e6,fabsig_gpboost
56eef377990f2a98b046abe5ee226888fad71a7b,fabsig_gpboost
56f796d2f3ee75507faadde1b06f10a0ccd06828,fabsig_gpboost
5701aa061d3aaa595e152c729c575e96eaf5efb3,fabsig_gpboost
570972da9f1f478c3ea9d2b0f09ddb75f9b364db,fabsig_gpboost
571dc24160829b3408757d6102abad66b55d86ef,fabsig_gpboost
577d7acb42abdb79432a5fe6de21a2e81b537a2f,fabsig_gpboost
57932f8e6bb58128d862217ec9166b197e94fe13,fabsig_gpboost
579d09806e30601741d6ee81fbbcbe9958286035,fabsig_gpboost
579f4e418c8e574976becd854be09d32e0f1e01b,fabsig_gpboost
57a092b0e1f8503893a6ebf58ee07ab56420c376,fabsig_gpboost
57e0279001637599e9f41cc687217b814005e716,fabsig_gpboost
57f79aa448ac9db6f33f3c81feb39ce40a3199dd,fabsig_gpboost
57fd52eb9ddda10d22a5a7bd4badfb6d40acd393,fabsig_gpboost
580d4c2648ae69078600c73891611f8ffb25eef8,fabsig_gpboost
589a4b5691a8b14ac65416b235e7f9043ea787d2,fabsig_gpboost
594a2f466e4799dcc9f4a070a0df2d6a3a86b43a,fabsig_gpboost
594b8e729a6e3d78ace6f43b98e1a4daafc4bed8,fabsig_gpboost
5982922a4d5f9487bb5f5d64128a2be9ea8e81c8,fabsig_gpboost
59a790b23af081a1464e9b1a0ee58446307c42fa,fabsig_gpboost
59c0c7c15d1c47f38c885385a798839d2fade7c8,fabsig_gpboost
59dbf6058d0e99e5fa348782a8e0502f771377ed,fabsig_gpboost
59e42850c9cf1513cef383916d1a1ca114e0786a,fabsig_gpboost
5a23f52dba4428168337f12eb00cb355f9740b12,fabsig_gpboost
5a2f42aaec4f74a6c9677ea93411d5024dcc420f,fabsig_gpboost
5a79a0d3d4ff2d933697f56fe67c5c34a9525e00,fabsig_gpboost
5ac889ac75733c29001f6516c18b3d27393d604d,fabsig_gpboost
5b00885b60b0b7087b97c89951a1f014088d7dbc,fabsig_gpboost
5bb384fb4ae567cb542d30781c5a84b00b8f5eec,fabsig_gpboost
5c11f3d409634d9a74ad8c774f612a79ff005e9c,fabsig_gpboost
5c62c3cdc94316413d4ac7449b042ce8003eea54,fabsig_gpboost
5c6475e6303121881620ae0c2f844b7de01d046d,fabsig_gpboost
5c7a78d9b6a75c0136a82f97f332860bc0aef50b,fabsig_gpboost
5cb45f4d11159359b7e517865858ffa5ea42392c,fabsig_gpboost
5ccbc0d006501d7dc7c6ef612ff73a01c4cb3d18,fabsig_gpboost
5d31ad68b0ce6754f9738ed9c3c8ccad0bc6ddd2,fabsig_gpboost
5d43b0584041926625999c0ffa6a0e76ac0dbaeb,fabsig_gpboost
5d5ccba9e92cbd16e951e28a283e7b83ee2440f7,fabsig_gpboost
5d9d2d05235b3e59c1364809c5cd4f310305df04,fabsig_gpboost
5da1f379aa4797a1c00bf41eb916938bc5c8bdd8,fabsig_gpboost
5dbb77b6076b713aecfec8bb9e9a8a76f4c1e6f9,fabsig_gpboost
5de166a9adddaf0f737ba11f14968d9e7acb046b,fabsig_gpboost
5de5d638dd468a186d543b1d46477af294f415de,fabsig_gpboost
5e5d05d1bf5bc0627afe8f9ebf7e12aff35ab5d9,fabsig_gpboost
5ea591fad3f41cdae8cb100da408cc3910583ba2,fabsig_gpboost
5f220611757348623556c0bd4c8f3c587565eb5a,fabsig_gpboost
5f2698844d619fe3e249e243a6191a9ecc486ab9,fabsig_gpboost
5f9c17a7542bc2e2c79217aefa6e3bf92b4b9c1a,fabsig_gpboost
5fabb3acd4e8e0cc5442c127de808e4ffc400650,fabsig_gpboost
5fbf3d78c5ad8d1215ef4a2c2999ae1aa2eb781d,fabsig_gpboost
5fc860b7f6c447bae90f33af6dd56d5c6abb42bb,fabsig_gpboost
5fd00268cca0b2e0d919e3916c33089d5d29a64d,fabsig_gpboost
5ff503e703cb8ed6430018aa720c16d2070c0662,fabsig_gpboost
6046bab018236ef5b14faac4a48690e04801d280,fabsig_gpboost
60a2a64513be559e960a69b48c290a89a77df653,fabsig_gpboost
60bad153e2e7cc53e3a5e1192f4ea24966c47599,fabsig_gpboost
60c1ed69304597b61f931ebe951311067da8a92f,fabsig_gpboost
60d51de3ae43a05d4d1fff068e9fd1515990ef6c,fabsig_gpboost
60d7ea76ac1758378bd7ea52dfb7dfed6c814f39,fabsig_gpboost
6105fb8dfe16b625c9ef66a37a8be3e2b8978652,fabsig_gpboost
613581ecbe8ab655e4f7bc7460ff21a18cbdd558,fabsig_gpboost
615ea2623d5755f4d8f06d860f6e03aee0c932df,fabsig_gpboost
618f5ec4d631c238ee7303a28d21f162639eddf3,fabsig_gpboost
6198211109ce4fb34b7055ec564e95a155b42858,fabsig_gpboost
61f4d1d079f9d2313d61b63af2461ba53a2f3d5a,fabsig_gpboost
628ffb1e6cbc268d3b4952886b3afeb3b128c731,fabsig_gpboost
63179694476ca7c1867b45b14452137dc91bb44b,fabsig_gpboost
633a490a4218070f9129f4b3c3c7686aceff416e,fabsig_gpboost
6348bf8ad65d164e22ec40f5322e1f71db5e1efb,fabsig_gpboost
635ccd97b80776876597147f74caee75bb25686e,fabsig_gpboost
6360082a67afea450012adf054f7853da2296ae5,fabsig_gpboost
63a34867c76ce10b9c41969b9073cba3acda62fb,fabsig_gpboost
63b133eae4cff98767b689a8037863cd02f8eebb,fabsig_gpboost
63d4a8763ebfe6117f74626bb74f6983200ee3bb,fabsig_gpboost
63e505746555f885a1a05bbe0555fb37f8d0cd71,fabsig_gpboost
64262478983745668bdacb893bb42ef79ac9f6c3,fabsig_gpboost
64646cfe92dfbe4984616f51cd6ada26f884ec0b,fabsig_gpboost
646f4bbc3e1bb441d5b243ada0ac89d9832a703a,fabsig_gpboost
649399357a36384b593ff5f6658e20d787eb8a2c,fabsig_gpboost
64d51adb76ed8efbf871367debcffbea72dc9060,fabsig_gpboost
64e90abb2ce3dd6961de6a41faf5201f1ac31351,fabsig_gpboost
64ef8a2d7ca395dde09fee30c84265b46b8a226a,fabsig_gpboost
652838ae5ec2f42040f0cabd63a59228df5393b6,fabsig_gpboost
65c209cce4e1c19a972bca91b3dfc204856c4bd0,fabsig_gpboost
663a8f5bcb1cee3bd8bd7da4ee524d3bf5044b16,fabsig_gpboost
664d7b6bf0e5dcb15a73dac38ff6de0dbf28f1e7,fabsig_gpboost
66605497663c8b0c03a88cb6205aab468f9a22f7,fabsig_gpboost
670245672b2ab6ad70673db71808fa0d4708ba48,fabsig_gpboost
6706cc08fd56de55ba7e2e666aac60c8984b5f88,fabsig_gpboost
675956bd3da412a7bb7f1d116755c2b8a8a9a991,fabsig_gpboost
67d56c3c15fd221735cdbfa499c2199bf8bf145c,fabsig_gpboost
67df25e2587056c738e48296ae1779dadccf47a9,fabsig_gpboost
67f08cee0ee722268fcdc9dfb2f061590dd74f3a,fabsig_gpboost
6817c066afec374f8c9688b18615cb2dbceb19fc,fabsig_gpboost
685c2631235afc3f70550ca2ba04730386b22d36,fabsig_gpboost
68a9815ac937c5079d7726bb34de047b0d183919,fabsig_gpboost
68c7b92dee5c5e854e715c9aa897db860d1788b1,fabsig_gpboost
697683662f99c088cbfff74c6d3967cc6da86d9a,fabsig_gpboost
69b380a8958c7fc68e52d1ecf575ca6149091fd6,fabsig_gpboost
6a2c4fae7025b218f0619a75da5b638c1612ea95,fabsig_gpboost
6a2d1200ec51966f9324ba8b749cf0d926ecf5c0,fabsig_gpboost
6a6167028b8fd7c96881a358fe2e7bc3465838ee,fabsig_gpboost
6a783c6f7b860bcb5e5ba99b1a4e6b7a75c3648a,fabsig_gpboost
6a976741f3f9099fc2a40206a960805fc0f9f0d2,fabsig_gpboost
6aa217260c0e7a7536434448e8562e70e6dee1e0,fabsig_gpboost
6aae409f09a520ba12a817e99211b717ee6aa3a0,fabsig_gpboost
6af264d81ca4fb35484607a764cbe4f2a31e5087,fabsig_gpboost
6afbe35764df220ca536bbda91061bbccf5f7275,fabsig_gpboost
6b6cb5f411660ecafcfbe9c6280d7548f9aedf2a,fabsig_gpboost
6bae42f931f456e006f55d03d6bc64d6355c3cb5,fabsig_gpboost
6c024f42196d3937136fabe60d71e83265405ae4,fabsig_gpboost
6c1df04b19a74b1de6c26cd88f907f469dc9bfea,fabsig_gpboost
6c2ab1d807d7529b3d6b9d8ac2e9ddf166bccec2,fabsig_gpboost
6c9bcfccfbe02f1a21547b31d20a57d2a67f136b,fabsig_gpboost
6ca36017abd217e56af5dd9f68d9cc0a0f9db85b,fabsig_gpboost
6cc5ba582b22824c7bd0824e8f320b412991b173,fabsig_gpboost
6d082211c579ed9614fb0d4e91974d0786cb09bb,fabsig_gpboost
6d4b9426ef49f74b51f79d6588368bd84c7fe9b1,fabsig_gpboost
6d5db4e3d4afa392cf5b33b4a7ddb2cb29acdf53,fabsig_gpboost
6dd318d182e31fdf1dfdf5731f10073435ca0ff2,fabsig_gpboost
6e0abaf323d88e2b16ab4d6ba8573cd83eb230fa,fabsig_gpboost
6e3a47440e9f9d796f85bb587ca6b4a9b4c50127,fabsig_gpboost
6e4eb097a7efdd066769cef4f7c6ffe6e522ba9a,fabsig_gpboost
6e7cab12728023e520f8ccc816c27c94e34e6db9,fabsig_gpboost
6ea515f41ae73d95d95d23b70a04b254195ada85,fabsig_gpboost
6f10ced3fdf7ceb9823812a79ca21f32734530d9,fabsig_gpboost
6f38b5db3c3bfc7b3af80706f05c91304242de1e,fabsig_gpboost
6f3b979bc17fd0e6e8dd91f90679cd14bb21e1f1,fabsig_gpboost
6f930e9cd1d7d80ca543f0970071406b98a7bb43,fabsig_gpboost
6fa46181387f87d2666bfcdf5d8e61f7fecf9c0d,fabsig_gpboost
6fcadf35d25fe4ef5ffb332e296aaebc29550242,fabsig_gpboost
6fdbc740b55ad068b24f68f788cbe60ab367e341,fabsig_gpboost
701835fb3ef93feb433ae74542c6067ad4763334,fabsig_gpboost
7019afed0c2c33b22c4463ac31b48754dc24257c,fabsig_gpboost
70328b0ef2717ff1d927c776b249742b45a7d4b5,fabsig_gpboost
708f55b5ac520861030eaac651eb404f7c79d8ce,fabsig_gpboost
716c416773393b8e0db85123beb32ed598682310,fabsig_gpboost
7175dbb519505063f6e74ba9653c91f8599708bc,fabsig_gpboost
71b44aebf19ead1fe4a6d41dc6f38b3ddd49e843,fabsig_gpboost
71bcf356e8f23ebe314ae42eed1330dc2a65cad1,fabsig_gpboost
71cb67007aa387459f3b14e132f8833302aeaca3,fabsig_gpboost
71e842c97e177f18dba3ce77814c82efe8d4a48f,fabsig_gpboost
72134b0846118198f60bfd18aa284cfa38538d8e,fabsig_gpboost
72a60ab44ad6deae81960ee9ca6a3dc12440f29d,fabsig_gpboost
72b928c32856a0d1d29bc211063d25714e8b52b6,fabsig_gpboost
73060d6ab962cf6da6ab0bb531979b44eabdcdd4,fabsig_gpboost
730c18ca2e492212c7b92e98a0e747e5e44b3021,fabsig_gpboost
7376cba8015c700b2b6ec98f00c1e7354d2da8ef,fabsig_gpboost
73971586ae629fda9bf4ed0dd52df8c622c698fc,fabsig_gpboost
73fc94ff4d17b62d833164282672b9bb2fddaca5,fabsig_gpboost
743497ebc55fcf3ad4662015981b2fbbe7881456,fabsig_gpboost
74bae815db0b8eddbaaa39e051b0374f75d29441,fabsig_gpboost
74ea80f09e3e746a1217daf6d88a659f48c10b2f,fabsig_gpboost
7508aa0799277b2fc2b4b1209634c8dfa647178c,fabsig_gpboost
750f7054ae1bcc69c2aa4ce8ca7af09ea6fcc448,fabsig_gpboost
7543387aa9b66d86c1a5b19e2041b756ad5ef36a,fabsig_gpboost
75669a3f0ea76b9e9df081cef63d7071a5b6cdaa,fabsig_gpboost
756c683861caf5b763681e502afc55e95f70059c,fabsig_gpboost
758502e737e27cd4788f3306e7ac6036ff34cf7e,fabsig_gpboost
758cb5052d41a92067284b8cf836b8a10e706be5,fabsig_gpboost
75d96989c087bce433d2a7f8e87f3e37994a4a4a,fabsig_gpboost
75f0405a36839ec2097aac37714bd48aea025aa4,fabsig_gpboost
760ef63e0227c89266eae88cca1afb0580bc443a,fabsig_gpboost
76642dbb00e72bfc3a9ad18954957bd100c5f0dc,fabsig_gpboost
768f9b7f1091e2c2efeee3bd75fc0b91ae27b079,fabsig_gpboost
769f5fe0fa05ce32512f791460f84ad3e2c2c58b,fabsig_gpboost
76c5756b644b4c6ff7f744cf87ae87c25c680915,fabsig_gpboost
772160e80f16c24ca932462750e269a8b50f778b,fabsig_gpboost
772c08c9df803fca01558ec73f7357bc5f7d6678,fabsig_gpboost
7764850adac0424e140384a30a69f05b9bba45a0,fabsig_gpboost
77c77f28630a0a01aedf67a43de9e4b2ccfba525,fabsig_gpboost
77ce92a2338563907165f3ab6bb6b294ac30d0d8,fabsig_gpboost
780adee40f864956ab6f988a735bfbabcfe00982,fabsig_gpboost
786d8be61c5c28da0690e167af636a6d777bf9e1,fabsig_gpboost
7874ef5e03008a9accab583883057b3437e6b952,fabsig_gpboost
788019df379ed6a54130e14a39db554432137dc5,fabsig_gpboost
78b0b2e9ed1f9a48a1a10c57f707ebdb99d26272,fabsig_gpboost
78ff6c227f3bb04f00bb28a43173491f5275f1c3,fabsig_gpboost
794489d08aa7565c1f20a13e1dc4c459877925a7,fabsig_gpboost
79596ae757e7d4d37b55040c055200f8edb2f47b,fabsig_gpboost
798ab1e89a45dd12b59b04398b475b6a32f12ada,fabsig_gpboost
79914fc1c9d232250d8b3f8149f55386e39785a8,fabsig_gpboost
79dd2619fb4e8bab4adf039c3310219e3690ec5d,fabsig_gpboost
7a573dcedfef031b02cb881f9af73b63349a8e61,fabsig_gpboost
7a8f6fec1bcb51d807519e2076f475d3ac062479,fabsig_gpboost
7ab15c509c6291f0a5f14cf17fa1e7bf4f289c38,fabsig_gpboost
7aecb953c5054cd56d5d9142ada43457b4ac91e2,fabsig_gpboost
7b2efbbef4c215083f5c4541ed7b66c53e10bc5f,fabsig_gpboost
7b7de15c1bb451f93ca8095123f22c5398ab8ec5,fabsig_gpboost
7b91e7005d09637f0affd552ff21d4fd3362af5a,fabsig_gpboost
7ba9b4540651da935ee756dcf3b61dd46c541364,fabsig_gpboost
7c4f918e27e3c28cc9c07713b50f3cd27a5c1a37,fabsig_gpboost
7c74ec79eb29194036e4a9aab536e061afa5324b,fabsig_gpboost
7ce27e2497d95b582cf69367ab43c1032858de1a,fabsig_gpboost
7d16a31fe122015da54a9e08a3a36a5406608328,fabsig_gpboost
7d711726b24f4d88ed7d792173f1ebc61dbf01da,fabsig_gpboost
7dcdf3ff01c8101bb22a7a02c98f6bacb20b6af9,fabsig_gpboost
7e4404de40440b4d4f296f409a16595e7b01ee4e,fabsig_gpboost
7ea0054d379ee6992714055bad74ef85ac152101,fabsig_gpboost
7ea444a088784ae390f4345e970f059a3b3117fe,fabsig_gpboost
7ea6114ce6a91a019f651a1993142333ba11ec1e,fabsig_gpboost
7f06ffb933e71dd0199aa5fe7befd2dd5678800a,fabsig_gpboost
7f09b9ef6095d847a21925b4022d774c55359957,fabsig_gpboost
7f6be481d849a97f86db252da3135d897045da6a,fabsig_gpboost
7f8a4ccdc5d4a6aca5c60a2aa83e6996e98ede57,fabsig_gpboost
7fa887c3e2206c62bb85ed8e3165dc2cc20f39af,fabsig_gpboost
7fbef113553adf325cb633c0cac0f1d996fe9429,fabsig_gpboost
8008f7037e7664f597519b0e45000cdc8b2c3983,fabsig_gpboost
80f949af7705b6b87f528e4ab3cb78cd5a5d698b,fabsig_gpboost
80feca45299c7cfd305dcdc08ca92306d2f22bab,fabsig_gpboost
81225cae242f22c8297ad84bbca7fc39227fde7d,fabsig_gpboost
81357054727b146bb3a5970451dbf6bf5e191e79,fabsig_gpboost
817018b82ea60ab155eeaeed648cf44db0acf21f,fabsig_gpboost
81a2ef97f99c4cd3aca09413960b200b95e93075,fabsig_gpboost
821fb073b5b0adcafad7fdb59bd14eb06e26ba1d,fabsig_gpboost
82b9167de302ec4ae7f7c97f2fed78aa0471e670,fabsig_gpboost
82d57f4d2847a7e7280d80e5e589332b63e1090e,fabsig_gpboost
8302c82892687e9ac3bc941085306345cf910cbb,fabsig_gpboost
84184ddf5ca079a2732d2d3c924ffc4020f4000c,fabsig_gpboost
849cbed3a6d62f725af92f5475dbd80fa7721536,fabsig_gpboost
84d7b1d6f0c6379e33e31a90e91382d854dde62d,fabsig_gpboost
84e5eaf8eb578ebef285e18f70091935f3ea8126,fabsig_gpboost
852335ad1f794a202fa116e197e004665e93294b,fabsig_gpboost
8537ab5d26f98da928df9b1b12c0a955eb2889ec,fabsig_gpboost
853f592ca5d0ddfaa47dcdaa8fe7cfc083dce7e6,fabsig_gpboost
8657f6a460f032c29fd672f4e092cadb70c9d841,fabsig_gpboost
86ccd0419caf0f3578849cd77ca55fe7b8cf17e6,fabsig_gpboost
86f3462fad955d931225463a8faa821ca2cb768d,fabsig_gpboost
88dfd13ed05f0922e25dcc7deaa1ade7e4676807,fabsig_gpboost
88e096aec9c2583b36bb9e14acfadf088ab057ab,fabsig_gpboost
896b499b07610a54e38d11d326e2aedf52b967f2,fabsig_gpboost
897fd5ab7a9a488269d38764b073f6ac40440b6c,fabsig_gpboost
8993a3a4b081d9f63dee1efa1986367384b5ea22,fabsig_gpboost
89d372d9066e192cd386b1f0e28d3e926d23c3ef,fabsig_gpboost
8a3de3b7115c4b5cebd14707f83aea021ec452c5,fabsig_gpboost
8a4876c48bb52ec053d6d1dd3989e8c1b3e63e2c,fabsig_gpboost
8a99c83df412f9a56e88b6fa1ce3c0aa165b6e59,fabsig_gpboost
8ac6b8d9f6474033066f985cd17c34e107140650,fabsig_gpboost
8aee2e41e8442dfcfc768d9c68a3c8139b8bb1e5,fabsig_gpboost
8af8156aca9bb1458e1d89728eb82b59f52c8203,fabsig_gpboost
8b387cf922603d38c04cc79ce27f2d090344f1ba,fabsig_gpboost
8b517fa550504008d12c40eb209db0f7f9f6a4f2,fabsig_gpboost
8b77ebe51da89129b47c921da1b8b6cfbd012b0f,fabsig_gpboost
8b920bb1734779a76bc5503dc3a334ca0730f751,fabsig_gpboost
8badc13709efe9ce593ef829d71b0a3f397bcb3f,fabsig_gpboost
8bc5dd2f12d41239c818da94431dc2ffae3186c0,fabsig_gpboost
8c357ac35e5cc620c25ff4094e5036cd81016dde,fabsig_gpboost
8c4301da442b0f1464d06bf8216d1957d1642c72,fabsig_gpboost
8c552eb3186f2d76143d7fe90dfeba440be9ada7,fabsig_gpboost
8d4b7fe15a5ec86e6fc873a142e0b91ba10fcdb2,fabsig_gpboost
8d5fadf771655e4e0e91355d56b8d4afe381b6bb,fabsig_gpboost
8d6687722cfe7bac3adf4f0ea7bd951d5da709a0,fabsig_gpboost
8dda44cd57f1f6abaa635ab1d4ef58f94a0c4e44,fabsig_gpboost
8ddf4d728d543d200d6c78029213e5514b764fe5,fabsig_gpboost
8e0f1d128cae7a18c97bea4c948a769360686a39,fabsig_gpboost
8e12f8581cbc19325bc754d5683f9e39ab9d075f,fabsig_gpboost
8e2aea9f55596c3fa8c4f3293f6200490a2d2131,fabsig_gpboost
8e320ff571465682eb206f9276022b95df3c78b3,fabsig_gpboost
8e4242054067e98326f29932159369808d9dfbe5,fabsig_gpboost
8e93596ff3f4febc9cba7a0772f52b95ff8c7389,fabsig_gpboost
8ec9ec4e1571d1798f5c3ed7fc63a5e9aa23c0bd,fabsig_gpboost
8eef1ad0d99f475013df17a85d26ca6d896bfd92,fabsig_gpboost
8f25a73ed9cbe8ce6c0b55c73939ceb7705bd446,fabsig_gpboost
8faefe2e84791a49a3f5164651b67992103b7398,fabsig_gpboost
8fd7ec89140ac6e9eb106182e5d4fb73066397e1,fabsig_gpboost
90075a70864cd731fcc1c8231e71b8c718e911aa,fabsig_gpboost
9007dd8df1a5fae249c0a514a796e7f83994d022,fabsig_gpboost
90137ec9d0b93db935d1c66138a58bf0ff34fc0f,fabsig_gpboost
9064679c99aa89b9df3591ca295854f01e07d264,fabsig_gpboost
907d3a721cdab14f98d5c033413e430e28a55f5d,fabsig_gpboost
90f34956d8f23ba1e7ba56b9db8fedd019a7b591,fabsig_gpboost
9110427bc4f65d961005397f52ab8da5f8b5c716,fabsig_gpboost
91333a91117354cbfdd55906fdab0ae60e2620ab,fabsig_gpboost
913ee1844c248650a1950a8ae3a97bb82fcc7d9e,fabsig_gpboost
91afc20589aa76119e9044c75689aaf36c4c7877,fabsig_gpboost
91fcd23ee3523a1308a20b80f49a765e9ffbc74a,fabsig_gpboost
9209b2b8e9e92796a6c07fb7095404d452c9df2b,fabsig_gpboost
920b0b75520de438617273cb36126069baf5c6a1,fabsig_gpboost
9249a896f5e192bd6beb99a1ad876f62112305fd,fabsig_gpboost
9272b6ab818f3798b183d7e478507147b11593c1,fabsig_gpboost
92c52f48e762070fd8ad3d9d354aed229d05d08e,fabsig_gpboost
92d2ea8f50e0aabf037ac3ef8aee1b64f99e5ebb,fabsig_gpboost
92e4cd7270ce1f752c7cc76af158ee139c14d5de,fabsig_gpboost
931af6ca5d5170bba75c85ee718d43cf1375845f,fabsig_gpboost
932080565d6b397bc6a361f85f9e1f0778616c80,fabsig_gpboost
935bf1602cefae03aa9ac758453d034c473f0e5d,fabsig_gpboost
94067cf3178f34b052db1cfcd0d56872629700eb,fabsig_gpboost
9468b7d98702911f5695f469638680b303bb0e5f,fabsig_gpboost
946d33989c1288a2a716ac783179a6f4dbda57c2,fabsig_gpboost
949f2fe6edafa3d6ac4289c59b1d9ef2f4107093,fabsig_gpboost
94da69ec3b4fb69feeeb54ab0c7c6e71d92055e3,fabsig_gpboost
94e0c0cc5fd199f3fb0402d6761dde03851da112,fabsig_gpboost
9574f1d92d03b16ae0edcc56925785c14a10f589,fabsig_gpboost
9584768dcacd6de7f6c615bba347745554204274,fabsig_gpboost
95fb547c8f1dec2eeef55d1a0424491313c7f4e2,fabsig_gpboost
9605b2f220e3b3e04488e25fffd98f407b5f6939,fabsig_gpboost
97116db91772d72e5bd423ac8cd43178f952e3fa,fabsig_gpboost
974cbae8b8901f939a3386a65a36a1deed05dc35,fabsig_gpboost
97bdc496c70f3fa504541f82bf878dc3e61fb820,fabsig_gpboost
983b6164e60e7864ab1f8f234cddf9335268c74f,fabsig_gpboost
983f710638a884977fc57b7f4d9e9127fbab99ce,fabsig_gpboost
988f11faba20901cc41616416890bb421beafaf8,fabsig_gpboost
98bf843ca2171e6914f473cb5256935e278a9a53,fabsig_gpboost
991ae60fdc3ab715e48512908539f0a81f39cf66,fabsig_gpboost
9981e7ca6806fdd31455ddf38a98037e7fa5b895,fabsig_gpboost
9987a9cb0c5feeabb0c6703045e687ef3c5ff548,fabsig_gpboost
99b4937b0728e735fe2221a992ddde5b4f6609d0,fabsig_gpboost
99c9fe01dc03887f26aa6d360d7eaebf90b50bb3,fabsig_gpboost
99ddd31fe08caa55aa2dc186b48095c94f8bfe76,fabsig_gpboost
99f47e034cbcc118a537ee8947c1ced373f218e4,fabsig_gpboost
9a5d21b4fd06c221a182ee80918e1b49f04468d3,fabsig_gpboost
9a5e8721a1fbfee3f22555c79ca489cc22db5cfc,fabsig_gpboost
9a90e66b825ef07e5957f2ae6b0a4d9288b59511,fabsig_gpboost
9a95fae24038b19c8b15af9a6981d9439959635a,fabsig_gpboost
9aa1b8541eb3eac3bdca92387560551551fecaa9,fabsig_gpboost
9aae8cb33e229bd22091aeaa2f687daf88f1a1d7,fabsig_gpboost
9ad08c076161dfc067b3282f65f138c72403de49,fabsig_gpboost
9ad8904ba4894c901dea21254e23ae51f55deadb,fabsig_gpboost
9b1b0480e24684e1364f7c28d392def3d0572e7b,fabsig_gpboost
9b1c832acf6273047cc6cbf82f0868a2b961befe,fabsig_gpboost
9b33e59f96534ba49e954b56f345f1137c7f31ed,fabsig_gpboost
9b6c37a29a9b82f39bb9217c4e163e85a8bd4a64,fabsig_gpboost
9b80b3aad4bdbcd3dbbc524d106f8704bb19001d,fabsig_gpboost
9ba90d19c3bd226152aa2d3315d8a3a7e42ac3ee,fabsig_gpboost
9bcfa206a8854e1063c9b1cc4745996939e39f05,fabsig_gpboost
9c6757c492562157f96d0dec29fb0e949b55b329,fabsig_gpboost
9c767800cff287acf803b90a6f4df136d20c5cd6,fabsig_gpboost
9cb686431f52912701f050bc5607e172c6f175f0,fabsig_gpboost
9cf2b965782e69bf3746e41f162646a16819108e,fabsig_gpboost
9d2dda98e8e89c46ba0103d9642c9d7d4ec975f9,fabsig_gpboost
9d31dce565da07b6d93f8c127f1cd9781d19e889,fabsig_gpboost
9d86384968fe5115fe6f9cdb67eb1e406b52fbf3,fabsig_gpboost
9e16129405a85a418ba26e706bc175e24fce1a95,fabsig_gpboost
9e860fa09a32977535cf682730e91517e5fd6904,fabsig_gpboost
9e98002fe30d99a5420cdf023437328a54029cd4,fabsig_gpboost
9e9bc535d51a0208f067bca3b9193d5b905546a3,fabsig_gpboost
9e9c0f35b0b7b8cb21be4e0ab71b4c394efc35bd,fabsig_gpboost
9eaa050bece9e3b852eaeed20aa0f1147145938f,fabsig_gpboost
9eb7c56c27f477353f16455792d7f56064aea40f,fabsig_gpboost
9eca876b0fe808672511f031e38e8e3644188640,fabsig_gpboost
9ecc01c9d16495eebd4176bdbbb6a27211207bb9,fabsig_gpboost
9ed7a4b3ab4bd4eb63aa2d1539194231eeb45ef4,fabsig_gpboost
9edcc8abe6dd4bbb42f6db9e5dcdda90f922d57f,fabsig_gpboost
9ee991efeb16abb00b2adc0163c31ccb30db76a1,fabsig_gpboost
9eedcbb45bab79030acaee771554488d75b242fa,fabsig_gpboost
9fc3a9c3bb2a376f2f6d2fd4afedc10d6a307874,fabsig_gpboost
a051584eda28fcaf6856e6ab4b106c066a76c3a8,fabsig_gpboost
a084a0fc9a22fa3b0c505f1bbe8ad1025235f9af,fabsig_gpboost
a09aa9c292d20322e131bc41a131d57c810328f7,fabsig_gpboost
a09f8adc26c177a63147e98db411a6d27ab67638,fabsig_gpboost
a0a64ba4da78f2b303012f2e372cc964f3d9b5cb,fabsig_gpboost
a0f4fff0f929182b9f96d78d8b8668a0ea39619f,fabsig_gpboost
a14336a28ec14d52001a92d9ba2a580151f6e3fa,fabsig_gpboost
a14dfd5bfe26c00b0f2d2487e4a47ade6db4e45e,fabsig_gpboost
a1b7cc734fd835c70607fbd8a1de0539c6eafd5c,fabsig_gpboost
a1bb3220067b701781e822d2481e37121494e5a1,fabsig_gpboost
a1fe4e32fc396916dc8fdee848d4a744f16789af,fabsig_gpboost
a255d4ec928b4b21631381fb9bb1f7933f76f6ba,fabsig_gpboost
a26935d9d283d200b5429cd8a6246dd371925f4c,fabsig_gpboost
a2754d1dc1e3559acbb47bff07095e8f4c68acc9,fabsig_gpboost
a29fbf0b258971f1203c1a9d88730a90a62b59db,fabsig_gpboost
a2b6da14c9c70c49dbd79a8d98a6a9268970d578,fabsig_gpboost
a2c037d5ab28f89e02428bbee4fe4915bd0a3705,fabsig_gpboost
a2c9abfe9212a9ca9802027fa8edf451e2ac7ad8,fabsig_gpboost
a2eef1133827a3a7ca64cfcce2e592947f7c5c1a,fabsig_gpboost
a36041a94b4e22bcd6f0d13f2ccbc0d4e923816c,fabsig_gpboost
a36cc194d8768b778e5ccec6dfe1f0cf1188ea4f,fabsig_gpboost
a3c7b871dce392851bfd59ce03939b31066828f6,fabsig_gpboost
a3dd781825f40d421d2af4443c1607f93a8e43c8,fabsig_gpboost
a3e5d33f0df2a76580b6f3b093a6b94e67634261,fabsig_gpboost
a4595857e9ad9e6a605c459edb1d1f97213f614e,fabsig_gpboost
a496c957f7f4b2ec358f61becb968c92e44ecdda,fabsig_gpboost
a544d7b52b79fe9998ae214fd82992a97dc112e7,fabsig_gpboost
a55d53182204f8944479d4540365beb3017f12ea,fabsig_gpboost
a5cb1b1eb8da2bf3ad6715bd20ad5a3fdf93efa6,fabsig_gpboost
a6501e4a14645a80fe4aa7645136b47a9928a015,fabsig_gpboost
a67c9e2787e2d911210c8e0b435c089012df539d,fabsig_gpboost
a68a647ced9c83bbe2d4eac0670e3b585e7f7d23,fabsig_gpboost
a6a8e6a553ced1a4ce57d0e4f6d2a677ce8cb498,fabsig_gpboost
a6a9b6ad3ef926ab6016d548dab84c5c386378f4,fabsig_gpboost
a6c731c0de3c406f49f3311c85f93eeeda05e5bd,fabsig_gpboost
a6db4cb0e5724fd38d6e010cb65df4e229c0f45b,fabsig_gpboost
a6e98c6eaceb916deb281f491cf658547fb841f5,fabsig_gpboost
a701183c1d5b069b3e01da9e852b759b488b9eeb,fabsig_gpboost
a71c658830bddf8135e1cefe4f2c23765f81128d,fabsig_gpboost
a7899dc50c188aeebc5f58c6c60158349a865d5b,fabsig_gpboost
a79dd7ce00df0c6e2a1827d5d22bd264afd6c4bc,fabsig_gpboost
a7db31d2b573df23df4089d50ea9815ae0d466c5,fabsig_gpboost
a7e5025c74341b270db0fbf35ce0e0011a21e069,fabsig_gpboost
a8548e46daf01c1417c6aad6b4dee5c3b16384b2,fabsig_gpboost
a86d7fb6cb6120db9f335faa7c70092db24c7920,fabsig_gpboost
a88b9d9a9a6e6342f8784b4b101919adcb756897,fabsig_gpboost
a88f25dada09a06035d2e0d19d515361ad845bea,fabsig_gpboost
a8d0199f0570abc86930863fe2302fcb0b2f88fd,fabsig_gpboost
a8e6180b50f118390c994e6e76eed6410bda3a2c,fabsig_gpboost
a90a469edb8bf5336e118c8da365104ebe7cc8a2,fabsig_gpboost
a92e07370b30e1edf05fd3295cd6cc5397ddea86,fabsig_gpboost
a973104fc8decf7c1be36db3fa76dcb22574b9b4,fabsig_gpboost
a9b32da237fedb2d307c88664e579894af0c4de3,fabsig_gpboost
a9e5aa2b9561a3758f51f939ef1999e6856de7e5,fabsig_gpboost
aabc67a008344ce62fd60965a9901323228bceb1,fabsig_gpboost
aaf2dd347022583f1f472c571213d44e62de9040,fabsig_gpboost
ab2e1d73fbd555ada33db8009e477754719e1eff,fabsig_gpboost
ab49f537c7a995233d3e5611f402bc5b7622e95a,fabsig_gpboost
abe3688d82fb4c998417920d786941e33b84cd6b,fabsig_gpboost
ac027f6a8d1e57ceca32f8c00de4844d304e9e13,fabsig_gpboost
ac3e2acb9ade1cbbb97ac122e27d7d6a8e9bee02,fabsig_gpboost
ac3ea5935eeaed94b97480b6252b9c8033d1f926,fabsig_gpboost
ac555fc324fe26d4ed201301f500908066f79f75,fabsig_gpboost
ace5a7f8af43da5f4ffacdc100a7c3e01cb964fd,fabsig_gpboost
acf5e4e8bb610fa544336f6b4d4b6498b046e786,fabsig_gpboost
ad2200b5034418a4fa8f9625af16990ec5d72e87,fabsig_gpboost
ad3e73b09afc5ef9030e3fff09608c1e7dd177d9,fabsig_gpboost
ad5015e3de0e023a21d31697828c07e1d6d4e1fe,fabsig_gpboost
ad68c132c494ff594838dcb3134bc6c04a3e38ac,fabsig_gpboost
adefca803ca257283cecd85f6be80b3895df3f7c,fabsig_gpboost
ae6331003aa93b06145de956f2b2bfbfb1040da4,fabsig_gpboost
af2de36771033b626802be62ac27dc2de73ee946,fabsig_gpboost
afa114ea7f29723587b16660a8a98b0903f0aa48,fabsig_gpboost
afa6364eb1e3f412be375f8e5eca49f1d62c6b5e,fabsig_gpboost
afa873c5cc45fed5df834e6d8e6639017c6619d5,fabsig_gpboost
afce6753296e1575f41f59ff6b31983b86ca68bc,fabsig_gpboost
afda573098039649cbbb6efcce45a874bab55e60,fabsig_gpboost
b013cb7f3ebf7a10bc8aeefe518cbfa6dbed532e,fabsig_gpboost
b0674a52355eb6d04282ad7bccf292fca494ec77,fabsig_gpboost
b0e3f909b709266b423527d1a8d8b91143b55716,fabsig_gpboost
b0f279dbd49105c67715a63ef349529a6e79119b,fabsig_gpboost
b138f7856f2b483a225d6a858688b54147a3dbb6,fabsig_gpboost
b1473b84483dd7e24409a5a3dfbb4e7b62fdf040,fabsig_gpboost
b1a30c991972eea3c09772df5e5151caef5ecf0d,fabsig_gpboost
b1c6e0bc50d85f6c13aa169832de9b8bf57b2d26,fabsig_gpboost
b215c0baab65ebb5c8af034d330dc5a792629fd9,fabsig_gpboost
b232e42eab1d44f2b4de0706f9063718aba8c721,fabsig_gpboost
b23493f2593667bab83e41fa12f250d39d6cd81e,fabsig_gpboost
b234d190fee53f50713a799ea23cadb71fadc072,fabsig_gpboost
b2b82d06c25f0e9d951805f796b107ab1ade56b7,fabsig_gpboost
b30fde3d5cb291541a58b157c7d1c04cd5633169,fabsig_gpboost
b346831d42913a3c2460e55c5650617d62c1e478,fabsig_gpboost
b3764e66f5a7d1e33a92800f23dba239b0a50d2a,fabsig_gpboost
b38d47e41d1bcab5b863a40bc2094a0b2eae2298,fabsig_gpboost
b3a07c3966cbb5cf60b94178d0c44b11582496b1,fabsig_gpboost
b3c33b42c8284e948918518f58adc571a0984215,fabsig_gpboost
b427524bd0c13dc7990b7d3cdf795b43b4829ddd,fabsig_gpboost
b43cfd1413141f7b657788354f70f02ef5b42789,fabsig_gpboost
b45f206e7044c827fe842eac28b563a1f796ed52,fabsig_gpboost
b4e29b0619dcc790cb2cbe0d4be106471556586a,fabsig_gpboost
b4efe9eb1201d2fcb58f76206d028e5106233293,fabsig_gpboost
b56d69b28d01e60bb72de2c6ca7ca24e7013141e,fabsig_gpboost
b577aec1d4038bee129bd787f94095b838389d77,fabsig_gpboost
b585c52dcfde7c7d7ba7fb046f1dfd3833663241,fabsig_gpboost
b5f7211a39d4afed5187460056ecfbed0c464ce0,fabsig_gpboost
b6344d565a3ef2ce4a65be54a4f32201466ad3a2,fabsig_gpboost
b6736a285a5327fccaadd0da979ba29bf91cd3e8,fabsig_gpboost
b6889403a4036b61b5f73a1c9448f62faf195da7,fabsig_gpboost
b69a2da22763ef260a213f09dda91435b7968a94,fabsig_gpboost
b6d625a5a9c6ea698508144f3a0cd43222234e4b,fabsig_gpboost
b703d664e99e2c1e67b0bbf8fcaafa4436ab7c04,fabsig_gpboost
b757fcfc8a3f6dbb30aa71308b246b1f9d6fbc28,fabsig_gpboost
b759d40199768f21ce6c41261722dc032c7bf651,fabsig_gpboost
b778591080ea26e642ed5855e9f81ed5f5d1ce41,fabsig_gpboost
b7827a2c80481bfbe53c90d2e3c7f29fb76249db,fabsig_gpboost
b7a6821ff3faa521620307bb892c55b062e3ddb8,fabsig_gpboost
b7d98281a630833546d060eee6aa476bd2018057,fabsig_gpboost
b8202f2b12143aefd4e7b97cce72a64d4bad2d99,fabsig_gpboost
b89ff857186a867740fa2e3c0526da250423bf1c,fabsig_gpboost
b8a7b2d8c44888a3ea7715758fc8fe8734e453d2,fabsig_gpboost
b8b0708b22db8714bf3664f85c7a5bb0280bc3fd,fabsig_gpboost
b90b26faf93e845816ee317ec6d606754dd2974c,fabsig_gpboost
b91ef09f96211cdc45a053302a8eff02a25353a0,fabsig_gpboost
b970bb6ffa37ea4313dae1ea6a625b9723062e95,fabsig_gpboost
b9ba8d0e4dc591e3827d34bbc373f22ca4734a5b,fabsig_gpboost
b9f8e02e5c00542f3acf7cff3eadc0bafbdeba29,fabsig_gpboost
bb92503bed31c4aa86f24b8f672463e0f681fbc6,fabsig_gpboost
bbbac4497e3a5a6ffe2b5cab674367e475e1c687,fabsig_gpboost
bc14d02555a9e91ccbabc29cd718d7edea759a25,fabsig_gpboost
bc3a1daf442565e6ae6759af54f88e871413855f,fabsig_gpboost
bc45de8689885c242a0b7ddc756d4c82adf689a8,fabsig_gpboost
bc49aac737c0b6fb2da548471f82806f8a70439a,fabsig_gpboost
bca6875edbf30b244b7e9eff99b2fb63351fcf47,fabsig_gpboost
bca9de9db771c8afdd95f2947a8c2e3750995698,fabsig_gpboost
bcf32192b052cff19992f69d6628f520287f51a0,fabsig_gpboost
bd03a6b2a9485faa660883f3aeaea61db3ad6054,fabsig_gpboost
bd10441ee5f1c9950f1c35c939ceb538dc4fed61,fabsig_gpboost
bd6acd7c074e1dacab94afe608b9cb4fff8a0bb1,fabsig_gpboost
bdf56ab489e8d3d82a8d83903d0fd850ac3f0c0f,fabsig_gpboost
be0229ba92ec0b24b8d7ef5843097c5dbaae9067,fabsig_gpboost
be14ab3479d9402bac4f1135f3c06aea2d87d394,fabsig_gpboost
bf1ce114c71364bf198573770d6880c2fcb723fe,fabsig_gpboost
bf1ed86d4a47350fe413b36bffb9c8046922125f,fabsig_gpboost
bf57e049baf7385cdfe33bb1dfe225ba241e096f,fabsig_gpboost
bf981ac43d8263bd1b19a29b3b339d397ceb656e,fabsig_gpboost
bf9eab773986affeace6e2e36cda6b84f1fef096,fabsig_gpboost
bfa019ab03574c4e5e1e60e94c64c78f38d7ed90,fabsig_gpboost
bfc6fa1302405e72a4807cf246f0086920b12c7a,fabsig_gpboost
c017cde5e799ac43b4b1935d64fc60b79cf2a9a1,fabsig_gpboost
c03595c8a423ae054d4726abdecfa003e9310228,fabsig_gpboost
c0acd795bbe84b8fce359e5da7f5ad5aa63b494e,fabsig_gpboost
c0e52e0645670bd3856982e385178ebbffc51f40,fabsig_gpboost
c10c5482dd0d0c52c1893e48a6f4b3d30fe392da,fabsig_gpboost
c14e827306ae0d5e1f658744b5ce02db7bd5cdb4,fabsig_gpboost
c1830394dc18f61d6b48ad6b6dd32c8f6d1929fb,fabsig_gpboost
c18fbc7d08daafb72111ad633f6adf5bfa5c8504,fabsig_gpboost
c19501fc9feb8601e1552ea0871a5eead86557d8,fabsig_gpboost
c1e43c36333e9946e70cc9280b41f73a0cebb4d9,fabsig_gpboost
c235d9287bd9869f2a4380f111af07b3ce6b5497,fabsig_gpboost
c2454e6363095edad352e4ab0e96c211daa2ec47,fabsig_gpboost
c25a20417eb0c0f6746ed8ef21ab2b4dd289dcc2,fabsig_gpboost
c25aa79eac58faaaa245a824574a99f3c52d2125,fabsig_gpboost
c2b5253bfd0675174852e726c010e40c6ee195e5,fabsig_gpboost
c2c1ceebf500440d2c4c596cc2694e84f857f994,fabsig_gpboost
c2d1c5c1104000d087f8efa2a2e280dac7f057a1,fabsig_gpboost
c2e88fda3978bba34c196cf383d67dbe2011b25d,fabsig_gpboost
c2fb100bdc52c052130d58c9c8a687f6d34e1b13,fabsig_gpboost
c31694d6cd86963d878f9a2d59bc47ccd857414e,fabsig_gpboost
c325e7ba9f7bab90cb3c7805757be0d0a01790e5,fabsig_gpboost
c358790372e62f73536c83c4eb89fb77d61083a1,fabsig_gpboost
c37c4f30066f4fb56f46f7dac3ce4801d6b57061,fabsig_gpboost
c395c79239cda3b040c13fc3d85625469b85a423,fabsig_gpboost
c3aa8f5de80ddf9cdab987ed0fd8d37fc14b6ebe,fabsig_gpboost
c3d6d508198f1b602ec76bb13c8f23520772e2c2,fabsig_gpboost
c478748138c4e71a9da9ce666b2fc8b5482505d8,fabsig_gpboost
c4af8ad6fb34cfce9c464d61fba139f6aeeed82f,fabsig_gpboost
c4c7b658c09f32c7d40050bd721cba71956cb6bd,fabsig_gpboost
c4e925f121e825789e3966280e6486000fd2b983,fabsig_gpboost
c55d7da26b640287a5ef1a80704324c8f2ab1c0d,fabsig_gpboost
c583ddbe1a2a72754691086ab84a3cea7c134009,fabsig_gpboost
c5c886e8dbe60417e8a0deb0a800fe139ebc986d,fabsig_gpboost
c6236c87c04d79e5a35e950156e0c63419874bff,fabsig_gpboost
c67f602eabe1fb930dbd11942f342c68d203a890,fabsig_gpboost
c6957bfe5888cc580628ef6ab3412eaaac57837f,fabsig_gpboost
c697e1ed85f47d54a4596d4a1998eba63e70b990,fabsig_gpboost
c6fedcdf0524b642c197db9f60c5073ebb06a589,fabsig_gpboost
c73141541a17b471123eeb621955c530eba95145,fabsig_gpboost
c76435b423f8314d37dbfa38fb011d6388915620,fabsig_gpboost
c76ad2a68847f0731392ca3ca3a8e9cfb2850164,fabsig_gpboost
c786ac214c206c13a877a922b68ad37d74db9430,fabsig_gpboost
c8636349ce7547bace35d8747a5c12d1837fed3c,fabsig_gpboost
c8a378734482d928f6ace432c3fd6a8e9c5564bb,fabsig_gpboost
c8d4d74955eef1f7576dd407bc69b784f238470d,fabsig_gpboost
c8f3c771593857aa91fd7dcbe54fa29271db4484,fabsig_gpboost
c901f095d29dfb8a3f4a49ea605f561b4e5c3512,fabsig_gpboost
c90eb06aa694fb9638bee854fbc05e5f82a9333a,fabsig_gpboost
c940010021b3eeb159ea78000a19ce9a0c93a587,fabsig_gpboost
c94cf451c4c3fee3c12377b1ea70d4aa6f3bf18c,fabsig_gpboost
c9502419cc49dd39fed33987fffaf51d41244722,fabsig_gpboost
c957be47456542fe891e7bec3d6c0064837806c0,fabsig_gpboost
c97adf98699e28bbf21d8e25f56f52d1477e41f8,fabsig_gpboost
c9c0e8c6b192d75ac4376bd4d9e4f8688bc645b1,fabsig_gpboost
c9dfa6a2323c45e2bfeac76c07295bcf502e9c52,fabsig_gpboost
ca04b1b0af2a9125c6007d4c7e8b28a3a3cea8be,fabsig_gpboost
ca37cec44bff39be99c02fef894c7728a61e8a9d,fabsig_gpboost
ca3d2d2a48837a8e866ea8daa3a81502d82ecaae,fabsig_gpboost
ca5dc088a2b45f256084e9e143e5f50bdca435e9,fabsig_gpboost
ca825421173c6cbd45102b27c30b32214d3843c2,fabsig_gpboost
caadd636c506ed7f10be6e442071f17c8a649de2,fabsig_gpboost
cb20ab71f4cbe37b0350d2f784016c261c141d04,fabsig_gpboost
cb36f7d50ec2fade521e3f854f98f6385a55e2e6,fabsig_gpboost
cb58a7d6888eb11072f076380815ff2af3881325,fabsig_gpboost
cbbf44c2bdd6eaf5e2ac631b0e88760827e41a7e,fabsig_gpboost
cbe970b1c2722b2d1bb90a96cdb89146a760e075,fabsig_gpboost
cc54e30f8b8116b6df34aec7891879fa0e50d29a,fabsig_gpboost
ccddf5c3c1167b49445b1c9248cf5620a9302412,fabsig_gpboost
cd92cb38bdde431bcfacd4108f45dc5196404861,fabsig_gpboost
cd9b9d22d24837e8d4dffa7be4276bedbcb3fdd7,fabsig_gpboost
cdb2d100ed15e7f31044b2fa7f289f447cc49359,fabsig_gpboost
cdc37e05ba9dcb26162bea773ffc361ff10b36dd,fabsig_gpboost
ce0059dcd4d55852b50b93e891beedc9600fb936,fabsig_gpboost
ce4b5ed4a434ee1c40f2ac2e0f94330a56aab9f0,fabsig_gpboost
ce7aa13d512d03701b526f87f8b1079c2899030f,fabsig_gpboost
ce81082deeb17dad833bf31dfe61502e1cc861ab,fabsig_gpboost
ce9cf76b4d9b80a1234994492206068a066ffa2e,fabsig_gpboost
ceb6db1252a62ae3f4d8bf9f408dff3187650903,fabsig_gpboost
cec1dffa124654b2e2a4c73af2f130f06e344db4,fabsig_gpboost
cee440e107c11413b687f447a88a23b8a555c9e8,fabsig_gpboost
cf35f46da868b3f35216ee376497a48e8d7ba726,fabsig_gpboost
cf6fd2094801073cacf72b492c3fca72f0ccc3d5,fabsig_gpboost
cf850ef5aa67b604c2fd85c2362f01ac621753d1,fabsig_gpboost
cfbe36f1e4bdc0f1e61f00eae316531572a09524,fabsig_gpboost
cfd999542e5eedf9ad3f366c860eef1c9628a046,fabsig_gpboost
d024bd931e1ba78b63be254947a7fdb3d261ff52,fabsig_gpboost
d03aa38b8e14e19a5414f92d3eedf11d2085bac3,fabsig_gpboost
d03e62b115631abea32440797b11e5e1b6187554,fabsig_gpboost
d03f89357c7402d218fa18e03c7ab3f88182d818,fabsig_gpboost
d0bcaf830ca5acafe70a1842871dfa06ee959b33,fabsig_gpboost
d0dca9583ee2538cf5dc636743ba81eccf9c64d8,fabsig_gpboost
d0de91b19841c70384319bc975b16237fe7727dd,fabsig_gpboost
d0f03b2425d59322ab727494790ac19ec64545df,fabsig_gpboost
d13a21948426b3ea53d49f255df00f555aedd7b3,fabsig_gpboost
d1a5043305681754fec0df40440ad218c53618be,fabsig_gpboost
d1d3f4d57cbc2290f856f73f40305d9790b3babf,fabsig_gpboost
d1de27fd34ca71f9c91c1c99f53a30fadc3c9f12,fabsig_gpboost
d1fa7148de6f4bad792540164b845d82dbbc8ee5,fabsig_gpboost
d2930ff8d8bcecabf82114d473a750929ff304e0,fabsig_gpboost
d2dfb2b6244f513a4ddf57b64347489b807f385b,fabsig_gpboost
d33291a12e02dd8d046fd31ab3b9a565e2259778,fabsig_gpboost
d35955ccec5bb86924782ec4222c660d8403094e,fabsig_gpboost
d374619055f2b648cb7b5a44cfd15facc339f4fb,fabsig_gpboost
d3f42c71b220e530a094b7b10d3347061a1a8305,fabsig_gpboost
d40d6cd46fe0819e2611ee29933c62de4a0c1265,fabsig_gpboost
d419e461b50791dfd428a86348d9fdd141f42da0,fabsig_gpboost
d437452acbd2ff0d90a467262051ae0f497821f1,fabsig_gpboost
d46f09f3574f3a76344cf29b7df57c587998a3ca,fabsig_gpboost
d4df184196ee355baaaec97a667779b15b06b295,fabsig_gpboost
d4ed1327ebec21d0890f7bdeb37b25dea0ca45ef,fabsig_gpboost
d504cd2b3e1a33a3b630ed61283dc53d5520f3c3,fabsig_gpboost
d54ae8836c0f70958324f342c173f0c388edf173,fabsig_gpboost
d55597220c9fdf2a3cb754cc1b188950a92253ea,fabsig_gpboost
d58d0538778f0d9b8e84f3e5f1a7c38f0faea8fb,fabsig_gpboost
d5fce1026c5df52120f733efbb60c7e0fffc777d,fabsig_gpboost
d6be347773e90d038ff13dc616d6931717c96c1a,fabsig_gpboost
d6f8fb7e2aac1d7ceb6202e5ae9ea874850b7f67,fabsig_gpboost
d74e778621df1293722b32e50dc416b802530a0c,fabsig_gpboost
d7754ae241429a3f7261d7954b41753f4999e191,fabsig_gpboost
d7a3aa50275e6005577f2fae045da7e4ec1daa36,fabsig_gpboost
d7ba7c5fffb90d6fadd19b7798c65a22d62ca21f,fabsig_gpboost
d85bd35c2c17b1919fcf638a819af4c50fc2d89f,fabsig_gpboost
d8fd3a15cca384791b59c3ed9547b76e0122b6f6,fabsig_gpboost
d905119857c13b600c9ca5f9a6a77da2de27edab,fabsig_gpboost
d90708ba409c6855a3aef6c8eba22739f4bc59d5,fabsig_gpboost
d92cac96543de70beac18dc4ba6ced94e54b7dc7,fabsig_gpboost
d93c4fdc7b939cac52f80bc3a7875daf412220f8,fabsig_gpboost
d954fad3ce66304ed62a8dac9e83d989a78c9f66,fabsig_gpboost
d9699c7a7a2df838e39407f98fbbbdae0ef6d7b8,fabsig_gpboost
d96d4e0d11653d3203f302b25716b232986770f7,fabsig_gpboost
da137cc8941afb026b34a9727a7d0d8a0774246a,fabsig_gpboost
da6f5bf679100b479d915e9a90ee08abb8af99b9,fabsig_gpboost
da7e521ddfe06a9f75fbf0250d42f27c30569729,fabsig_gpboost
dafb13d6dc65478e596b53773f46df5b0d0bc972,fabsig_gpboost
db14f26776be69a2d8423102bd2e2dad41e4b67c,fabsig_gpboost
db20e6ebce7fdc832325e21604dc2d52e5e74b52,fabsig_gpboost
db2d64b689e13e05ce801a406f48005cb4b41e10,fabsig_gpboost
db5c183bd64f7a63315e4715a93010c4fe35f2c4,fabsig_gpboost
dbc88bbbca46cf7d4b7d8af1da657077b763caba,fabsig_gpboost
dbf626c061d6ccbf2933826522ece6eec20e3a62,fabsig_gpboost
dc05a4de0f3e867b08a62de66f037df44db22c06,fabsig_gpboost
dc24df82f14f1980d8bc9d4ad3c10a1d7279d835,fabsig_gpboost
dc5a06843f9cde2000f343f2e43731de6d5fe9c4,fabsig_gpboost
dc9b636e657ab583251ab34cf27cbd9b5d727072,fabsig_gpboost
dcbdc48745509edb7907b10e8b32331e7d482477,fabsig_gpboost
dccbac31b378d5d1a6399a45ded540426a4d2cd4,fabsig_gpboost
dd417212eba9efb64fde5f145087e2cd70ccfc75,fabsig_gpboost
dd9429e7e9a327e2e5f98facad33bd923e9da292,fabsig_gpboost
dd9ee7fb62d07337d7a02636ccf2280e2529d545,fabsig_gpboost
ddce6090a8f142cd8db7ceef649f3394a1533255,fabsig_gpboost
de55bf1cefe386e47c36c1e1c0ac22f4bb236e0e,fabsig_gpboost
de704a56063a81c78332c60a89b5e70e76b19e0f,fabsig_gpboost
df0fd3e9bb5c2a91a39d95fc964026bcb594295e,fabsig_gpboost
df309487d6eb0098890799dd490d96bb1a266d03,fabsig_gpboost
dfa537386591768910e4b7b3a2780709358922dc,fabsig_gpboost
dfb166b5361485f56c9db24bb4d7aeab1a7feb6e,fabsig_gpboost
dfcd68917b617809d7f18aebdb7037c4bf2acad9,fabsig_gpboost
e057701635585d909347aa3b9c30d39d230cab19,fabsig_gpboost
e095a7fcd97835bcedb38f70d1544bf85a787617,fabsig_gpboost
e0a91afb4fc33870e6181c89a402609bb73cb191,fabsig_gpboost
e105f796893e7dd6af609d1148db94cfa65001b5,fabsig_gpboost
e117c2e5a8b7a12b6a5ed9ff46f545855936f571,fabsig_gpboost
e13bcdb70c079a82306500e22d8f94c364a3e22d,fabsig_gpboost
e1ab4f73f625d8acb32ac2430492375df5b7f16c,fabsig_gpboost
e1bf4f819fa7fdb79b4b9e669c119dc2a93b63da,fabsig_gpboost
e1e5b925cc7f84af973d6e3a44a3edacbefbb268,fabsig_gpboost
e20bc0777b79475cff754623f06be3e5dcf38d6b,fabsig_gpboost
e24aa00630f8307abe48953628ddb650f034bf34,fabsig_gpboost
e256312b0b55e2a0116c6c83c8facfb9f51d9125,fabsig_gpboost
e2733b0dc1a30f8d76c27b482167518e5a1f0353,fabsig_gpboost
e2bfb4983e70b3f0dcae1a10ea204a24ea32d51e,fabsig_gpboost
e318b24fe0f081011df4cc6209c5aa73a9a81da8,fabsig_gpboost
e31fa998d3c3f11a5c06afd77b7fa031485a2a3c,fabsig_gpboost
e327d91978d83f2873d5ca0d534ca9954520a76f,fabsig_gpboost
e365074c53938addf62645ecfc3d69f23abe7df5,fabsig_gpboost
e3962b3900c68c0eac3d014c07fed2f15f21bc1b,fabsig_gpboost
e398f9d9200034bbf602bf8e10d6ca1bf24ba1b7,fabsig_gpboost
e39fd6096a766e715d6ff8244ca6b72c5da12596,fabsig_gpboost
e3fe0ad72e8857291f0950d341f2465c28a49bbe,fabsig_gpboost
e40522b4de1747bf587afb43de4cafbb75629ed3,fabsig_gpboost
e4215234e65680d67e5dd2dfe808a888041c8803,fabsig_gpboost
e45b236d90fd3bc3e6aa757809d88318220ef7c6,fabsig_gpboost
e48a8d72c1c28636ddb75ed8ad1338ab69c9687e,fabsig_gpboost
e492acf684378125bffae5cbd98bd25bf80fc9d3,fabsig_gpboost
e4e2ef4f5dfc570f8718541f85b4574d0b3022cf,fabsig_gpboost
e50ab2ed4630ff10b019d9817bbd82e7537a6897,fabsig_gpboost
e589175e9fbc14c9d49da6fda73719032df9c5ac,fabsig_gpboost
e5d7a8b35e118598ecedabb98c85f8e9ea9dbc70,fabsig_gpboost
e5fcfa539b43aed033ea2e295643b603c0ad20b8,fabsig_gpboost
e61a6f413d90cf423f8c8931e7e8d63939d0e321,fabsig_gpboost
e6a0d75b4fa20eea29116fa68d448d917b003dd4,fabsig_gpboost
e6a3f3c391a29e6fdf56caeae6319c9f22db6562,fabsig_gpboost
e6b76a079615ea8c78cf253fa68aedae0d32c108,fabsig_gpboost
e73db7c5e51022d2624f0589e016db400f1c3dd8,fabsig_gpboost
e75c138d28e375b514bc8846e76f2c0cbdb74f14,fabsig_gpboost
e783af8fa8167417206dfb8f577f04780a5e9d66,fabsig_gpboost
e7ba9408c8451560de2d56f9f0a2ffc4ddc65408,fabsig_gpboost
e7c1cdc5bdd2ebca007ba06164b76c41ffea14e4,fabsig_gpboost
e7c69ad3c66e87fe9371f2a8b598cd953ad973f7,fabsig_gpboost
e851b91da06b92d6d00f6743268563fa42f07993,fabsig_gpboost
e85f1ffdd95919af2579c9c8e235df0807dfabee,fabsig_gpboost
e861e132c456add5f425ded892344b6f7ad0b2b4,fabsig_gpboost
e88c9d3a3805de9c8739cfeaf48ac43a8e9bf45f,fabsig_gpboost
e8b372efc42cda722a284e86b99d0e76a17db81e,fabsig_gpboost
e952976b869c0c6401bbbe887bfbf9cce77dc2a9,fabsig_gpboost
e969ebd0d4f58228a2a9195ce4bf5e15f8166cce,fabsig_gpboost
e98e7057c2db0303842cc8c7dbcc8bc53f2a0ace,fabsig_gpboost
ea2e915dbeb0a35a2eb1eadcf224406d582f3280,fabsig_gpboost
ea746a038cbdf48cb593a49f3075a363766a3284,fabsig_gpboost
ea8a8bf7fa8e7c500394b99258b7b8a40efbc706,fabsig_gpboost
ea9e31d85dacb76d9dc02f0fa55748747abc7893,fabsig_gpboost
eaa976289df501c3cb8d2209cc7eb3f187433785,fabsig_gpboost
eaede636ce1bf7da5ac0ccd2896f35a9447e2ce1,fabsig_gpboost
eaf3c25ab06d583ddaa07bc5f3b34ad2f5a2e9b0,fabsig_gpboost
eafcb60295c3965d97c783369ad60ebb9c0b33fe,fabsig_gpboost
eb3a208cb10446f6ca69d51314ca3ceba93abe37,fabsig_gpboost
eb50e43542965dce5c77cc47bccb518daaf5d818,fabsig_gpboost
eb7af858a5a6d2415edc836f78fc4874bcfaeaa1,fabsig_gpboost
ebddb01c2aa67d8821e7a7258cf6b1f9d2fa3e90,fabsig_gpboost
ebf51361eb17006eadafecca22191f27e51e54ea,fabsig_gpboost
ec49090798c8e824229fbcc3e2f099e2c41af7f0,fabsig_gpboost
ecc9481568a6a669589c0b7d5abadee4182414d5,fabsig_gpboost
ed123a9de3f8dec2cbd5e328fa0d423040f6cc80,fabsig_gpboost
ed4b5ca5b8083325f2438bd52595cff6a66cd630,fabsig_gpboost
edc444ed33d3c549f4ae47235ad9e13afbbed0b9,fabsig_gpboost
ede6bcb953b6cf677588bd526af1ed36ba4cc2f4,fabsig_gpboost
ee016c1456fbfac20c8e1ecaedb4b9a819963af2,fabsig_gpboost
ee6948fd758ebb772f17e06b4876e4837f7c7a3d,fabsig_gpboost
ee79cdfa6c17c513a999113c53c4344da253f99c,fabsig_gpboost
eeb1564227e9ba634665122bc53976a4dcc0964e,fabsig_gpboost
ef9dc0fdfd89f1fb3552c08de9402ed8a00ff6d1,fabsig_gpboost
efadb4c8d058cfc40a298e8e6cb5dc9d14bcb5ea,fabsig_gpboost
efaf3e02dccf010a8e634d3775786c05c7ec5749,fabsig_gpboost
efb00e059e48229c84f13d063efeb8ac60d7bd1b,fabsig_gpboost
efc1cc058ab13fb8da861e7eccbfeb4f0d00c649,fabsig_gpboost
efd3f236e5c77b50bbcc387172d0a01e71bad2ec,fabsig_gpboost
f097cc85399263b55e63fff49b4c0d5b7e4e56dd,fabsig_gpboost
f10171ba0f704a3829d8311cc366fd769f14757a,fabsig_gpboost
f1814f3c817062e99f60673799f09d86b9476fde,fabsig_gpboost
f199632e3b85954f92e95354d22330d2c6349064,fabsig_gpboost
f1a27a2cdde44a71c6d3d4eea3952771c69ca8fc,fabsig_gpboost
f1c03bb2433bc78205911c719f975c9d77fe4064,fabsig_gpboost
f1d302110ecd515a216eed247a88a4e815789e69,fabsig_gpboost
f1edb23f73fd0b59cd855c0b6104a53dbee631eb,fabsig_gpboost
f238e2d8b95f433a84d86beb1935d0d006c3a4f7,fabsig_gpboost
f26f72c0edae0444c7476b82cc4b63a3df2fe632,fabsig_gpboost
f27f719938aee724a245565b94131cfc4a2ae467,fabsig_gpboost
f2806211dc3229d8f6af3493cce4cd07258ef0d0,fabsig_gpboost
f28a14b677d91eb96316e10cc0bf03e9c3511ab9,fabsig_gpboost
f291db1b927a76829f7242184c06dd5f71c93a64,fabsig_gpboost
f2968e9cd2ec1ba11ec1ea53df3243745f9f2a85,fabsig_gpboost
f2c901c30910fb5fc5a5dd50357498e14f67ac0e,fabsig_gpboost
f3000251d3509353bcf4dfd166277a120bb9b1f1,fabsig_gpboost
f329b5b46fb9851d7cf177315050a8c07b364f5a,fabsig_gpboost
f35d902e629afe7fc3972f4311efc23f6a69ad96,fabsig_gpboost
f3a206cc13387a7b878ffa99c22da41ef0623ec6,fabsig_gpboost
f3c07e66a42293d8b712f3d3debe44d41b0ce7f7,fabsig_gpboost
f3c9c5c601d25634f179f359e4c915c31c8473d5,fabsig_gpboost
f4299cb9d6c4035b0e56935abf95c89875cc8a9b,fabsig_gpboost
f45a450c0ada046e79d8a16fc6468b8a3ed9f79b,fabsig_gpboost
f471676fe77ab5d8db4510ac79850f4ef97e5fa8,fabsig_gpboost
f48e6a2037f3c58c844833c72886cf40253a5ba8,fabsig_gpboost
f50b57a8919c8577c63dbeef508d55b10d311e70,fabsig_gpboost
f5108922049559835a2f6d0bb4e5ebebc42017ba,fabsig_gpboost
f51e1b9c5dd7494c68e869033fc476b7aa42fef2,fabsig_gpboost
f5203f2abbbfafc5179a9f62c7a6368ea706d49a,fabsig_gpboost
f52a2de6f00dc647423f92f904bd070bf046f73b,fabsig_gpboost
f5d3740c75f5342b35fda8972785a0daba047ea2,fabsig_gpboost
f5e0e1ca11b695bfdeb12dc2f206d3480d457ffd,fabsig_gpboost
f63a9c0f54f3de52a2ceee59e0139770de29b479,fabsig_gpboost
f659c48635faf8df4f1c1e5f285163478fefd12b,fabsig_gpboost
f667a69c411412c1021e037c08e9fea616274abd,fabsig_gpboost
f68a4bdc40cde6362e69f5df23a066714db934b8,fabsig_gpboost
f68f1fcfc6689954e399edb4fcfb5f6867969826,fabsig_gpboost
f6a2a8ac0a52f14660a178c733eb5f301036772d,fabsig_gpboost
f6c987605be69eff33777680b226f4cafd4bf222,fabsig_gpboost
f6d41e53a541d05422984d46243d62409c2595c2,fabsig_gpboost
f6d49e5130d6566072a5b29db5fc07677a67f7a8,fabsig_gpboost
f749474cad6d51561c5e20abce61677e1d7adf07,fabsig_gpboost
f758bd69a5b35693f4f71c4dd8b96499e3f5fe63,fabsig_gpboost
f7d0879ca6dc97ea3dde7fd93669a0ab4f4edcd8,fabsig_gpboost
f7e23962a620c6fc0197600e3b40f12732918eef,fabsig_gpboost
f887c68a17ba7d9e21cb0e360e5b6e6ed519ed55,fabsig_gpboost
f89816c38614c6e34f512df54bfee0b367e417f2,fabsig_gpboost
f8e8a017939893529524909d822fcfc0c3d9b3a5,fabsig_gpboost
f9133c19a0c9b1ee939f2c43ddabb15301334928,fabsig_gpboost
f91621ae330b43c971214d0963faf6a1af24597e,fabsig_gpboost
f9501803d2adc869e62fcd50ae71260c6c862f21,fabsig_gpboost
f95f3ee891828510441008cea5d0a1669a710dfd,fabsig_gpboost
f9860d7ee270e3b624041098cf7b147645f43b70,fabsig_gpboost
f9e8eff604f6e30dc2e335d0df955572e74c7f7b,fabsig_gpboost
fa66fb79aab853e8f83ad4b8d38311542e14404d,fabsig_gpboost
fac7a1cdfd66dd21c3da61029c6900aa2e679d9f,fabsig_gpboost
faf0cc785a7f61183517e9c06b9f838a252fab4f,fabsig_gpboost
fb184433d440b3d84689528a99d65fe78c894fd8,fabsig_gpboost
fbb5bd45e3c063edb83c35a10f23be8e59c4292f,fabsig_gpboost
fbfa7b2a64c0706287c1b0211c7c987926860c4d,fabsig_gpboost
fbfff159831515e6342a563e86923d11c30b2347,fabsig_gpboost
fc3056f338c9a392975c46011de9ccb51151aa49,fabsig_gpboost
fc5716b1fe2d1c14109e7b3b3824018e0efc5f2b,fabsig_gpboost
fc769b67e33f219f9aac3dd5a12a916e389dd699,fabsig_gpboost
fd1e7d01d33a1611f947d342649887cf30054bcd,fabsig_gpboost
fd7eaf24c035b2a0705dc0af03f94dcac6a0e078,fabsig_gpboost
fd877ade41a4086c76495753ef22c967ec8bfdb3,fabsig_gpboost
fd90f2500f7fe1a8b26cea8d643d2b31a59d01d1,fabsig_gpboost
fd948d065c8fc19f8571cac93b17191c571135b2,fabsig_gpboost
fdb8df298f2a6203016f34cfd99fae2a4d2f0e15,fabsig_gpboost
fde49d3e4615e006ff70c7bdf76ccbfb0a5eb8b9,fabsig_gpboost
fdf8719ff42178207532061c77841694ca1a5368,fabsig_gpboost
fe2575f45cba2ae4bcaf79285d87878ebb0b770e,fabsig_gpboost
fe67dfaa71d7ff6062fab5a15ae694dfe8c9b975,fabsig_gpboost
fe9eedd2b4ae8c994a18b27a47e435c207c90b09,fabsig_gpboost
fed1d348edf798b7433043eeeca85a262500ba32,fabsig_gpboost
fed78b4e92a19dd803ccb90216d98f2a0bcd0095,fabsig_gpboost
ff080b4449f544cca3a46058c416099ecee2b9a0,fabsig_gpboost
ffad39894833d404e9424123ebe5704e50b4c305,fabsig_gpboost
ffc951b23479c67fc32c761269754bcaed6e30c5,fabsig_gpboost
ffead3cb74f4131b5590b61a85f749a795552e28,fabsig_gpboost
0116de1e435e81ca0b1a48f647103761250b3c42,hzwer_arxiv2020-rife
0119050af0e4b10f8ded870df5a0cb22404bff19,hzwer_arxiv2020-rife
011d30100456717af16b9c82be992c0564f94d53,hzwer_arxiv2020-rife
011d314648b566ac32d64d999b16d5785387600a,hzwer_arxiv2020-rife
0219786a3a3aca99ff3c56a688f5d8a786729a8a,hzwer_arxiv2020-rife
02d288038adb028ecdeec398028b8ecc68dcf944,hzwer_arxiv2020-rife
02e8d34a9603ce40c474d196cce788f917081471,hzwer_arxiv2020-rife
02fc5f6a323de7b3819cf8c6d59aded9cf4b8141,hzwer_arxiv2020-rife
03dd0179a2b1092025ff12817e45c437478c01a4,hzwer_arxiv2020-rife
043339349890ff238d0d379d4c38fae3db12afe8,hzwer_arxiv2020-rife
044a83dbc99f7d248376e6157f620e4e54e0c13f,hzwer_arxiv2020-rife
047c8a67a100980224e34667890f47385a2a7b04,hzwer_arxiv2020-rife
04a6693343e65ddb71808bd611b715e8b2cf9f11,hzwer_arxiv2020-rife
04cd399c116a897b603a83b51db544765ca5c987,hzwer_arxiv2020-rife
04ee220d696d3ac01defcbb8b0e6abca78794986,hzwer_arxiv2020-rife
051fa1c8c01dcd4116c91af8b55db7a3b90a46ab,hzwer_arxiv2020-rife
05a2b48b45124b4ea4c75ca79c2eb5ff0828d3be,hzwer_arxiv2020-rife
06533729ed09e5abe40d4217825c4c2ad8da8746,hzwer_arxiv2020-rife
071fc4d269aeefe8ec739061835c7b2df8e9ba1b,hzwer_arxiv2020-rife
07a2a3f55e661848eb33b06f2d89084cb6579664,hzwer_arxiv2020-rife
080cc93e3427900475a61865125627f9e9810b26,hzwer_arxiv2020-rife
08325744c6a0a5b099b10fd732c14d000046d1ee,hzwer_arxiv2020-rife
083c30800d164aa83d6659a0077d178b8caf71a9,hzwer_arxiv2020-rife
0859d174d3b821bd2f81a2ad0868a76912666883,hzwer_arxiv2020-rife
088beb1e658c4977b0439bf6238b556d85157a52,hzwer_arxiv2020-rife
08d1b1acab9038a36d9ebaf84be8e91f31791b61,hzwer_arxiv2020-rife
095811e1b0b89a49b0f59522d7ce497dfbc17314,hzwer_arxiv2020-rife
09bf9fa9a19b1da4f12e8c00321ee349c0343ba4,hzwer_arxiv2020-rife
0a0c10052bd20de640d9457f88c47399ec296da8,hzwer_arxiv2020-rife
0af40fe76e38b8ffc582feb17de6aa9b1dc8c125,hzwer_arxiv2020-rife
0b5b66c843d5656de68e259fb3b9a604c0aed4c6,hzwer_arxiv2020-rife
0b69650dd7dbc2f62a39cd3bf94027bc447631c4,hzwer_arxiv2020-rife
0b703f64860abab8b35b55a22bebec72dbab5595,hzwer_arxiv2020-rife
0c003b98b43c70b77309a740bba792dee0dbe381,hzwer_arxiv2020-rife
0c1d9abbf4f73cc71e8f823b271fd224c13ebc66,hzwer_arxiv2020-rife
0c63b6588ef2677a239114e4a812451f7a7d6998,hzwer_arxiv2020-rife
0c877a6f467cb67a60981c2817c84172e738bf63,hzwer_arxiv2020-rife
0d33876da2906eea8ea57454a60a3c4ecdc079a6,hzwer_arxiv2020-rife
0d9a6d46af4d557c31a352d1c65652391bb6b1e1,hzwer_arxiv2020-rife
0e11c9577927a7649e9de5387bfba7cde52bbdee,hzwer_arxiv2020-rife
0e241367847a0895748e64c6e1604c94db54d395,hzwer_arxiv2020-rife
0e335ad554d74018bdcc8e1187f31ab62ba0c935,hzwer_arxiv2020-rife
0e54c3c09243dc837350698284e9a0ddc45d95f6,hzwer_arxiv2020-rife
0ecec166199880fa254bf9eae72f65e093f19566,hzwer_arxiv2020-rife
0f0b1ef0c64e0aa0dc5f7429c48aac3ca0c466f4,hzwer_arxiv2020-rife
0f151bd6b8532267fb88d8481986d015930e2128,hzwer_arxiv2020-rife
0f1c2e224480444a2d30ce69b592afccd1a697fc,hzwer_arxiv2020-rife
0f980597a104cbd4907d8cda2ce5aa42c6af87ac,hzwer_arxiv2020-rife
0fab9d941a8835ea3a4d38e1660c7178f4401d4d,hzwer_arxiv2020-rife
0fbf56f48f5eb2161795ddd38253ccca128fc579,hzwer_arxiv2020-rife
1026ae78cacc2f8cdc0c36a2421ed5bbd541c05a,hzwer_arxiv2020-rife
10484b70b912a96999ceea41a25f0c0cf1b070b1,hzwer_arxiv2020-rife
10be8c5857ee07bd128d7518ffdd96899deb2eb0,hzwer_arxiv2020-rife
10e7e19b580673d1c80f8842e2407f8a40907a52,hzwer_arxiv2020-rife
113ee26c0c4a2aa92691c0494378db1cfd778a7f,hzwer_arxiv2020-rife
117f0161928c8fb7cedd38cd8cdd17384b16c474,hzwer_arxiv2020-rife
11e80fb1f752c74d6a52b20628a484bb3d571268,hzwer_arxiv2020-rife
132933b173d07c1b92eb188bd711cec8e256acfe,hzwer_arxiv2020-rife
1366b5835fd3a3e5abe94aeeea1b5f18ea534c0e,hzwer_arxiv2020-rife
1405c81b871111d85d61040b66d213dae87f5aed,hzwer_arxiv2020-rife
1415f009572fe91952f6cbd29dfea06efbfa8aad,hzwer_arxiv2020-rife
141fd179930cc161667a3a49bc255eee3c520395,hzwer_arxiv2020-rife
144207f213c0d780870884ed7bbb89f1ad8f0600,hzwer_arxiv2020-rife
1449678efb3635c8d057aae863041100b818d8d2,hzwer_arxiv2020-rife
1507c31735a56055b96e6d2369b52ce958376843,hzwer_arxiv2020-rife
150c5f20fb74425399971ffd969d9800bce848d3,hzwer_arxiv2020-rife
15502f438e3582ce4eb09348b668e5ee99c0a5d7,hzwer_arxiv2020-rife
15cb7f2389ccd93e8b8946546d4665c9b41541a3,hzwer_arxiv2020-rife
1605cdadd7ea1dc6fa1d6d4118ba6790604a376f,hzwer_arxiv2020-rife
166d10e9a723584a15f27b6b88a5f2f24f1a50d5,hzwer_arxiv2020-rife
168b9d120ef65a25a166623a01b8fee4420da7e0,hzwer_arxiv2020-rife
16ab871fa9f23976c21810c0385a5eb86d47642d,hzwer_arxiv2020-rife
16b43919f28d95bfa5205234163f5d64a116e87e,hzwer_arxiv2020-rife
16e5e8de1a870dff523c6cc537957711d7326da1,hzwer_arxiv2020-rife
16fb514b21b2015001235e3778768922f90dd66d,hzwer_arxiv2020-rife
17672ca0a064146af94eb667a306c21790ad3ff2,hzwer_arxiv2020-rife
1787ad718350e3fc6933521e6ec84e56c138432c,hzwer_arxiv2020-rife
17a44899402ef04338ba47761748dba7120a1d77,hzwer_arxiv2020-rife
17c90fe5300ded44b4c2f1419d2b97dc2fba62d6,hzwer_arxiv2020-rife
17d3b2d737702aaffaa4ffef748213fbc860afdc,hzwer_arxiv2020-rife
17ea72877aace8c0be6e0816bd598fa069bec9d2,hzwer_arxiv2020-rife
18280de601aafaf7672ef5638fc6358181e8c589,hzwer_arxiv2020-rife
183f5014e84ff5fb3f36e42ca546dfc6943a3962,hzwer_arxiv2020-rife
18f4869dad67b9f4a12e6dc4a5e4472711781650,hzwer_arxiv2020-rife
18faefd3dd1f7f39e28e9d08d17fc6758d726522,hzwer_arxiv2020-rife
1912ac9261f8e23101b15d2b04916bf993e4fd16,hzwer_arxiv2020-rife
19201c70d885c0b318a736599d95ffb9bd67fb16,hzwer_arxiv2020-rife
1997e2d9db016eea2c3d17909dcbecab9ea4322d,hzwer_arxiv2020-rife
19b903effb008cefbffaea2c4a0b877beaece6b1,hzwer_arxiv2020-rife
1a21b29145d2d8ac557c22ad1a156c4c4aa39348,hzwer_arxiv2020-rife
1a652ed466aec0da72c02be77af81930fed3331d,hzwer_arxiv2020-rife
1ac3e3875c689b0e88d6f6370253bee998389e62,hzwer_arxiv2020-rife
1ace927965c115cc966bbf24c20164fc2d5fe6b9,hzwer_arxiv2020-rife
1ad0890ebc1b07a3ff4219cb7c52c5f3df14d7cc,hzwer_arxiv2020-rife
1adae8c4b6968cab7695f311570117ec4ffedc87,hzwer_arxiv2020-rife
1b6f5c8fa4a80421570a15432a95b4735a55b654,hzwer_arxiv2020-rife
1b8237dce9687f40947d7ff27b5145f315a2133b,hzwer_arxiv2020-rife
1c02d530b40950c84ec50919591972aceb18c4e3,hzwer_arxiv2020-rife
1c28f14d79559686cc0b78f526267bfa2a7654ba,hzwer_arxiv2020-rife
1c28fbde2d5024a3a66dc27be5ab6ce48178ba98,hzwer_arxiv2020-rife
1c5805885eb844f65e4314d854527a685761b50c,hzwer_arxiv2020-rife
1c66a4522b2777c419e504ad1d0d0e5d394704ae,hzwer_arxiv2020-rife
1cc683d8e278f995fb201ac0aca8c47752ca90db,hzwer_arxiv2020-rife
1d01ef7394fb0e6ed3eb1c575030f951947bd6bc,hzwer_arxiv2020-rife
1dc2dba7d1b564ac6ca5cc8f3a0c37b24b57441d,hzwer_arxiv2020-rife
1dc514b65021b813fd98acd1b36c3eaad1194440,hzwer_arxiv2020-rife
1e0a0b0e51ec141fc58133f7277b07e58557d45f,hzwer_arxiv2020-rife
1e52e05bf72b58356a720f529a959dd316d6ebbf,hzwer_arxiv2020-rife
1ea9b9aefeaa0b4e622d696394ff763b51e80e2c,hzwer_arxiv2020-rife
1ec30bc75a550f7c1b957157c75fa83494456c91,hzwer_arxiv2020-rife
1f6a20fd82f0e6a94cc9da0d91fcd5ecdd99e041,hzwer_arxiv2020-rife
1fc80b162b5e1300f021da58dad38ddcf760413b,hzwer_arxiv2020-rife
2097ef5e2531b0236647791b8f4b1091c2c06c2b,hzwer_arxiv2020-rife
20d6abefb86d17acddbe335b9c9ad57057c6d46c,hzwer_arxiv2020-rife
214410158c0118b198d227e5591c1e27ff185f7d,hzwer_arxiv2020-rife
219453348bf69c3ba5013ddc8a3cc98e6a191152,hzwer_arxiv2020-rife
21a6c26005abd8875c08f3a01c171483e4c89b1c,hzwer_arxiv2020-rife
21f66a8c77b1db3e2eb5dbfeea6ae36ecff4621e,hzwer_arxiv2020-rife
221241f9bfd731d92df20de78bcc02ff2ea4053b,hzwer_arxiv2020-rife
223f20d8bb40ae719118d3300bd81e398a9ee2d5,hzwer_arxiv2020-rife
22478414ee5239076a6c60507da9ca2cdffa4f00,hzwer_arxiv2020-rife
227b10c6e8442c2c316410c13367cb5021bf62ff,hzwer_arxiv2020-rife
22f6372b8aae1cb1a0d50eead39a290527223982,hzwer_arxiv2020-rife
23883f7ab13472da95811f4a153a86c13a7f90ec,hzwer_arxiv2020-rife
24489c43c1da43ca8cfe2cafd5b5c452dddce255,hzwer_arxiv2020-rife
2477b532c438655608b97ff5680b4490c6d3abf3,hzwer_arxiv2020-rife
249a54eb52f488261a7ab04c6eca9ae4f02ac2a9,hzwer_arxiv2020-rife
24c2fd48390ac6766df2fb400bd6b0b13de3b8c2,hzwer_arxiv2020-rife
24e06f647f1cc50b369175ef6692dcf8d7c90d4c,hzwer_arxiv2020-rife
250e3c944caaa58917014d4ade8f076c1644869d,hzwer_arxiv2020-rife
25bf64b596ec97cdec5cfcf253afa02a5638be86,hzwer_arxiv2020-rife
25dff5fb4e0b380ed3680bb361f996551ac1f224,hzwer_arxiv2020-rife
25f889e23274354ea52d32d79cfdb24f43453265,hzwer_arxiv2020-rife
2607a26dd188f10aed1ffd51713bac4be62084dc,hzwer_arxiv2020-rife
262a5ef93558fa883f3b625eaeae59dcff0ddacc,hzwer_arxiv2020-rife
26378496972d1922abefaf585a179fa7a4a84d85,hzwer_arxiv2020-rife
265a8cee5812a23f2ee7ae436d0c6f45be3c63f9,hzwer_arxiv2020-rife
26afc87e58ac2d85cde60ede88a89962c630898c,hzwer_arxiv2020-rife
26bbb8744a6c30f422eaffbe142cf7dd7ab34dd3,hzwer_arxiv2020-rife
271bd0edff96aa72406ecb8c3dc5dd16594c5519,hzwer_arxiv2020-rife
2904d4af5f310f5cc2423eb7ade8523b75d00923,hzwer_arxiv2020-rife
290db034f9c10ee8808f8c215926e7903a5790b9,hzwer_arxiv2020-rife
290f0f735083a79f94e1d9cce7ee35ba066cf135,hzwer_arxiv2020-rife
2929ae14d09430eaa2e8e72e2609efc31048fc68,hzwer_arxiv2020-rife
2939c664fd8e0ae1f5a06dbdead62359c0744d5d,hzwer_arxiv2020-rife
2950aa8b35cc90f1b6f783e377af1b93a92c7059,hzwer_arxiv2020-rife
2986d45294d88546bb03560c5d5cf5fe2d4f95df,hzwer_arxiv2020-rife
2990fb3bc7c39489590f8447a0d7a83d3a2f00af,hzwer_arxiv2020-rife
29d04dea1657c270c372ef269a4be71dde3d42b7,hzwer_arxiv2020-rife
29d4e53d8a15d423a0ad64eb906037e7924fe935,hzwer_arxiv2020-rife
29e6801120024302c0c576aa716062994a3232dd,hzwer_arxiv2020-rife
29f2e57d255ef8bf2c546823b84708b775262bd8,hzwer_arxiv2020-rife
2a1eafe27d5ff12eb31df96e47352fe30c18ac46,hzwer_arxiv2020-rife
2a91cfd0d1b571d0ed6558a1df6e27228f437734,hzwer_arxiv2020-rife
2ad26b1c7efcd5e722312b3fd445dfd42a83af11,hzwer_arxiv2020-rife
2b03cf7ecc78aeaffa0e0b1330620ede312d7d08,hzwer_arxiv2020-rife
2b48735022b347eb6d05c04e7ccb62a3be307bc0,hzwer_arxiv2020-rife
2b79f8937384a9eed8e4cdb4109cce95cf1e2e64,hzwer_arxiv2020-rife
2b8c042154d1967fc667fcff2911b773f0ebf91d,hzwer_arxiv2020-rife
2baab9f22eb5ad89f7af2cda35a4800eb1a02dcd,hzwer_arxiv2020-rife
2bd427e6c1cc3c9684900b7082c702e17a3d9006,hzwer_arxiv2020-rife
2c0e5ec8f3664733dba11ce1b0b38eb6760e56d7,hzwer_arxiv2020-rife
2c89ae94ea667b76482cf69041a643a5e539f08b,hzwer_arxiv2020-rife
2d0383ca4cf6318a27fb9cfd591823b2234f327e,hzwer_arxiv2020-rife
2d09142339aa5aec6d9ac9a505ae58dde94d01f4,hzwer_arxiv2020-rife
2d3f6283a5439fb85316f4a41ca4b6ff71d05c0b,hzwer_arxiv2020-rife
2d4d61f73ba14f278e73da00f87d29d7dd757dd5,hzwer_arxiv2020-rife
2e5182d4cdaefec9771d67a529b40f9193c76ffc,hzwer_arxiv2020-rife
2ebd78997281867526c5cc7930c8cdfce9005a35,hzwer_arxiv2020-rife
2f45f0a5d93ea99a180bcceb8f6791b92f0db5cf,hzwer_arxiv2020-rife
308c047f2f85a73a3698c10b2cb4c52988da8974,hzwer_arxiv2020-rife
30dc2bc0b63b3bf7090227b30f36f271baa3e640,hzwer_arxiv2020-rife
3194107170d6613b2ea924aa35bb57e5913fff44,hzwer_arxiv2020-rife
322f779790367a8513308743543c83270c5b7cb9,hzwer_arxiv2020-rife
324949a0680e443222798c96d830e0e6c6cccfaf,hzwer_arxiv2020-rife
32882d7db7fc2168939f540fc2406ebfef259e50,hzwer_arxiv2020-rife
32f506efa84c9364562e9f3f1067ab9dc9a7e5eb,hzwer_arxiv2020-rife
32fc07f610b397b994dacf62d995a068e010d5ea,hzwer_arxiv2020-rife
335bff589a2af45fd000a6db120f5a70790bd20a,hzwer_arxiv2020-rife
335c4797bd07ee0bb34c4b5f8f7e02d8ec1f809f,hzwer_arxiv2020-rife
337ba2a88e9a3a973eb41964f2477dacb0503e38,hzwer_arxiv2020-rife
339b08318638e8ad381af5988b51ab242a0ae93a,hzwer_arxiv2020-rife
33a9283a74dc1fc780976722a237e63fa9e17b53,hzwer_arxiv2020-rife
33f249c0c1c44da3b6cd1ec416a644a457ecb443,hzwer_arxiv2020-rife
344d8100c09038fc7b69a56930ff60d2dc50f52d,hzwer_arxiv2020-rife
348bcdce72a78a4c2f1da6581a043ec70625942e,hzwer_arxiv2020-rife
34b91a13f2f0348bb84172205ad6a4366f5612d2,hzwer_arxiv2020-rife
3503c4587a0b37ed246832b87309d9405612d76b,hzwer_arxiv2020-rife
35ac422325443c900657925f8fa0626027d8ce78,hzwer_arxiv2020-rife
35e4eaaf502852b2c6251db38f93225d07ab3d2e,hzwer_arxiv2020-rife
36010a778a1715c5743c5983478b8ec006e5a97d,hzwer_arxiv2020-rife
3609ac11bee5d745f85c17c7f397f0c0671ac1eb,hzwer_arxiv2020-rife
3663ef1137916b7c9f7a6cf0ca25ccdda70e40ac,hzwer_arxiv2020-rife
3682b68d6ad0abbec2813cd361e2dde274c78c78,hzwer_arxiv2020-rife
36aa88df30868f1ba7d114e1c5b7feb17e58edd5,hzwer_arxiv2020-rife
36e792db7d47909c47f6b3b96b672bcdf0a41e30,hzwer_arxiv2020-rife
3743503f002079d33b4da59b6986f60f5a43d982,hzwer_arxiv2020-rife
37c634cab831f6275195ab8c49a895f5d3e21b31,hzwer_arxiv2020-rife
37fd38a06475f45ef7306154d27f8c4ae96cf2b4,hzwer_arxiv2020-rife
3804646b6fb9b4c82da5ece8abd296d6efa9afa5,hzwer_arxiv2020-rife
382904d0b78167f6aa4e8125cf820ebe7a9e0c52,hzwer_arxiv2020-rife
382fbc265930830308c63b5114dd8763b0656361,hzwer_arxiv2020-rife
383297c9546af4cf5a98a9c8b5190fe291ecbece,hzwer_arxiv2020-rife
38c080fee5cc5bba8d7f0342249c95c949112c8a,hzwer_arxiv2020-rife
399a675c161ee6ea10c96f9363886accd7118fa5,hzwer_arxiv2020-rife
399c82945d562743410e9bd55bf0d38cb89bce91,hzwer_arxiv2020-rife
39e59da9dfc8dd8e6ea52a94603092cfd220ce01,hzwer_arxiv2020-rife
3ab702b4dc61bf3dd01fb107454774e298289a8e,hzwer_arxiv2020-rife
3ad33792d5347c4780e94e0bc29f85a0e41f9e90,hzwer_arxiv2020-rife
3ba310299dec966578fa3b6efaf474134fc8eebc,hzwer_arxiv2020-rife
3ba3f1ee7b528243229c2a9352098d65c8024f06,hzwer_arxiv2020-rife
3bb74a86e913e16df74ec34600eb6e9a67dd6c75,hzwer_arxiv2020-rife
3bc9a4c4349be68f6278672fea7f296dd82a7ff3,hzwer_arxiv2020-rife
3bdea9fb61bedce52240418f21d14c1be321829d,hzwer_arxiv2020-rife
3c2868525d3638d3c93e6d9fd7c133c198f9e853,hzwer_arxiv2020-rife
3c5669441735a20849c1f09c08ce49d0dfd05af6,hzwer_arxiv2020-rife
3c7988f77ec232722f3dfbfc5e209d888939c1e3,hzwer_arxiv2020-rife
3cf2fbe78d322d00d8edd1d6e1c2804b8d8e0bdf,hzwer_arxiv2020-rife
3cf49a7b33518de69ec4b660a0042fcc27471000,hzwer_arxiv2020-rife
3d47f55ed2e88dda503f9a3c017e79a674729522,hzwer_arxiv2020-rife
3db506e8aa297befcb98dbab0f73abb54392419b,hzwer_arxiv2020-rife
3debf9c43f4a04718ba428d9037764f136eb9923,hzwer_arxiv2020-rife
3e3d32e33d37836fadb208ea3a6d14fa99b549d8,hzwer_arxiv2020-rife
3e42cb58711794a65c77a0a9c091f1f06bfb353c,hzwer_arxiv2020-rife
3e8affc79edabb7add5e0480771a035e8d18d107,hzwer_arxiv2020-rife
3e8b071420b0f30a3e700bc8d90e0848007d6edb,hzwer_arxiv2020-rife
3ed182299c95a1c87f9c6cb340f854315f79ee1d,hzwer_arxiv2020-rife
3f28a36ff4ef35ce1451d54c62721df7be2beb2d,hzwer_arxiv2020-rife
3f4914a2d8f168074e682975064d46a2b2188d7e,hzwer_arxiv2020-rife
402ca2fd7ddc3befb174121f99e988daad1800b7,hzwer_arxiv2020-rife
408589e112a91491cf83c2c473ce08897d7dc2f3,hzwer_arxiv2020-rife
4086f0c7e16b3d29feb8235cc7884b4bd34e26ee,hzwer_arxiv2020-rife
40872efdaaa839eeb0d66f10701bc281ac144ec7,hzwer_arxiv2020-rife
408ba7781ab126f637cb5d31c16747d137f7965c,hzwer_arxiv2020-rife
40e074d55c26e5c0a03419c0232be3bdc6233f9a,hzwer_arxiv2020-rife
40e105177434d8607d066b6160c985fdbbc146ae,hzwer_arxiv2020-rife
413112bb943644c7d5caa591e0dadee932354457,hzwer_arxiv2020-rife
4138e6482e08ad93618cec4892e33b07d2b43efc,hzwer_arxiv2020-rife
41ddfa530fd0f285e7880e35b5f4614767d1b327,hzwer_arxiv2020-rife
421588e9250b3fe5e8c4ad6f6c2bcb95fac28aeb,hzwer_arxiv2020-rife
422d2a908c34052c87ff0e88872a46cb0c1e7f34,hzwer_arxiv2020-rife
42dd187573bb18b924424b51708ff451127311b8,hzwer_arxiv2020-rife
43114ebc75c89a3b068931cee349dda964148a1f,hzwer_arxiv2020-rife
436057b1f025fa77fa1fb8a6944dbecf206f0857,hzwer_arxiv2020-rife
43bbaa95960b0aedb1296173d9aa3397bec9c798,hzwer_arxiv2020-rife
43fbd30831e0d7df8bf1ac06c3ee0d4dcf888af2,hzwer_arxiv2020-rife
445b6aa703e52c1c92d5f34e9c298e86444d0c41,hzwer_arxiv2020-rife
44cb6d53258bdd0abb66925ed16dc79f38442b1d,hzwer_arxiv2020-rife
453930e86a281f07ada260794ecf06220859d740,hzwer_arxiv2020-rife
46c90447f2474ad23c06b6046e708e5e5d931f60,hzwer_arxiv2020-rife
46fee89a85f502e3f21dfa7a65bd10d27ae1b884,hzwer_arxiv2020-rife
47002263168fc8b8af320622152adda8b3e5ece4,hzwer_arxiv2020-rife
472b369a56945325feb4e338e98b010892b1b86a,hzwer_arxiv2020-rife
47450c5fb54855852bc6d6b7961199d57f6aed32,hzwer_arxiv2020-rife
47657de3a9840d41506ccd0780bfe2acdc93a5de,hzwer_arxiv2020-rife
47ed91d22c2f2412e4b6a47c3a7795f7201ac577,hzwer_arxiv2020-rife
47efaddb0252a41d0a82a65be60b7b932400d83e,hzwer_arxiv2020-rife
485776e0b2950179c83e36b090e2f3f429614ac0,hzwer_arxiv2020-rife
485d1a77a0962b5f076f4af6db7a0eef88bbfb7d,hzwer_arxiv2020-rife
4a6ba983c6543a4424b2e82d21e0a1745542c407,hzwer_arxiv2020-rife
4abf60a642f0c87b3414434668f5f2abbf9d7a95,hzwer_arxiv2020-rife
4b10b75a9a688dd5098ff7e3cd375c14b4e7d3ce,hzwer_arxiv2020-rife
4b20e5915a5500648476bc9d5812af12eecc8788,hzwer_arxiv2020-rife
4b5c742e66f3e77544c9bb40d3522f30dba36b02,hzwer_arxiv2020-rife
4b921c898b96db1c0a6402d819ffb688e87319aa,hzwer_arxiv2020-rife
4b93d33eb201bc5ca923f84ce664432b4e6930b2,hzwer_arxiv2020-rife
4ba04082cb1b8cb8caa344e16ae84ce7d43bcf8c,hzwer_arxiv2020-rife
4ba87e21a1008892cab8114740f200e5b70a2da9,hzwer_arxiv2020-rife
4bfe46379e2ba97cda285fffa96a63941b57bd4d,hzwer_arxiv2020-rife
4cfb93bfe31c1af99de898c6bdbb42b4d9dd8952,hzwer_arxiv2020-rife
4d86885867acca87fdd653359e6a9ec0b23c0354,hzwer_arxiv2020-rife
4db11684c6f44fee2f089e073a04709423b499a7,hzwer_arxiv2020-rife
4e18e61a6cac08a69f9f76bde7a97427ec8eb927,hzwer_arxiv2020-rife
4e2123adce7ec6bfc6521604d2d3cb27afca7c52,hzwer_arxiv2020-rife
4ea554ab7a7397a914526ba1c2fcc195ae52edf9,hzwer_arxiv2020-rife
4eef563adeaed01751d38e7330db74359887c5e0,hzwer_arxiv2020-rife
4f14f598a1e44eb249187d09de31959cfdc737e0,hzwer_arxiv2020-rife
4f17d2b3a41d74131db16319a5b24f6f31a806a8,hzwer_arxiv2020-rife
4f7c00f5899190fe44c412d3a40c00feaf718ca3,hzwer_arxiv2020-rife
4f9b86be92d35a70cd95bec40cbab06142533140,hzwer_arxiv2020-rife
4fed755fd096aae6b46a7a5ee435169e08d218c7,hzwer_arxiv2020-rife
504efde0ca65accdbcbf0215e49bf49ccf56b3f0,hzwer_arxiv2020-rife
50db5da5ba845026061104b32ac43032ab4ccd2f,hzwer_arxiv2020-rife
50fe036ed554c86ff7f570fc3b842f683920f482,hzwer_arxiv2020-rife
514fd751ef9bc91a4b44d828e36405507b0ffa79,hzwer_arxiv2020-rife
518b6ae426caeb3e751e58b8ec780e48c31b4caf,hzwer_arxiv2020-rife
51cacac5a1f19142386f6e0512bb913d151cd68f,hzwer_arxiv2020-rife
530938449d2f38e66efe9d6b79d4a282e8cbe405,hzwer_arxiv2020-rife
53968e98ffe2556e2514a567f44ef1aa05e28fc9,hzwer_arxiv2020-rife
53aa6f971170a20eed6480546ba888b6564d6204,hzwer_arxiv2020-rife
53af6b1577cb3bbf6ab26dc157d996477395deb9,hzwer_arxiv2020-rife
53c3d6c7ff42fec588fe0324db7a2bedc4024d42,hzwer_arxiv2020-rife
540e762650edd242bdad5b5e9c4bd96b6716fe3a,hzwer_arxiv2020-rife
5426f9136a0756ac1502371c7af04cf352e434b4,hzwer_arxiv2020-rife
5459510afed25e558fe27bc39dbb17771226eea0,hzwer_arxiv2020-rife
546a691173a689039ebbfca4a9cd5b6b4ca3555a,hzwer_arxiv2020-rife
54be38d366b3c02d3d3aa0febf9c94312b2a2b80,hzwer_arxiv2020-rife
54e72f49e69ee55d4c00e42dfd8704a2150955e7,hzwer_arxiv2020-rife
55174f4b108655ac2149bb907db8525823ece9b8,hzwer_arxiv2020-rife
5522c343c5e506d80ac64b3d4913467783c595d3,hzwer_arxiv2020-rife
555085d21c3062f52a6562f2f34ef64e80b03e1a,hzwer_arxiv2020-rife
556c6ca9907958ba92cf7fa1a924e4b58569a1d2,hzwer_arxiv2020-rife
557566b609bbf36b3133471526adce4d489b34db,hzwer_arxiv2020-rife
5592d62c758119c1497843849628c6fbb30f3d0f,hzwer_arxiv2020-rife
55a5bb85f57883b690b6cd264489c500a2c59501,hzwer_arxiv2020-rife
5631501df41c635297284100035c7b8c3f1ce2b1,hzwer_arxiv2020-rife
5656d9f8e3921556cc4fec6efe7114afe631a863,hzwer_arxiv2020-rife
56d2bb3362edd1cf4ae41cd8a41837310a7fb06b,hzwer_arxiv2020-rife
5741627c068a2ad2c924ca748b9fc2bf542c3865,hzwer_arxiv2020-rife
577e58f8262733a0b5cd9d8e40502987d83e1c85,hzwer_arxiv2020-rife
57c32f265a900d537e4a7299c86b096ea764bdff,hzwer_arxiv2020-rife
5867d97b7fcd0e3633cf118603ce45b89407e1cd,hzwer_arxiv2020-rife
58ba1be01e8d986dd6026253c6584c5fc7cb8d3a,hzwer_arxiv2020-rife
58de6e1b14599572910221063ae9b896c2af499f,hzwer_arxiv2020-rife
58f23dc85a7f573157fa0a5447cee38742353c7e,hzwer_arxiv2020-rife
5a049f47f180fe1d33d9f59fe92e4ef8ca8df55f,hzwer_arxiv2020-rife
5a2c6680ffb2eecf8b0e828bffbbe35c009d1063,hzwer_arxiv2020-rife
5a58d0ea69feb8aa8ff51aab7170e1ce3b7d659c,hzwer_arxiv2020-rife
5ab31380c217137dc379b598d51a034f94f6d7e6,hzwer_arxiv2020-rife
5acf345e3b9c7fb16e3a2d598fa74d146af7f9d3,hzwer_arxiv2020-rife
5ad7c9aca8fdc9f1f394653958a44e385213f7d1,hzwer_arxiv2020-rife
5ae09f2c86323fd7a377478606fb941bbd34f12a,hzwer_arxiv2020-rife
5b1b69b232f65ad81a55308da8fd8e6b91d7770d,hzwer_arxiv2020-rife
5cc634143a87386020fb4638edd1a56afa339867,hzwer_arxiv2020-rife
5d13f121e72fccf080477dc1001d1ad8515280a6,hzwer_arxiv2020-rife
5d1d1db0644ea6282a26f8938c8411c8d0541c45,hzwer_arxiv2020-rife
5d8adbdd40e12c2c8f91930eff838aebe561c086,hzwer_arxiv2020-rife
5da299682034618eb213b27bd84bc83a8713bbc4,hzwer_arxiv2020-rife
5db0b9117f728a19b989953e1da29cfa6209c377,hzwer_arxiv2020-rife
5e0c6ca7363a16879ba811f8dbb839488bd19bc7,hzwer_arxiv2020-rife
5e337b5e8079df11f26e09a075477eef39913a3d,hzwer_arxiv2020-rife
5e6449fb66a4cf82956b60649607e4ad0cb6fc3c,hzwer_arxiv2020-rife
5f47b7122e4b25821bda900030df3f1094ed6482,hzwer_arxiv2020-rife
5f54e36a8576caca898b038ee8b7b81cdabd9bf2,hzwer_arxiv2020-rife
5f5ffb5e8519e18f22d7246a2423d1b63de531b0,hzwer_arxiv2020-rife
5fb77abaeff74c382efa008e853d357a5089693b,hzwer_arxiv2020-rife
603991a8d4041b8c5f83920db88cead7a6e4d382,hzwer_arxiv2020-rife
60b905859ccd261abc97178e1f75a989eb00dfa5,hzwer_arxiv2020-rife
6105d3d7df749dfcd173e7006583c8be7f8e197e,hzwer_arxiv2020-rife
6153d2621e4ad6a0d9c2fc732ef2b6b0baf54595,hzwer_arxiv2020-rife
618ddb30e6850a3dbfd87d3e06cba418d021ce8c,hzwer_arxiv2020-rife
61a48ef61c182e2e61c88f7570cb90429fab6eff,hzwer_arxiv2020-rife
61d56b264d3de9dde81711d23925c039bb9815ef,hzwer_arxiv2020-rife
61dcb3d0d47989b5ab48e10b38bbfa8d0d6b11dd,hzwer_arxiv2020-rife
61f727842fcc9661b451588963649a1d7320f023,hzwer_arxiv2020-rife
62038dff8968e4579dc090e53586ed5d9769d7f7,hzwer_arxiv2020-rife
62368b5e7d5ef56eafb82d516ee9e1532b88eea5,hzwer_arxiv2020-rife
624d21cff8a2b75e7cca6a797e875b042ac69055,hzwer_arxiv2020-rife
62c0d2102c9bd76a33f63d061e2f00352be640cb,hzwer_arxiv2020-rife
62f7a6f8e6f8be471480c4603a539a7c3d86e85c,hzwer_arxiv2020-rife
635c9b0f525ad2fef41618a43bf0e200a716330e,hzwer_arxiv2020-rife
638322e8bfe6daca4439f7b56503fef4b090d34f,hzwer_arxiv2020-rife
63947bc097323c9cf1db2c67e457e84da03a889d,hzwer_arxiv2020-rife
63deb7793eb52e91eaeca5ee386a336d365959f7,hzwer_arxiv2020-rife
640a59cede8f0c379b4534464a1c0d94ee2eb49f,hzwer_arxiv2020-rife
653b543fb7e197df06db498f67d1aa96337f169e,hzwer_arxiv2020-rife
6567a9037bc0c25ed2f1c17537254b718a24af37,hzwer_arxiv2020-rife
65c365adaf6479414ed341a9b143b045e08bdecc,hzwer_arxiv2020-rife
65d1b058d0cbfbb58669c8aeaaec6876a114891e,hzwer_arxiv2020-rife
660ae2dce898340d2486a92a819358fbaae3cf3f,hzwer_arxiv2020-rife
6622450e6adaa8ddb1b1496ef53e564fbf327fa8,hzwer_arxiv2020-rife
66420ec69d89740fdc9cd95aa3be077e049c2c1e,hzwer_arxiv2020-rife
665d118cbd92e84dadb3e2f32a51ec6b6b0e9678,hzwer_arxiv2020-rife
666c8d3558818551c558a7481feb99b86ce83cd8,hzwer_arxiv2020-rife
666f64e1efad03e7441573724aa6a0a331c5c18f,hzwer_arxiv2020-rife
66b8f8456669f3fc3b9c0fe68dc166d2f512942c,hzwer_arxiv2020-rife
66cce3461bde0216b3c18cf4d5664c555fa8a986,hzwer_arxiv2020-rife
6701c8e68aa994c23c66d48201039bfe8353c4fd,hzwer_arxiv2020-rife
672c6b0245c4d2b24305d731bda0ae3e10bd3b4e,hzwer_arxiv2020-rife
675c3c5c68279fe5ef4709b0c9388038cd6b10d0,hzwer_arxiv2020-rife
6793f58c8c391905b8f30356f8295715423b3536,hzwer_arxiv2020-rife
679422249c2af780ae19fe54bde13313e7f1b2d0,hzwer_arxiv2020-rife
679d7c0796a881da8196b44afb587244eb477fc4,hzwer_arxiv2020-rife
680aaec8e664a6329eb887e310aa4e60623e0d9e,hzwer_arxiv2020-rife
68625b7d831adff49f277fd010aa005f9e12bbb5,hzwer_arxiv2020-rife
690314704e17d89221778d995aa7bd4c4adc96b4,hzwer_arxiv2020-rife
693262cda5f09ca242b0c612688e406dba8de8d7,hzwer_arxiv2020-rife
699097d213210dd7e5e85dcfb34b4b35256cbbf5,hzwer_arxiv2020-rife
69bd0fff8d792fa54abbf6ae5fb9fe28fb78c2a2,hzwer_arxiv2020-rife
69efafc6c4e2517ebe03f637e0411fa11322f62f,hzwer_arxiv2020-rife
6b494756c35564685347082d105171b68b0dff78,hzwer_arxiv2020-rife
6c3285329d8c55f525b5213c97ed33af88e8621d,hzwer_arxiv2020-rife
6c5e33ac6a91991292bff6aabf7fa86e30ae5edd,hzwer_arxiv2020-rife
6c97066c6caa1e942ec14fe2bae5566a6802fa0a,hzwer_arxiv2020-rife
6d84a248e4459b37961da751d4fd9fd0287cd717,hzwer_arxiv2020-rife
6d88c4e154e08a6c4c2deb48caee5aea3148f54d,hzwer_arxiv2020-rife
6deeb384a92a80de224d73b22a0d5a5280c24ab6,hzwer_arxiv2020-rife
6e18a30b6a55dac64d720da21782c43c1de7bc5a,hzwer_arxiv2020-rife
6e335b6b1ee30f93c794e010a2e5530dcc4f2dcb,hzwer_arxiv2020-rife
6e337dcb2f93a11157a6269cf0602e4719c8f450,hzwer_arxiv2020-rife
6ff174584737a9aa27cd9654443a8a79c76799c9,hzwer_arxiv2020-rife
7005b64b4301ae6549d9dd38fe9ba68bd9f69960,hzwer_arxiv2020-rife
70183ba64b793b29604dcf437a2a34676f166a1a,hzwer_arxiv2020-rife
70defebcdabc05a072066498b52ad81e77b99844,hzwer_arxiv2020-rife
71269568ccb4adb5c9f132a326cf66c70389144b,hzwer_arxiv2020-rife
7148ca2aff2095d1a89958a57c51862f4b37245f,hzwer_arxiv2020-rife
717c25b4a5fd3195c0c6b8fbb846e7a9338a3d61,hzwer_arxiv2020-rife
71b48aa135013ba85d2aea5e303bf0604bde7b91,hzwer_arxiv2020-rife
71da8d39947bb67ae1e38399266d800cbb56cb77,hzwer_arxiv2020-rife
71de8a8a0820a9bdc118192fd1b823983941e29e,hzwer_arxiv2020-rife
71e24aaf42a470f4330ca3d4dddd4fb53c273162,hzwer_arxiv2020-rife
72f2bea4488bd266de6664dd574b29f72df5acb6,hzwer_arxiv2020-rife
7301ce4f1e97b9dc80d7693b2146a08b5ad9e43e,hzwer_arxiv2020-rife
7385b2f3c6b3678e15477158f41419fe5fb38735,hzwer_arxiv2020-rife
74735a304991714a321b5134ab4fc4b9a580bc0e,hzwer_arxiv2020-rife
74a85b407d1dd70456751cc68e9292b87c960294,hzwer_arxiv2020-rife
74da63d2d4feb81cc078af4cf1ba82d86f60a558,hzwer_arxiv2020-rife
750b7315e1452b37d1e3c60ec44ca31898245947,hzwer_arxiv2020-rife
75f73a8f841acda9d88b21a983a4b7581887969c,hzwer_arxiv2020-rife
76badfbb7883915a12d2b89ea37b1db4618ee2a4,hzwer_arxiv2020-rife
76d7d3b5f6f0b037dd1bf6652095fae8139a0346,hzwer_arxiv2020-rife
77884947007bc29e2b95ca3b0be634f54b5c6b50,hzwer_arxiv2020-rife
77f5581b0d1f9f503f574b79a498cbfa85f0767f,hzwer_arxiv2020-rife
781ea8c9c11c2a0954bb2b80ddfdd1a018b33fe0,hzwer_arxiv2020-rife
7841c359f668b795c087187bba2eb61ea3676880,hzwer_arxiv2020-rife
78e506403a6cf0ff263b3fc3c81c44ee6a6ae3fc,hzwer_arxiv2020-rife
7907d63a97a0c03cd94038c890627c6debfb64f2,hzwer_arxiv2020-rife
7948b22c05c217a576e980c9230152a0023ae425,hzwer_arxiv2020-rife
7957d819fce3850d156e6026a62879ae04b0f196,hzwer_arxiv2020-rife
79ea979418564f2c4a9610db722832936e90171a,hzwer_arxiv2020-rife
79f8179df000ae765052cc7400eeaff6ca6f4a49,hzwer_arxiv2020-rife
7a1cf7bfa565a0b3469812b37d80327bc10dbfcd,hzwer_arxiv2020-rife
7a207277330377b602c56ad3c869e41e3a2ffca6,hzwer_arxiv2020-rife
7aa6c88d5cd370b03290639c7a47de5346189a5e,hzwer_arxiv2020-rife
7af2de3afa6480985edb62cea176612346ba424b,hzwer_arxiv2020-rife
7b4b049e8df9ea704a4532b96e1f77ae819f5fb8,hzwer_arxiv2020-rife
7b897d978d53cfda9fb033f9b47e21ab59b1fe91,hzwer_arxiv2020-rife
7ba45b669e7e2cbab0f4a342063ca23ce3b9a902,hzwer_arxiv2020-rife
7c281222b78fc1952dbd856c90feb8b2f4fe0377,hzwer_arxiv2020-rife
7c7ae5740347e4a6a34de218ef6670a1c02ccaaf,hzwer_arxiv2020-rife
7cbf302b93be577aacfc96204bdbb40c222aaa6f,hzwer_arxiv2020-rife
7cd5d431101e86136839172aeb51573fc3c24892,hzwer_arxiv2020-rife
7d169a9580f323602d1f736e38f874d69393fecc,hzwer_arxiv2020-rife
7d1affb4cbe5b0ddd67deb0d4697c07388628a30,hzwer_arxiv2020-rife
7d472147aa046c968da64d512c094b21906f753e,hzwer_arxiv2020-rife
7d96c525abbec9533f11148a2e19ee9b4ec2ec2b,hzwer_arxiv2020-rife
7deaad1c3ccb3dfada9f19ec221cac100839dd3f,hzwer_arxiv2020-rife
7ea17e61e8ae61524bf55220382a5de9252aa447,hzwer_arxiv2020-rife
7edece6484fb2a0dc8e61095a0ac7fc80ae2cd33,hzwer_arxiv2020-rife
7f74dbb31446020c6b911d1c66286ee78fad6933,hzwer_arxiv2020-rife
7f78048d89edfeb65505a7894b8cdae7488f50fc,hzwer_arxiv2020-rife
7fb9e41a2497a85713a0820f2e92e8c30df2f69b,hzwer_arxiv2020-rife
8150bbb3f5b73bdd854bde26d88775f9bcd6407b,hzwer_arxiv2020-rife
8165ad30efeff6fb1b9bc44e354a3199fcff24d1,hzwer_arxiv2020-rife
824c7436d02d16f2ea8e2c9a411770cf1a958fda,hzwer_arxiv2020-rife
828670970193a7b0665c24e6b339fabd2b0dad8a,hzwer_arxiv2020-rife
82aa6baaf2acfc50f79d7c59866eb7b72f267d4a,hzwer_arxiv2020-rife
82c5e6536e45ecb5b6395d372ab07502d62f8208,hzwer_arxiv2020-rife
82c8e2fe088df2c5d37343d5f1cfad00a3128540,hzwer_arxiv2020-rife
82fdf705ff995f0a85ef2a7d1ff1f814b1378ff1,hzwer_arxiv2020-rife
830128180b37ae5c86d4c3c75b85f8d09c2a7d55,hzwer_arxiv2020-rife
830cdbe3acb1651788f2b45477cab8edbdec6b15,hzwer_arxiv2020-rife
833781d3c2431bfcaef7ff604f3f0ec65859a4e3,hzwer_arxiv2020-rife
834f3634ae7ad620f5ecb57f280726f45ccac609,hzwer_arxiv2020-rife
83d60cbb3feeaee056fe2e73c365174389b6aad3,hzwer_arxiv2020-rife
8466a53bc0034e87ce120bd3d834829069f55134,hzwer_arxiv2020-rife
848b324ea65e7fa5f650b118255b2058bbf50209,hzwer_arxiv2020-rife
84bbb46aeb31c39f1f9e1af7fc51ed39c5d5dac7,hzwer_arxiv2020-rife
84d21900a48a4362ca04a470d3afaac95598ff63,hzwer_arxiv2020-rife
84f92b0a94907a78742c2cd22968bfa14c8ca4f1,hzwer_arxiv2020-rife
85146db104eaf8e961035904d5fbfdb122abf423,hzwer_arxiv2020-rife
852112e47f3a14cf06f02fce95b6338a20c8ead4,hzwer_arxiv2020-rife
856d550d66e73c6f49ca59c249f3ddefd6cf7991,hzwer_arxiv2020-rife
85748c77aa8474b210476d4b7e0146d7d17f9619,hzwer_arxiv2020-rife
857e8b7842e18c6e30a08e1c868eb38baedc391b,hzwer_arxiv2020-rife
85a17da8bb851e436a50b4289082b616f8ffd3f8,hzwer_arxiv2020-rife
85a3eafcb583ced4d75fa612e3af9829b7621543,hzwer_arxiv2020-rife
85f7b1c847749f83d358ebab79df4e8197c2e5dd,hzwer_arxiv2020-rife
86177db95612d2c7ffc0596e44e31650891b6a87,hzwer_arxiv2020-rife
8715002aab4fcf5bfb8e140dbe7b6c2f64d4e073,hzwer_arxiv2020-rife
87d17ccd54c62864458037102de11c2c95d674e4,hzwer_arxiv2020-rife
87ea6ca144e2220c2430af2ca6a445c4f9f548fd,hzwer_arxiv2020-rife
8834a3857a9d658885e5900ade5692681fcf0636,hzwer_arxiv2020-rife
887bd26b8d80c3682df44f7e00f91906bec965f3,hzwer_arxiv2020-rife
88ad189b53e6228e307dc759cbebc5758a6c5bf4,hzwer_arxiv2020-rife
88c08bec0f922edeb1b36599df946deba01ed3b9,hzwer_arxiv2020-rife
88eb4384d46278b0e0d0cb12dc3d11fefce41d61,hzwer_arxiv2020-rife
88f1232d5bb4871952244e8f108d6c385d4d85d0,hzwer_arxiv2020-rife
8936deb55be8f475d1b55a1b48a5198c3147e4aa,hzwer_arxiv2020-rife
897cdd65a70f704b73effb99a585df566f329370,hzwer_arxiv2020-rife
89b250fc86597b637de229475d7fb62607614c48,hzwer_arxiv2020-rife
89f2618c9a18a000db3c0e25cf03e3af296b4f09,hzwer_arxiv2020-rife
8a0b5ed59ddb6558f1cd7afc0ffa04aa8d43129b,hzwer_arxiv2020-rife
8a50718b2aff295dd65b51d119db1c72d3476d6a,hzwer_arxiv2020-rife
8a5f2d91c30e70e9a47de77b04be624e7c71ef21,hzwer_arxiv2020-rife
8a7b9552f3e4bfd2c8d0670c7d54335f965e30b6,hzwer_arxiv2020-rife
8ab4afcbd8dbeb7d2765879f9474edbd46482388,hzwer_arxiv2020-rife
8b47bce740cfe672541d604fb1dd24254e9e81e1,hzwer_arxiv2020-rife
8bdb8bfd38b395c6f63d75b2655d0d3a7782e658,hzwer_arxiv2020-rife
8be7d9f7c1586ae5a5ec51320b6ae1a62683e7e4,hzwer_arxiv2020-rife
8ca09f6e8f802f791fa8452effe3d43edfab6373,hzwer_arxiv2020-rife
8d114a46d9fa211efec091f0bd5299e7e420741f,hzwer_arxiv2020-rife
8d17dc8d14d6459925d18508c1bd94912d52be8b,hzwer_arxiv2020-rife
8d79fc39472688d2c7dac7fcd6ae9aebe5205f11,hzwer_arxiv2020-rife
8d80fe98ff46bf09858f9f245d04bdad1f133a88,hzwer_arxiv2020-rife
8d9158b2d1963c1152e73839a9066ca4742506f4,hzwer_arxiv2020-rife
8e2b564b9787b8b7aa277c4e9758e0b68a780803,hzwer_arxiv2020-rife
8eafe786dc0f538d49a60e5caca76b24e0d85434,hzwer_arxiv2020-rife
8eb95030464876d2ab815ac52ed84a0a2596c33e,hzwer_arxiv2020-rife
8ec5edce84c692c79ed93dac07761197f414d675,hzwer_arxiv2020-rife
8eca89145537f02d3a99cc6070cb4da1ae1388a5,hzwer_arxiv2020-rife
8f1b070ab3435c069b63d175ac66ebc57b47c4c3,hzwer_arxiv2020-rife
8fb04ed5e8e12ba4cb810a22b5b21fbf1803f182,hzwer_arxiv2020-rife
9003b84c891bafd4f2f95f0483bd050b5466f83a,hzwer_arxiv2020-rife
9069a09cc3e9b9b06a4c4937fc2081f14e1199af,hzwer_arxiv2020-rife
90f9069bb1e8542f22d14516a4aae5a98825cae4,hzwer_arxiv2020-rife
9174e1751ba7c64337c6c64cf01cd2369d9cb5f5,hzwer_arxiv2020-rife
91c53a877d8acefe1d83c7af30cf3e03fa9758a6,hzwer_arxiv2020-rife
921c08b6d50c52431948332301b472cb4ab78a64,hzwer_arxiv2020-rife
9239bf4df4cbf2391e331048b4460696d201558b,hzwer_arxiv2020-rife
928d6165e615bb2d51fb4df9bd8b9bdee13c6177,hzwer_arxiv2020-rife
92a4cf0ba5a1bc20dff57a2debe6233bb2b05e44,hzwer_arxiv2020-rife
933c06f300b9605c917c718fb6e1b8d56b697089,hzwer_arxiv2020-rife
939db6d26f515b04620b11c69a7c5782830fffc6,hzwer_arxiv2020-rife
93b0080ce4063873b039d01060339df11e4758f1,hzwer_arxiv2020-rife
93d31ee5e311b189396f0e6a6b9bd2a300a7c44b,hzwer_arxiv2020-rife
93d47fcfced492c917eb3ed9b03ec9d102db84a1,hzwer_arxiv2020-rife
944de60b3215fc15e8829ab7ecfbf4653c09fba8,hzwer_arxiv2020-rife
94f6eb283943b4329f03ccb1568ba2e427ccad2a,hzwer_arxiv2020-rife
952dd92750660e93db00784b5844b1aec8b90c04,hzwer_arxiv2020-rife
953474448bbf1801bd30d434013fdfc9700f3542,hzwer_arxiv2020-rife
953b4bac30c0f60683c57743793ba8ba3ead5436,hzwer_arxiv2020-rife
9560dd273f2524a6905c79709fb93a3d037222d3,hzwer_arxiv2020-rife
9563e941a273818a8f5f3b74cc88af5751ce586c,hzwer_arxiv2020-rife
956f7f8546a3e8e98070073a8f60d7c58ddad59c,hzwer_arxiv2020-rife
95c6fe9766dc2a3f58bd8a3f8b916b089aefbe64,hzwer_arxiv2020-rife
95e975878a0d879fb3628ebcd73d7b9b6341e95c,hzwer_arxiv2020-rife
9609d510c73844b814b0f560ccfce0188d34c878,hzwer_arxiv2020-rife
96e3cb2d8d59805c0a3df593c47e1c4e78a40491,hzwer_arxiv2020-rife
971f9de626e1f3311a4c4bfb12c18d4f70ff88ca,hzwer_arxiv2020-rife
97bd831bcb6ce8956148404e95390296ae179dfa,hzwer_arxiv2020-rife
97db28f31764681a6776415982e1702accbdd115,hzwer_arxiv2020-rife
981ae76ca2023f8213a24568ebfb00c4d0a8a76b,hzwer_arxiv2020-rife
986739f57cdde5cf544389a594a9a7fa0cad171e,hzwer_arxiv2020-rife
986a70dc32a9ea8f1f3286644c510ff489c329bd,hzwer_arxiv2020-rife
98e484f1392302a387fc6af028dcdaa5a1ea6fa2,hzwer_arxiv2020-rife
9910c1f2b75e054d5f5dfc8ab86e028b0483f777,hzwer_arxiv2020-rife
99667c73833e1ef95da6b589ce4aa6c377ab5fde,hzwer_arxiv2020-rife
996b83d4b44c471d0505b70f06eb23cbfe328c01,hzwer_arxiv2020-rife
9a195b79f83a2e634f91369dfc9cb59cdd91fa84,hzwer_arxiv2020-rife
9a83206d3d4a5e71906e03d5b77f98c4a6db4fd9,hzwer_arxiv2020-rife
9aa2027a17b10bf1b94db538d236d62bf509f302,hzwer_arxiv2020-rife
9aafb7d4f62535071dca6073c8366a304a4343bb,hzwer_arxiv2020-rife
9ac61eac5732c14e7d2ca2bf01e328c64752eea7,hzwer_arxiv2020-rife
9adf7e91728cfe79b4ed7270d8fbab22e0b1aac7,hzwer_arxiv2020-rife
9b0ebd20ed449055bc3b495b296beee54295614f,hzwer_arxiv2020-rife
9bca2c27433f09fdc4ab6ef73d80380205adc4b7,hzwer_arxiv2020-rife
9bd013f3f0afd3e8f626328ecb53dbe15f9d8071,hzwer_arxiv2020-rife
9c75be5ce67f3918ecad5ba1cb3a65a06e141fc2,hzwer_arxiv2020-rife
9ca32bb9ff63b19edf231a1d32547d6eaa835ed5,hzwer_arxiv2020-rife
9cc55eacaf3901bda4ce9f9f15a74c6b389d800b,hzwer_arxiv2020-rife
9d7ae930c6010caa7b601ba6e824bacc381d4c55,hzwer_arxiv2020-rife
9dbf0ad608571cc857457e6511c1612b513008c4,hzwer_arxiv2020-rife
9df30cdcf3395941d343d9be13a1628b0040b1c9,hzwer_arxiv2020-rife
9dfb8088799f723db0519959a853dd18390473a4,hzwer_arxiv2020-rife
9e10b63db3e93c3ba02283260cee1f3a698c4b14,hzwer_arxiv2020-rife
9e692ed4f495355fc50a51e72fd853f081191175,hzwer_arxiv2020-rife
9e7857924cefdd706974ac41d6616198d2f55fe3,hzwer_arxiv2020-rife
9ea44e7e7bff45d98db229776e5689699817f2b8,hzwer_arxiv2020-rife
9ec0ae18c635ba7a53c26cbd8bf60527d7a3b910,hzwer_arxiv2020-rife
9ed77bd44ece8fee1720c503bb1cf12fed2d0861,hzwer_arxiv2020-rife
9f2886f6d7a9eb4e241bb5eaf6fed9a1f42d762b,hzwer_arxiv2020-rife
9fb29929f4d568dc4269155fdc5196e382efa295,hzwer_arxiv2020-rife
9ff6017704c5a68641252401de2613b03af28674,hzwer_arxiv2020-rife
a025bc368bbfb7acb0d6221945c4ee16ca824035,hzwer_arxiv2020-rife
a069b504d1b596afde2267a97fbdde5bc8575fc4,hzwer_arxiv2020-rife
a0911be71dd892acf154e80aa68b6be5d976d21d,hzwer_arxiv2020-rife
a141ff374e39ae6b551db5fb3163586774533ddc,hzwer_arxiv2020-rife
a18bb58aa6b4b665cb4ac65b5efc519f99951e4e,hzwer_arxiv2020-rife
a1c3c3d6f28649466783df63f1b41416686a1130,hzwer_arxiv2020-rife
a1ee4bb8f56299dc263a3de493d0f2cc6c1539a7,hzwer_arxiv2020-rife
a21453691f1898879b7c99f38f66bcd5d8ffba34,hzwer_arxiv2020-rife
a21546250addac19ffd5718e136f674f61b7b258,hzwer_arxiv2020-rife
a22c444dd1712c4714460a823b9afaa5029a1039,hzwer_arxiv2020-rife
a27fd674ece5b066fcaf8c5f75dc6471899d5609,hzwer_arxiv2020-rife
a2922f7c8f963584a688706b2ea4f3921888353a,hzwer_arxiv2020-rife
a2bd403993ba7d2a7cd17986ac2a0b6c42ba968d,hzwer_arxiv2020-rife
a2d9078b28a9eb8747ae74af4dab9b07c9c5325e,hzwer_arxiv2020-rife
a38e706442ea06f6a4cfc281b0692be9cc544997,hzwer_arxiv2020-rife
a3a0973d1d95f2b88f5a93b183fa8bece2a41ccd,hzwer_arxiv2020-rife
a3b675d0387eb5626442748c64b6f8ed8d7c1544,hzwer_arxiv2020-rife
a3ba6a19d3847cdc61f9a7a53a49074654294b20,hzwer_arxiv2020-rife
a3c259baf44b8cb70b189ade11ff815358488935,hzwer_arxiv2020-rife
a46091628506acb2d898034a664e7402c74e5a6f,hzwer_arxiv2020-rife
a4d7f7f70e3dbaf89aded8afdc4e5bdb4f0ecaf6,hzwer_arxiv2020-rife
a576f1cfa108a47b826ea53a23c06018dde6f8cf,hzwer_arxiv2020-rife
a5d37e479da0cbbda4237fe4d0e747081f10a3b5,hzwer_arxiv2020-rife
a5f95f8390ccb24e0a31f84de7bb25ff7a8dbffd,hzwer_arxiv2020-rife
a5fa70c7880eaf6a7622df9f10657c5080a20c8f,hzwer_arxiv2020-rife
a5ff58690808c9441770b7bc2dd2fb8f29673c51,hzwer_arxiv2020-rife
a6016539b6acd1ac8e8557bb2512790456a11715,hzwer_arxiv2020-rife
a602f2b16e93d3b682831040eebd78ed11437d86,hzwer_arxiv2020-rife
a64760467c739428920b6af1d5be108386781f7f,hzwer_arxiv2020-rife
a6578fea97cf3378671e475213cd18d86f0ed83b,hzwer_arxiv2020-rife
a6c2e9faf7381e01294dfbdf9423f390d336f24e,hzwer_arxiv2020-rife
a71398423662ad4fb02ddee29ee94a6283e51d6d,hzwer_arxiv2020-rife
a7173b966da074be50f692da1fe4ea821c9982fb,hzwer_arxiv2020-rife
a723fe6723aeec4af7219d31fb99029be400e5cf,hzwer_arxiv2020-rife
a73928eebc3bbb5aaa9ab104b9835fe8105a175f,hzwer_arxiv2020-rife
a7af0fd6c37c581f29ea1329c7db1c2f89180b7f,hzwer_arxiv2020-rife
a826984ae3d41be534258f1320671c00376dfd5e,hzwer_arxiv2020-rife
a8279ef39a25619253d77ac9e9b4bc79b413ad40,hzwer_arxiv2020-rife
a8a5f5b282343ade660f2b8e19e607c27af8d47c,hzwer_arxiv2020-rife
a8e02b89d0095abc88f1cc356d21f2e2d0be4e42,hzwer_arxiv2020-rife
a8e47c56196a79c7d1400692c389f7399427fe57,hzwer_arxiv2020-rife
a93a2336358d4baca774d4d35915997aec9420e3,hzwer_arxiv2020-rife
a94f1bca3031e13e719d56a8507b8a4dd40834da,hzwer_arxiv2020-rife
a95d1caae4f0c22faec47990c6b5f0fe7b6c4dac,hzwer_arxiv2020-rife
a964a03bfaeff5a35b41e2b6e3e6d30349530c14,hzwer_arxiv2020-rife
a9a259b95f3d765a5ffd3f6d045aa555ff41c2fb,hzwer_arxiv2020-rife
a9ed2bac2333efa50eb52b1f121d7c4af05c2395,hzwer_arxiv2020-rife
aa39bb23fb308d4ed594373a37124c819f522fbf,hzwer_arxiv2020-rife
aa9eedcab4b3be8228cb8358a73ba970df269752,hzwer_arxiv2020-rife
ab91f19a499c498e417bc26411368d6f85d52c33,hzwer_arxiv2020-rife
ab99580bd90fa03dfa2df163bd40b6ca9226605d,hzwer_arxiv2020-rife
ababd10843e6c31ad878cd8996912a40591cc6f2,hzwer_arxiv2020-rife
abac5c6dd964f3170b06f234b7df9bf392acd04e,hzwer_arxiv2020-rife
ac1f89067029124dd5a9970e5858cdd97d163d73,hzwer_arxiv2020-rife
ac7bbd2592daab91dd10e9f8b92779535727ddcf,hzwer_arxiv2020-rife
acc43953375317c140ebe10ec63136efd286299d,hzwer_arxiv2020-rife
ace2911acbc30e8f98fb0aa9686a3dc896442ac1,hzwer_arxiv2020-rife
ace323545672bd4ceadb1cb762bb611fd6db1e2c,hzwer_arxiv2020-rife
acf2cffb023ef2bc8579a518549e842acc5783e2,hzwer_arxiv2020-rife
ad245260c6759726f6bb608ac2baf2feb493c098,hzwer_arxiv2020-rife
adc1957ef8214a541ce5feceaf8f4041bbc88c46,hzwer_arxiv2020-rife
adcf82d4c22a647f25da4f31c2ea8fd9377e1516,hzwer_arxiv2020-rife
ae59682e1e9c379d2de01335830229f4b299b0aa,hzwer_arxiv2020-rife
ae64badfbc8e56be1d3a994413dfae120436d8ec,hzwer_arxiv2020-rife
ae6d2dca0f628f13d8afa0ff02c9d3fad81784c8,hzwer_arxiv2020-rife
ae8bdb3a8151fa01903f52f7fb3529b2d42ff753,hzwer_arxiv2020-rife
ae95cbb86030b58c0e994865b296eda169e56512,hzwer_arxiv2020-rife
ae9b1444d21d983ed99ef4f226f9e8938e61e8d6,hzwer_arxiv2020-rife
ae9c5c9a9be540659039e8c83246b50451d04335,hzwer_arxiv2020-rife
aea11629355205697b4e5001cb024027dea5fa3b,hzwer_arxiv2020-rife
af4ea39415e475cb3c3eb52801aa5d5372392f00,hzwer_arxiv2020-rife
af75a0eb52156f3e18e4d26feb53cbb727b4e0ac,hzwer_arxiv2020-rife
afbfe5e333d0d5e8ef69c35a6d8f2f20f73e99c9,hzwer_arxiv2020-rife
afdb532dad1a91b7ffd10ae3ec61ca3f2eee3a25,hzwer_arxiv2020-rife
afe5d1b52f958d21c8b373c2f60d4ae6cd582801,hzwer_arxiv2020-rife
afe83ac8e2e74d9f8a7abc2a146cb4892d334130,hzwer_arxiv2020-rife
b02b6aaa4c15ea06d75f9aecaba6b9cd4a1582d9,hzwer_arxiv2020-rife
b1064e388dd7f8c084e2fdca83a4049fc311b171,hzwer_arxiv2020-rife
b15930e8f97bb93a85acbbcff4fb5c099a7bf8cc,hzwer_arxiv2020-rife
b172e4d5b4d0a0ed145ee45e0e7dbd3d9cecd0b9,hzwer_arxiv2020-rife
b17c6ba426da90129941ac7d6ba3287eef10b6bf,hzwer_arxiv2020-rife
b1a054f84853fd8057591a8ab5acca402d985ba1,hzwer_arxiv2020-rife
b2353cbb525601241582d07207f9492bfaeaf7ae,hzwer_arxiv2020-rife
b2a29f89d8399eb3e8239a2d7a27fc98b0c0e402,hzwer_arxiv2020-rife
b3203c149c546af181a1ea5bd5d31d55b5388fdf,hzwer_arxiv2020-rife
b34e8a8796f5b810b9446c38f8417a145526780d,hzwer_arxiv2020-rife
b37b12fdfa74d25361b5cf1a9e2d300887c49a49,hzwer_arxiv2020-rife
b3d328ea14b7303760a84ee41b060748623b6b68,hzwer_arxiv2020-rife
b3e53300fc07dce52ec1501c7b76f05114be3b18,hzwer_arxiv2020-rife
b432f5b0cdb7b9aa530b1676596c5431e9eda32e,hzwer_arxiv2020-rife
b4655a07dde9476cdc91b258bda6a20bd81ee5b9,hzwer_arxiv2020-rife
b4662df828cee413536f5007df6e2e1bbcab1c7c,hzwer_arxiv2020-rife
b4b985f5091673d4c32c4b2cb12037f52dffcab9,hzwer_arxiv2020-rife
b52ff4ddf898ea3f3679447eeede0c145a9cedbb,hzwer_arxiv2020-rife
b5a2edb04c6ba555dfc35b20212b12451cb40811,hzwer_arxiv2020-rife
b61fc6cd700708f79c7d680dac603c0d3e3bcd40,hzwer_arxiv2020-rife
b64256c13413f36d53bba9486726d160ee50185f,hzwer_arxiv2020-rife
b678f7ea2eb403d7b3ee1f0b488fa5c7e8c84882,hzwer_arxiv2020-rife
b6cb3fe45118dd9a2adeb0f459abd03a853a3e96,hzwer_arxiv2020-rife
b6e57dc21989cd3b78fe41bb87e58ae1b288a742,hzwer_arxiv2020-rife
b76041f1234953226254691495b1b1defdf9eec4,hzwer_arxiv2020-rife
b7b503dc699973d703869a1ba70b7a6f9d480398,hzwer_arxiv2020-rife
b7d45bbc7ceab7df4f18823abf15aa7dfcdc90af,hzwer_arxiv2020-rife
b7e7d88b238184cb4bba9de2df6df2638bba9cfd,hzwer_arxiv2020-rife
b826c65b985c72e89540b5b20ce1201b9deb0d88,hzwer_arxiv2020-rife
b889ae3b79f9bc8ec3c8a990f20c324abd45ba17,hzwer_arxiv2020-rife
b8aaf1d753ab2519f823c883996c12d6da51d1de,hzwer_arxiv2020-rife
b989b4571daedd988231e42daa816bd7be791be9,hzwer_arxiv2020-rife
b992d03eafd13a9937274b5ffb660d0f58a1925a,hzwer_arxiv2020-rife
ba042f4615e77f46a79c47999aedfc915152e688,hzwer_arxiv2020-rife
ba752850f5a1b145128e3590dc6a25e8c267da85,hzwer_arxiv2020-rife
ba7c1af34c140f9038aaf6d9e4bc695b0226d421,hzwer_arxiv2020-rife
ba8556fcf519fb53d509dac3c80a772f6f3c0a7d,hzwer_arxiv2020-rife
baa1e4c8e3277b60e0732e5bcc72c34b2bfbf0bb,hzwer_arxiv2020-rife
baed9fe3f5c77bd03a591f6d7f90d8a869497e7b,hzwer_arxiv2020-rife
bb6d2ca94d2be5bec25bb392b61756a428248b93,hzwer_arxiv2020-rife
bb8de83df5beb236e3f2ba815b60328dcdc9d548,hzwer_arxiv2020-rife
bbc85b1af341faf1664be2e0c3528b09c7ad78c0,hzwer_arxiv2020-rife
bc41e2542a7b43ccebdfa10c9a6345d77a06345e,hzwer_arxiv2020-rife
bc96449fd8f94b39ed20842a97dc5358655a7e9c,hzwer_arxiv2020-rife
bd7ab7d5d7ced568fe5ce1c400d6bc47c49666da,hzwer_arxiv2020-rife
bd99192b8df1e3c7af5c66aa9451cd3f594ff727,hzwer_arxiv2020-rife
bda2829fb45f95ecc3d3b3f804f017ff7b6a9931,hzwer_arxiv2020-rife
bdc69fd095ef042fa2517b19eefb1ad5397f1842,hzwer_arxiv2020-rife
bdd53d855aa69e88ce5e9a4c296f477841666b4d,hzwer_arxiv2020-rife
bdda49d81f9ded62dd84eeac2f2b5e9b191741d4,hzwer_arxiv2020-rife
bddc4688bf5d924d8a95ff9c0b96ab79ea647478,hzwer_arxiv2020-rife
bdfbb1cb972c3939ad47dd2835ee0a1319c41df2,hzwer_arxiv2020-rife
be35d8d8cf6fba59e5ad69ca4d9a9929fc814aae,hzwer_arxiv2020-rife
be79d92d67e0c4f8a14f1bfaa91c62e5bfdd6d09,hzwer_arxiv2020-rife
bea12fe290f3d7d8744ca5b9ef239ee60e87fafe,hzwer_arxiv2020-rife
beeeeb823377655d19631e3027d52dc45c3f38e3,hzwer_arxiv2020-rife
bf17ff06a77ead5ff4c4d4e636e8031f12493f78,hzwer_arxiv2020-rife
bf2addc93414c96aa158d1a7e591dc863f2c43eb,hzwer_arxiv2020-rife
bf790c2ffda92f598ee65ad5022129473a9f129f,hzwer_arxiv2020-rife
bf9cb5f087d6ce7bbb8aa247c17e08ce5aa9ee37,hzwer_arxiv2020-rife
c0f125637fdf6ce5ee7a8151790af5fbace7803a,hzwer_arxiv2020-rife
c1a456dd724b6c77b817b8898a308ae36eb2b0a2,hzwer_arxiv2020-rife
c1cd5a0acf9a81018f5bad1f8e6efcad35c494c4,hzwer_arxiv2020-rife
c1d72aa4ee51720e8f6614982efe16f48411bd31,hzwer_arxiv2020-rife
c25d48de75f6ab3771afe4b185d7314195262371,hzwer_arxiv2020-rife
c28531222d19ec1a9ea6212db17b911d0c9b0225,hzwer_arxiv2020-rife
c304cbf62e17b78cab945fcd159380980638b4d5,hzwer_arxiv2020-rife
c3073bbfcfb21458960475088efe251cc9eae6fd,hzwer_arxiv2020-rife
c328fe5f39edcf763e09fced80ef16e49d012c21,hzwer_arxiv2020-rife
c33bbeea8bf6767ebe7dca86bc262dde2d03c389,hzwer_arxiv2020-rife
c36d51ee7845f8962134eb5d8ee5a9effa54f810,hzwer_arxiv2020-rife
c420daa6a8e9937d85e07578104f32c702988c3e,hzwer_arxiv2020-rife
c435388decb462d77726bd08fb3dd977e90dac3f,hzwer_arxiv2020-rife
c4a1661f6d784fa651215bebb4e8ac86ba5dc810,hzwer_arxiv2020-rife
c4a3f12f8ba8c61f00181c38c3eeefc35319cc17,hzwer_arxiv2020-rife
c4bee5913e1bfc45539e7ffd4a1b319aa7361dcd,hzwer_arxiv2020-rife
c4bfb6b195f859802c0446e3fb4f97f05eeb4436,hzwer_arxiv2020-rife
c515745dc20c72f0095e63df2606cdd5ff9b9752,hzwer_arxiv2020-rife
c55c2a2a1d1702331e056f790b45b8d24e4213ab,hzwer_arxiv2020-rife
c61b4db93c74733cc6478c2026695e3b3ab4ee20,hzwer_arxiv2020-rife
c663bfeaff639497ea57a54ee018834a399a1919,hzwer_arxiv2020-rife
c6d5d702893c850e43db89ec35ca24f06db3c0a8,hzwer_arxiv2020-rife
c6e66ea75770ce1cecc26955d33e952f3bda0e1e,hzwer_arxiv2020-rife
c7c75dc30f07eb533e32eeabd3dbee8447e6f9f0,hzwer_arxiv2020-rife
c7d9843356f66c07c5bb1464b3d4ec6568658fd2,hzwer_arxiv2020-rife
c8822c0e0f3ca5cf6990513551750c99d2202ab9,hzwer_arxiv2020-rife
c8b11a578ca9d901c746473641e686f030facb44,hzwer_arxiv2020-rife
c901bb01d20ae37fddf4732303378c2f82d1957a,hzwer_arxiv2020-rife
c96fbea41910695afacb4ce82070572a765abd51,hzwer_arxiv2020-rife
c9cc96c91a67e6fe2bc4010c9f3f04b0bee681aa,hzwer_arxiv2020-rife
ca06be3cc4f8b081ec32e3991a7c255309a819a1,hzwer_arxiv2020-rife
ca4b0cb6e497a8a590d5421ee78493142e2b2ef9,hzwer_arxiv2020-rife
cac8bb7cc7b5c6853ae7b8c0cf64f3cf57f06471,hzwer_arxiv2020-rife
cb4a4225e110e2522635b25ca552f6d3c80963b1,hzwer_arxiv2020-rife
cb796db4508d205e442f5099b27361188f6694a0,hzwer_arxiv2020-rife
cbc3e3b005d7e42b375ff2be45c2941db339176f,hzwer_arxiv2020-rife
cc612e9d45eb0c792312ecc633b1146b1ef8a536,hzwer_arxiv2020-rife
cc6ec535a720e744ef3b17f50a98ae27886e306d,hzwer_arxiv2020-rife
cc812bf2d9d9309b868ed1ed9ad8e0d36bd2d42b,hzwer_arxiv2020-rife
cc81a175c0a6038c24ebd2c84e92a77f213d4237,hzwer_arxiv2020-rife
cca103f770a07a34e27d6d47be1133ada7f18d45,hzwer_arxiv2020-rife
ccc6ce903ae5b3f24baeed8c564f0b3a90814995,hzwer_arxiv2020-rife
ccdf685f806a183a56b92cde3586955d73f8010c,hzwer_arxiv2020-rife
cd25ba10f48fecd1acdfe4101785dc8ce1c39202,hzwer_arxiv2020-rife
cd5366db61ae8cec1497be0f2d6167117968ab5a,hzwer_arxiv2020-rife
ce1bffc3f4aa3f1c8b8d9b3b551148d8f127f4d9,hzwer_arxiv2020-rife
ce870fd4bef094e8557b26421c905d54ca52144e,hzwer_arxiv2020-rife
cec1f45bfeab50a2cb83e0040f4945249ca68317,hzwer_arxiv2020-rife
cecf30a0aa3d9505a1bd454b4a7f09a3884b0bc2,hzwer_arxiv2020-rife
ced07eb62ee5eaefd8690d4f9543dd5875b85157,hzwer_arxiv2020-rife
cef78d1756b17071978543975fb91ddbfe8478ca,hzwer_arxiv2020-rife
cf06c863963e99f2a43f144b3a8ad4f029a4cf7c,hzwer_arxiv2020-rife
cf104c9b0aade9de44af844dd3bb3cc5edfc2587,hzwer_arxiv2020-rife
cf420669031a0cac7c3c20c6e284be6a73c22ca5,hzwer_arxiv2020-rife
cf7996b4cb2cd9d95d1428d0c239ac70748c9b36,hzwer_arxiv2020-rife
cf8c7177aba09bb9b7363f0b29ccd504ad6c450a,hzwer_arxiv2020-rife
cfa47a5577f2ed5fccd7d1137e686fb2c0b81aff,hzwer_arxiv2020-rife
cfde3bfcfce9aa628f43e04ef671a72e8505b16a,hzwer_arxiv2020-rife
cffb6faf18d195bf41d663eaf30804569838b346,hzwer_arxiv2020-rife
d029cc1f73d7a767f8ce7538b14ee4864f8c13bd,hzwer_arxiv2020-rife
d0a5d1fb16358d2dc681504639521b8e336865b1,hzwer_arxiv2020-rife
d0c8ef01aac206236e721f942306c2294d1fa482,hzwer_arxiv2020-rife
d13c18cc67defaec13aa136b6efefa398e6f1874,hzwer_arxiv2020-rife
d1a0183faa144d4e316b68a2b9d8cd70e8a67183,hzwer_arxiv2020-rife
d1c53c428a39149ab7cce1827c58c5029d349686,hzwer_arxiv2020-rife
d1e7ff85e07dde4bec3646cf343cf4c82838592d,hzwer_arxiv2020-rife
d1eb884a24dd2f7cfd3377738b976364b29f5dda,hzwer_arxiv2020-rife
d223ee2adb03d300bbf386d5b112fce3989e9bca,hzwer_arxiv2020-rife
d2c508d6828f3ac7ee7564cd3d87b668689b71b6,hzwer_arxiv2020-rife
d35cc9458fe6917c6a7dc7ec6af9c71ecf3a509c,hzwer_arxiv2020-rife
d3d9c1bda2f760428b3b7f5741483f1363f06bef,hzwer_arxiv2020-rife
d3f99506b1d2d18ae967cfb6e21a51c88db365d7,hzwer_arxiv2020-rife
d3fee297f4b8900f8981506840fb2dc0bae8d87a,hzwer_arxiv2020-rife
d406d3cc2ced5b6ba737d33a0d593a22c3a487cb,hzwer_arxiv2020-rife
d430234d819b72153ae33a75263134dddf6ab2dc,hzwer_arxiv2020-rife
d4373f2f71e6a6d495db4eb14b449fc230837f3c,hzwer_arxiv2020-rife
d45cdea9b1384f217062bb8e0d64847eef009354,hzwer_arxiv2020-rife
d4c75d3dc697320b0f6003345acca9827a6823b9,hzwer_arxiv2020-rife
d509db79d19d2f9d0b724f448b6791b814cad8b9,hzwer_arxiv2020-rife
d55b92e1bace5fe893f59326bc252888dfc9ed17,hzwer_arxiv2020-rife
d57665025fe8f7bb84e94dfdcc0fc0d06a24bbf9,hzwer_arxiv2020-rife
d5a0ffb7dff691b71e7301ed3487754d0ed06258,hzwer_arxiv2020-rife
d649798a31b81b9a6313e6ae71f277bab8abcce6,hzwer_arxiv2020-rife
d66318d938e3397dd389a88146873f37726ee739,hzwer_arxiv2020-rife
d6a21eac6b1eb23759519d11ec886c9fa033de2b,hzwer_arxiv2020-rife
d6c535cc540bcd490e281a116bf17bb1b001cff2,hzwer_arxiv2020-rife
d6d800e363868111b7bed5167f4ef3c72d7d6f8c,hzwer_arxiv2020-rife
d6dcdc7745f792f571ee2b44038f011f413e4031,hzwer_arxiv2020-rife
d76b125c9b789591ee7c093a09270b8f110989f6,hzwer_arxiv2020-rife
d7a0f843e3df34e88f2f66d5bdc59910bcdd6880,hzwer_arxiv2020-rife
d8a7543a7bdeb51a3d3f01734143dc4eb50b85ab,hzwer_arxiv2020-rife
d8af241d91d05f26ae4fa9e61fad4bc1cd70c320,hzwer_arxiv2020-rife
d8e68aebb37b86ab3d1e7d747205e458b8dd1653,hzwer_arxiv2020-rife
d8ff18c3f8857839f4ba181dc141bc1efb7dabe0,hzwer_arxiv2020-rife
d98d0fc898f94dbe83137996010425e6599cd04d,hzwer_arxiv2020-rife
d9b3e50ea23d50d1c55672a1a233a97c2ab7aa31,hzwer_arxiv2020-rife
d9bfcb2e7799e2739e7e859522b3820cb24a713e,hzwer_arxiv2020-rife
d9e20585a6f752f7261deba2bd53d08deee6ab05,hzwer_arxiv2020-rife
da21de1c813ab1c91de091026706429f3cd89424,hzwer_arxiv2020-rife
da5843dda45cf1da722f5d2db03aa88a358ec5b4,hzwer_arxiv2020-rife
db3f26e4135016492a364f32ed702871f7a30c3c,hzwer_arxiv2020-rife
db998cfd27a72572a0cca36f0f877c114f842f3d,hzwer_arxiv2020-rife
db9c4b04821b829e2f468c8161099bfbefaa01f2,hzwer_arxiv2020-rife
dbfaed496145582a3ce80acb5b61db762c729313,hzwer_arxiv2020-rife
dc2673db087a1dd3e636c9308e93141806b9aa8a,hzwer_arxiv2020-rife
dc3112d51e6b850f0636d6bbda6d68fb024ef012,hzwer_arxiv2020-rife
dc6272f2201fdbab9286d65a618c9fe6f0650a92,hzwer_arxiv2020-rife
dc6a396673d8b3b83dfbb271ad2cddc4cb7d5caf,hzwer_arxiv2020-rife
dcf8fa9810928f910bea12c02a3d056592c572a5,hzwer_arxiv2020-rife
dd21a4bc9f1c14d1d5a676042fd7184dae2f0a0b,hzwer_arxiv2020-rife
dd4cec8682bed88b6153c3a3bd5a4376b206434f,hzwer_arxiv2020-rife
dd941f3ae6f5f6ce7cd975fe058328f3682712a6,hzwer_arxiv2020-rife
de15b7c258f2e7a67c469b0ee82ebdebae061e9d,hzwer_arxiv2020-rife
de2e86f1e029b7a8401bbba54fea721aaa04b26d,hzwer_arxiv2020-rife
de82b79581a4c9ff372b6cef0225932c32041377,hzwer_arxiv2020-rife
de90bff167f4cefafb70baf6b40c46599842d2ca,hzwer_arxiv2020-rife
de92bf2f9234dfd6676828bf74592266b36b63bd,hzwer_arxiv2020-rife
dfd713790b18a55d55e249be1fd7032a63a92357,hzwer_arxiv2020-rife
dfdba00b9a1bc04e31a6e47cd453ea22ce90a9b6,hzwer_arxiv2020-rife
e0c0801c74c988913aaba636725e6a2cb8dbff32,hzwer_arxiv2020-rife
e0eb86d56b47f997ddac8dbe60a3ed75061f725b,hzwer_arxiv2020-rife
e0f6cbcc7604abb12904f3be337c0be927676138,hzwer_arxiv2020-rife
e2244ff77c0b55755f8b2084a12e3ee74ebed7fa,hzwer_arxiv2020-rife
e25a4d070d5109ec9a3e92dcb4bc55980b700b28,hzwer_arxiv2020-rife
e2f7806bc89cc2a516ee58fa8820241bd485fa7b,hzwer_arxiv2020-rife
e34f35a5827081be2584ac8363f89e6394d70566,hzwer_arxiv2020-rife
e380760fbb55731552cdba2738fec6bd10b91670,hzwer_arxiv2020-rife
e38120158457fcfaf9e7c6c6058d5a8a796f7f7d,hzwer_arxiv2020-rife
e3b8d934653e7ad8bd0033bec1914450a1987c3c,hzwer_arxiv2020-rife
e3e07257419f426e78ad5ec82c33d86230e51470,hzwer_arxiv2020-rife
e411c8cf4eb7b9acd892b9b090db3bcac38401da,hzwer_arxiv2020-rife
e470f51d52a00f2d00df0c887a450e0b1a1c5598,hzwer_arxiv2020-rife
e4a3f07ecbc1592d862bf2225ca17fc6dc76743a,hzwer_arxiv2020-rife
e515b1d3647b3839c45d8b2317596e0aa5eea29f,hzwer_arxiv2020-rife
e53dfa99f2b07fd4e1fa9755432d706a961a0651,hzwer_arxiv2020-rife
e574b20c7b4c73e9c48ad910fa9e38b4b75772b8,hzwer_arxiv2020-rife
e59b084b7dd2eeda3b43004b34d3efdac8039d49,hzwer_arxiv2020-rife
e5a6a471f8118ea9cc5a3202cd804fdbb54aa2ac,hzwer_arxiv2020-rife
e6058cc4392d273f7dba8369672499db7cf5f4d2,hzwer_arxiv2020-rife
e6385f01dd9f632ed7144931160640d03502b421,hzwer_arxiv2020-rife
e654de6f41ffc5582c96ae451311699bd030ca7b,hzwer_arxiv2020-rife
e65dd0d7b7c2ccdbaac039aaae29ed656a6827de,hzwer_arxiv2020-rife
e6c5e8b8725dee9774b29a40d0883e258dac1fcf,hzwer_arxiv2020-rife
e6ebd4de8950b42690e0c4b7f9c124edce994bcd,hzwer_arxiv2020-rife
e7f92c80cb657a88af3168770982116d92836c8e,hzwer_arxiv2020-rife
e8752f5c6a528fb2ac3160a69485a378e482880c,hzwer_arxiv2020-rife
e895934eb02f2cc2c1aae6f73968559f2b228c35,hzwer_arxiv2020-rife
e8dc65389feb52500368ed6355c66f8466fbb747,hzwer_arxiv2020-rife
e94970e2025226a18034e7cbbffc24c4c550a6d3,hzwer_arxiv2020-rife
e9a5727b0b239afe1a33755faa85aa809e2adaa3,hzwer_arxiv2020-rife
e9db322d404557e5b6b47391d767fbb68c6f59c0,hzwer_arxiv2020-rife
ea06812877d48bb083d44d18c9f41328243c8582,hzwer_arxiv2020-rife
ea632dd3fbe9c0191582e3a6b6fea4530b9edb1d,hzwer_arxiv2020-rife
ea6d9c8fc82f57506fa156ee4bbafea433c6025e,hzwer_arxiv2020-rife
ea994bbe34941478644af6a70cc7ba0e9d5e45fa,hzwer_arxiv2020-rife
eac9eb00a0634f1206773ca7d3197f2b2beed7bb,hzwer_arxiv2020-rife
eb3923bfba38e4f6aaf621b8cd7b476278854d71,hzwer_arxiv2020-rife
ebdc2d8b606873027b2630740bf8dd2b499277a5,hzwer_arxiv2020-rife
ec0792682ea1627dde16956845cbbb12a0d33861,hzwer_arxiv2020-rife
ecf9c879dc050fffd41fa6d24804b3180cdad8b5,hzwer_arxiv2020-rife
ee20c4edaf63615b84e451aec48c88ce5cf7cfd2,hzwer_arxiv2020-rife
ee5993ff208ee5dc323e9cc7203bef60d538d905,hzwer_arxiv2020-rife
eeee0df2c677f6e096d8956bd720ee6ed684c7f6,hzwer_arxiv2020-rife
eefca5da4aa25e3b1b158cf6f756908e5fa4fec9,hzwer_arxiv2020-rife
ef796f410b63ba4f6e66d3adda98cc2e5b06eb16,hzwer_arxiv2020-rife
efccd05f9d6b39f450db106166edc3313afd1653,hzwer_arxiv2020-rife
eff2c826711de6c69a3ad8badb383aee270f117d,hzwer_arxiv2020-rife
eff5cc85426e849a09cee88ea062c8e70b0256b2,hzwer_arxiv2020-rife
f10636279b3746d2016254150e4b4295da6ea6c5,hzwer_arxiv2020-rife
f1148578339b60888a1e08e68b9730b295d7ee16,hzwer_arxiv2020-rife
f141be27eaa3a78accbf7d898398213d2cda3d2d,hzwer_arxiv2020-rife
f165b987b797cc797814a8c57948078a8ef53187,hzwer_arxiv2020-rife
f1c195f47d2a2d51c130f5a4e95a4fe1afe37741,hzwer_arxiv2020-rife
f21692604db7eca89114881c5967a259650c70e3,hzwer_arxiv2020-rife
f229724904a40a06d3c64df45d8e3d1cc74f228c,hzwer_arxiv2020-rife
f284bd409d269122ceb40ffc4b5ba6852b8f9eff,hzwer_arxiv2020-rife
f2856efed7472ffed06bf25b7fc86cd2c10b83ee,hzwer_arxiv2020-rife
f2977f9431945fbd748433a035fb14ca2747d7f8,hzwer_arxiv2020-rife
f37eeab7633737ba1a4a3e4b359a87a14e120752,hzwer_arxiv2020-rife
f37f971a72d435c0748d3025c2bc32435c2aba87,hzwer_arxiv2020-rife
f44b045810c6197573a92b4583386d46289a636d,hzwer_arxiv2020-rife
f453250ad138c2f7ab452de86d5836be5c74247b,hzwer_arxiv2020-rife
f455a0573656fcf95da54a538341f1672c556126,hzwer_arxiv2020-rife
f492d5ef4a4db18931201003f86a1757401ad1fb,hzwer_arxiv2020-rife
f4c1aefbb4bc4e2ccb4ddb127efa2bdf5cdb3b24,hzwer_arxiv2020-rife
f518afaf71a7d8594d10a93c0e88741c12414a8d,hzwer_arxiv2020-rife
f657d4338b83215cd120ec9dc1f14550fbef123d,hzwer_arxiv2020-rife
f679f368e0491bba0beb3acd984bab734a5cb47f,hzwer_arxiv2020-rife
f6829166f7cd169d0ad1b433ece49d4cb6e23fd2,hzwer_arxiv2020-rife
f6d90d988d74845a7a77c59ce6ee9b3e33cb412d,hzwer_arxiv2020-rife
f75bbacbd124b5560069fc726ea70c63526e5806,hzwer_arxiv2020-rife
f7c14cce5feb6a114859bca96588e3206cc0aafe,hzwer_arxiv2020-rife
f8139cd33c951e0f6935aea017d2ba5013cf6337,hzwer_arxiv2020-rife
f825ec80e7e58957191bf6e7e22962c266def9b0,hzwer_arxiv2020-rife
f83c1e1ebfc298bf4c4cebecdc9d524e1f9cc1c1,hzwer_arxiv2020-rife
f87c5f7b1eeb77cd44d05ddc2e7d26f7d1575332,hzwer_arxiv2020-rife
f8f415bd8e9a2808378038b7d53f6d518fc29501,hzwer_arxiv2020-rife
f971763fe89a665a776446286ab742a707dc4e13,hzwer_arxiv2020-rife
f9d8c5e551ff4fa23ae729237c5f5e500b28c8e1,hzwer_arxiv2020-rife
f9f47bf0c4eccef3bcc0ba910b9120187fe735a8,hzwer_arxiv2020-rife
fad4a935e23542bd58cb57bf77f5fa1d06bc871e,hzwer_arxiv2020-rife
fad87cebd8a543f97205c36326b48cb6570e735a,hzwer_arxiv2020-rife
fae28c440598bb7d3538e33248465a41d6a4585a,hzwer_arxiv2020-rife
faf78cd5a139d454b3724a0e67f5bb4a1943c1ac,hzwer_arxiv2020-rife
fb07f56b73f040ae6703a2f42dada5d07a03a729,hzwer_arxiv2020-rife
fb5c7bad5b18676cc1aaad61e9f838664ecd4c96,hzwer_arxiv2020-rife
fbfbdf0459d2cc667534c3da1a1b59a1c14fe989,hzwer_arxiv2020-rife
fc456bc84419624c95958ad5d3403a5163d62ae9,hzwer_arxiv2020-rife
fc592d81c7627867bb64269cb728882f36464e4a,hzwer_arxiv2020-rife
fc819fbe7d0def6a67c62662b99cde2b3d84c6ab,hzwer_arxiv2020-rife
fc8e8b166c76fea87698dad7209d56f9dbdae187,hzwer_arxiv2020-rife
fca07d2f6f482754a82c6aea747f5c42127ceaf1,hzwer_arxiv2020-rife
fcba3298724d65cfb74fb31fee53b4898082486f,hzwer_arxiv2020-rife
fd0f334da777e6ece690d1015b0c09939a7bf4bb,hzwer_arxiv2020-rife
fd1dfbcce900dfc6ec91a16f41305314aabbee5c,hzwer_arxiv2020-rife
fd49bc8471207624ef688b13d931da994a327e38,hzwer_arxiv2020-rife
fd5b1636b7f31247f21958a1388f186e594bca53,hzwer_arxiv2020-rife
fdad611c7514396858d4a98a56a649469156923c,hzwer_arxiv2020-rife
fdd9b57dd79607f5ebf2a63661c24b571b8ec588,hzwer_arxiv2020-rife
fdf7590cfbf5c924701010395f740690048c9367,hzwer_arxiv2020-rife
fe060714f35b500b2b5ba39a5dd8892a39f37768,hzwer_arxiv2020-rife
fe66460513a19194d2eba1b4ac5a538d6b5ca5e1,hzwer_arxiv2020-rife
fe6d70a2dda5c23fe2ee089aca296e0fe6cf4741,hzwer_arxiv2020-rife
fed6b5990d09dd65e6e725c6b872526a3b12c6cb,hzwer_arxiv2020-rife
fef66792a4b6dfbca6ed9e7f7c4cda5a7aa97e49,hzwer_arxiv2020-rife
001dea48ca57658a39794119494f47f3b7f12070,lucmoreau_provtoolbox
002838f8babee1de241419d6662cae4073c370cd,lucmoreau_provtoolbox
0028972ec6e43b62998b33b0a02efab0a43db6e0,lucmoreau_provtoolbox
0030799e1c186ec6134874057ef7630aa32d9172,lucmoreau_provtoolbox
0042db3a69f461fef2777323c9e48b8569401e8a,lucmoreau_provtoolbox
0067a11e5208b13746c1f815b73f186ed975505c,lucmoreau_provtoolbox
007a2a207e2bfa546406ce087b2c5db667c27d81,lucmoreau_provtoolbox
0081f7c35c63e9d385a31b4f90a9d662467f1666,lucmoreau_provtoolbox
008c2ef0cfb210eefa79b0ba68d9b277cf3548e9,lucmoreau_provtoolbox
009432520a0a85f91b0198974890b64953aa36d8,lucmoreau_provtoolbox
009fb72cbcae3f238f2714a1ccd55f986e13f383,lucmoreau_provtoolbox
009ff566f091611ee6327d351ea886ac9501ec65,lucmoreau_provtoolbox
00a12ce76af4558cda654f6e51020a1cd8288b1a,lucmoreau_provtoolbox
00af8709696149853abc59c5dc67fac5fdeaf873,lucmoreau_provtoolbox
00dc2696aed17ee6a109a3a1740a5636938b30b3,lucmoreau_provtoolbox
00ea6d38cae3b4701ccf0c969a4f1ce76377033c,lucmoreau_provtoolbox
010dd57a33bb11f36d9dcaa074dd86659122dac2,lucmoreau_provtoolbox
0129f0661adeaff2ab6bfb18bbdc34e3a8296790,lucmoreau_provtoolbox
012d1ea030345eae23ea63b10567d45b73f6ea19,lucmoreau_provtoolbox
013181ad835e555ccab882bae981174980a956b8,lucmoreau_provtoolbox
0151e4d6dd113da376a33dd69cf7ba49089078bb,lucmoreau_provtoolbox
0157d5ab18476b2e984910dfcea99e6b80c94325,lucmoreau_provtoolbox
015bcec0dc66be022a61d5d07cae1c0e8360c501,lucmoreau_provtoolbox
0170a30b10bb65f28faecd3e2c11871e335402f3,lucmoreau_provtoolbox
017a5f76027c8e3e411734d6e9ad926be31fc2fd,lucmoreau_provtoolbox
017e8fe8848959e1d6ae020f62f1e6d72430fcb1,lucmoreau_provtoolbox
0180a8b6ac4cd338acd6c9b463833089c7817df1,lucmoreau_provtoolbox
01b21e5c9f774d5abe40b9e30c06795c96dfff63,lucmoreau_provtoolbox
01c2f0bd89f8bc6efb7a0a6baf1b7d023d61b82c,lucmoreau_provtoolbox
01e0a4e6e8818d08fe7cfae2be7106ff7c678040,lucmoreau_provtoolbox
01e6156dc22232d955c09a032aebd619e8d0636d,lucmoreau_provtoolbox
020294f2df646e15a084adae92c8415b5a63ed63,lucmoreau_provtoolbox
02140143b5205dfafff6db5ea712bca35278828d,lucmoreau_provtoolbox
02159383c0cf30da7f69f1178b4f1735e6af2f26,lucmoreau_provtoolbox
021b8f40134657bc577a9eabfff3c6d5a70611f3,lucmoreau_provtoolbox
024b3a9c92bffac5e9e4a20420f852bd435c5d33,lucmoreau_provtoolbox
024b6d105d8bfe4535ecc52b670e935e977ede8b,lucmoreau_provtoolbox
026f8ffc28dfe10299e541d47ec54efc3bb8d2f8,lucmoreau_provtoolbox
027edf09bd9686ec0130795d3a74f3b4060c84e9,lucmoreau_provtoolbox
0296d05fbe8de0199d289e4d797aecb13de51ae5,lucmoreau_provtoolbox
02a48b31038a7ae4aa09d65bc450f618ea4b3540,lucmoreau_provtoolbox
02bb019fffe46b7e42144838989c45260bd01b7f,lucmoreau_provtoolbox
02bbcd0534182e5e7beeaa56d23affe70694d303,lucmoreau_provtoolbox
02c0b8eaf23adfcaa85fd4372773d354c27cff91,lucmoreau_provtoolbox
02c16504becc7892cd9da30064bfc52bfe36bda2,lucmoreau_provtoolbox
02c5ad198574270f5ef6648acb0e7ef8a53937a8,lucmoreau_provtoolbox
02ce31882cd078d17b8d8b187f10b77678550df3,lucmoreau_provtoolbox
02d7fdfbf1f51150434e9fe632f51ef0e61f3b71,lucmoreau_provtoolbox
02f6db656d1618b300ba7e429d84f71a24f347d4,lucmoreau_provtoolbox
02f8f02b416fd77beddd9d9b5c9329e698308176,lucmoreau_provtoolbox
03022d551ea230446afe0df8c7724b9f9036c42f,lucmoreau_provtoolbox
0320a68ac850c7dd994c4e755b44abf90a087e0c,lucmoreau_provtoolbox
0328eb3c28b458bfae7996d379fbeb3c833d250f,lucmoreau_provtoolbox
03390e3c8154f3525a56711e8eb06f5342a8ec65,lucmoreau_provtoolbox
034bbf4a13e77a8ad45075394f9d1a01730a30ea,lucmoreau_provtoolbox
03539519635ed668db1c98b0af3b9da65b89259d,lucmoreau_provtoolbox
0353c87a0cbc0eb84f8470d716f961284be28469,lucmoreau_provtoolbox
03948449bf0bce4d54b2365650b66f9f22787863,lucmoreau_provtoolbox
0395bf5cda8ad8ba97d1f870176454d49738097c,lucmoreau_provtoolbox
039a6e302279668fd2c66a80fb27513248be3e7e,lucmoreau_provtoolbox
03a4ddc62775a57f2613c99a584c9143c2c29003,lucmoreau_provtoolbox
03c0957c23d657ee1f7610f4356275e927fa300a,lucmoreau_provtoolbox
03c203a304d99814b8a4926cf0fe78abbe7522b5,lucmoreau_provtoolbox
03ca7d044a7c1e24ee7906f05abf2df346d99374,lucmoreau_provtoolbox
03cddce1ee00096738dd7cced6bf8417d032d98c,lucmoreau_provtoolbox
03d6f35530e6c520a23c6b5c6ad8538a7fd02adc,lucmoreau_provtoolbox
03e0c966d854acaff6c5d80c8bd9e2e7c2aa56c7,lucmoreau_provtoolbox
03e2f2e8bf180acde7801ede215b9829ab481d06,lucmoreau_provtoolbox
040365427bcac4b27ca4225b30208d0b6b736395,lucmoreau_provtoolbox
041e988014ca965e9757dab98c4cb987d608ba52,lucmoreau_provtoolbox
044a09acba1b98800e37fd186bd553a07db24240,lucmoreau_provtoolbox
04539879bbe761abbbff46dfad1f9158965ca6c9,lucmoreau_provtoolbox
045d463dd0418567ec6ee3415d621fba8b7c2799,lucmoreau_provtoolbox
04668a089a73d23272019f765a2d9e755f679b03,lucmoreau_provtoolbox
04674d23b8ebd33a3b8ba2a1f6cbdb758cd6b01e,lucmoreau_provtoolbox
0472065032bbd76cc1d020186209a5ac7324cace,lucmoreau_provtoolbox
04824be6abf0e05015c18776957693714faefb20,lucmoreau_provtoolbox
04cffe35f5348a632189e7fd2a7eeb9c867d45a3,lucmoreau_provtoolbox
04ecabc160aca9bd68c980e89e46c912be32be3a,lucmoreau_provtoolbox
0506c0434be96b6374e522d8d6bb2cd1f86bd05c,lucmoreau_provtoolbox
0514666e79c74b32ff1771dc940ec6b78b6190c6,lucmoreau_provtoolbox
051d206a5c74116258486411951d45b3ee0d95e1,lucmoreau_provtoolbox
055444e0d3b710ca116cd6587269a44b9a2b3181,lucmoreau_provtoolbox
05576de9d0257360ebb3e3e769e7ab36092e99c5,lucmoreau_provtoolbox
05aec4b5228360c6e4a64e11c658032945ea819b,lucmoreau_provtoolbox
05c909b566f869ec91582f97a777bc0c9ced4008,lucmoreau_provtoolbox
05cadbe450d1359c97ff61e38d5c4fcf05c4c027,lucmoreau_provtoolbox
05d210730fc1c4ab3aef1875a8470c93aeca23a7,lucmoreau_provtoolbox
05d6c02bffe1dba340a53f383adfd6b6d5478663,lucmoreau_provtoolbox
05ebe7bcf9587ee2344755d3750d6500a1f7c5d1,lucmoreau_provtoolbox
05f02e736366eaf1c2004559e5ad76504e356ba2,lucmoreau_provtoolbox
05fd1a46bcabeb67f68f9ca7bc30141c2061e303,lucmoreau_provtoolbox
060c3165f3b2a61371d38b228674ba5c4fbd9601,lucmoreau_provtoolbox
06447ff4390d3354363096ce591fca45a9c5ec29,lucmoreau_provtoolbox
0669db980c38947372ea1c11bdc4394420da7c10,lucmoreau_provtoolbox
06accca9b6c06a1acf664711434d877885100cbf,lucmoreau_provtoolbox
06b64903fb85e5034e020ee25395ac4e78387613,lucmoreau_provtoolbox
06d728f2c14607ccf0700b20a051912ccff8e18d,lucmoreau_provtoolbox
06e0f6820663741a310886e43316323eba871f54,lucmoreau_provtoolbox
0704d653af0bc1e7bea3a1d76bed9252040791ac,lucmoreau_provtoolbox
07164a71c04e8b2dd48ee0d44672f3765b521da4,lucmoreau_provtoolbox
07178e365a6e7f0db590a262463c59ebfe90efff,lucmoreau_provtoolbox
07507bfa67ac6040e6e5e46f8e6f85813d50990a,lucmoreau_provtoolbox
0759193241a130b400b74e5ed4edd09c4dc09fd3,lucmoreau_provtoolbox
0760db73d0071823f06c72a838202a7eed95d813,lucmoreau_provtoolbox
076ca1a553113e799c22e343897bb0727f260a21,lucmoreau_provtoolbox
077d31b73644756d329d87e6b4bb2e7a602588fb,lucmoreau_provtoolbox
0787784470f0b34af71067c456ee546330b08c95,lucmoreau_provtoolbox
0791b6e1a583e4384e238310c50b6f0f1b465c60,lucmoreau_provtoolbox
079731722f86939718df2b972d43741e7d5a78a0,lucmoreau_provtoolbox
07a72c8e38ded7d09f2ca56979190a706c42cfe0,lucmoreau_provtoolbox
07b15735a79b07803a92f9795059f2cdceb64aea,lucmoreau_provtoolbox
07bc6a3f606725922aa0ec0fd0d0a7d02b7c5f35,lucmoreau_provtoolbox
07bfd41a53f47893b81b7689f317f3e17564405a,lucmoreau_provtoolbox
07c5eb1d8c768668fc4ed06086f57598f38eac7f,lucmoreau_provtoolbox
07d8819e873cf92d91e07f6e0f4b709fbd09da9c,lucmoreau_provtoolbox
07da10a541cb40869e3fa6c4274f86e2f88c44b1,lucmoreau_provtoolbox
07da716e3ecaf07f3df6acee7a692f2f06b88787,lucmoreau_provtoolbox
08023c48fb8373212a8da6cb14fb16ee2c8c63a4,lucmoreau_provtoolbox
080af53c83ab17f002a6236e9afab78743966fe2,lucmoreau_provtoolbox
080d07d5b425e6d505bd4950258c8cf234c7831a,lucmoreau_provtoolbox
082c42d86379ada3cb7670e1af72bae9964cf620,lucmoreau_provtoolbox
0831cc3c00753bb4b3fd5e01664b7e615736e373,lucmoreau_provtoolbox
083abee568b01845f5b6b1be07e64bacb9876025,lucmoreau_provtoolbox
08485e87cc021cd0dc8a8a69deb9b07c017e0a9f,lucmoreau_provtoolbox
084fa4de9d12178c09c03e469b4cc406c0e9aeb7,lucmoreau_provtoolbox
084fe93d7d4ba425c17fecb2d4939eb83cae2d99,lucmoreau_provtoolbox
085cdfab09f37f77eb86298ee04843849cc954ce,lucmoreau_provtoolbox
087d9341f37d80580b58c57dfdca79c349a09d62,lucmoreau_provtoolbox
08a08d9a922e1aff1ed1e1f66152782cc47d9a76,lucmoreau_provtoolbox
08a47e550193f9b3f54f89edb7072d153fc19ea7,lucmoreau_provtoolbox
08a67853a075e72cb5e4a67fa2ac9b8de6942fc0,lucmoreau_provtoolbox
08ab8f1313fe0efeb1b4ab9b06e46d141cb885c4,lucmoreau_provtoolbox
08b341a70ea59e21cb5e1013faf7ac9f4104dee3,lucmoreau_provtoolbox
08b858fdfae7fa47a0561103a37039d417fd0913,lucmoreau_provtoolbox
08c9619e74df57a1020c66521d8888d03e958c71,lucmoreau_provtoolbox
08d8cde7ef0664828d272b2bbb3bcc456382ef55,lucmoreau_provtoolbox
08fd6df272e7dec5e76dbd6f48700f1b03885a6f,lucmoreau_provtoolbox
091223807458b793e2d1446d5eb3769a6714e5da,lucmoreau_provtoolbox
0914b95d39d2c71b3a578374db3d05d3cff13b51,lucmoreau_provtoolbox
09626daa9b71fae9e1615b9c008296a42a00cef1,lucmoreau_provtoolbox
097588b47c2c7d75a30eb9ae63e5c2b164845a41,lucmoreau_provtoolbox
097f4a9fa894ce16424895b6bd26ea628485723c,lucmoreau_provtoolbox
09977d0e16a0b78c930dce381ea3cfcb574bb752,lucmoreau_provtoolbox
09994e18167fb6640d0ff6798704fe332a0e9471,lucmoreau_provtoolbox
09a1c5e149093e41e8e7a3ea7d3c4a53df07807a,lucmoreau_provtoolbox
09ac4259a38983a631eb5531fe15ebbec4ab5a5b,lucmoreau_provtoolbox
09ae3e63fae2b6f52297b4c235e3684a1f8e5fb2,lucmoreau_provtoolbox
09b90cf3c06ac791d8949cb7dc6b3dbe5ec299ca,lucmoreau_provtoolbox
09c05152503c9035d2be4be611bf7bc42bd86363,lucmoreau_provtoolbox
09eb9c51e55960fb572a56cb0c24e730c961f9fd,lucmoreau_provtoolbox
0a14c54f4753d2d763099f4b91c086dfe790c83f,lucmoreau_provtoolbox
0a25cb5d588c2139a41f446a682011f6d39742e1,lucmoreau_provtoolbox
0a28416624057a1993484241826a8bb7fdf3eae8,lucmoreau_provtoolbox
0a311d53858ebb0623fde61a633125141886b227,lucmoreau_provtoolbox
0a415343af2e31326db8e8e8c70ae49e6345b2ef,lucmoreau_provtoolbox
0a469fe16f53980c9cfabb1751e58c32cb19e45d,lucmoreau_provtoolbox
0a562b9f2dfbae0b66010fc0d3e4a333af7ccbda,lucmoreau_provtoolbox
0a5aa38f3eda0a100876eadbca842dfa16d6dabd,lucmoreau_provtoolbox
0a5dc513a6ec9251b87ba178d4cf4d676616feba,lucmoreau_provtoolbox
0a6562998fabf48c2b4557858c26d09ea719d435,lucmoreau_provtoolbox
0a81b3378ae8511f28de8b04b3373e6dfaefd0d3,lucmoreau_provtoolbox
0a8d20a5d6c5528023b2e68a923573c15123af37,lucmoreau_provtoolbox
0a92f6eb18343bc3249fbbe4120319d25be89592,lucmoreau_provtoolbox
0a9ec38439cbca3ca98ba395c3fddf5c418da6d1,lucmoreau_provtoolbox
0aa4f2d13e966a733e870645860f3f4c30c394e6,lucmoreau_provtoolbox
0aaf50ff53fc09a76bc8e9669889ed1c75c8463f,lucmoreau_provtoolbox
0b06d51b23a04c660cff5ebc36a0551c8f1c83f8,lucmoreau_provtoolbox
0b07e9d38c5767be9b68f6d711f006a5bf0e0a43,lucmoreau_provtoolbox
0b1587c323916ff27a6303e3a9e456f66f8a0b8d,lucmoreau_provtoolbox
0b16282feff5d1c6f3054f29ed579ba3a0062c79,lucmoreau_provtoolbox
0b1fbf8090209df98136099b273a7c4aebf027db,lucmoreau_provtoolbox
0b266a86eb61dbbe78fc685c6e680ca8be4a2ba4,lucmoreau_provtoolbox
0b2e08e6cd4c106b49e9fa66d29e39d64ff5c51d,lucmoreau_provtoolbox
0b45a85c152faa24cc6e37ac23d261df69764d1e,lucmoreau_provtoolbox
0b5771262e6bf64eb29266342cefdde02714c0be,lucmoreau_provtoolbox
0b772828907c12245e75c5d8073e50ba5cd00ee4,lucmoreau_provtoolbox
0b89366178028cf6c9b4afbb55678fbe1b6cddfc,lucmoreau_provtoolbox
0bdc04053580afd338599c849fa941d437d6d8e2,lucmoreau_provtoolbox
0bfb51445a020ad34216878e07ce528b341979de,lucmoreau_provtoolbox
0c10166a3a9014832cbe0943bdebe2c02872348d,lucmoreau_provtoolbox
0c170fe0360943e951e251874689f8ebb7af82e1,lucmoreau_provtoolbox
0c18f1a747abc7739ee1d4af71ed5cce7ec1818c,lucmoreau_provtoolbox
0c39077e91d608c2a2171f54dbcbe929c51f6036,lucmoreau_provtoolbox
0c3be64e8ca46f6316ae2b9205018bbaf14fb1cc,lucmoreau_provtoolbox
0c59f913c677a1139f93eeed381a254e5cae931e,lucmoreau_provtoolbox
0c5dd9436c7916337c48aa0b48c5527e071a50bb,lucmoreau_provtoolbox
0c6d742c37d16856880808c960df5738947ed7df,lucmoreau_provtoolbox
0c764d55a22f238e4e86f06d99fd91fd67b59d26,lucmoreau_provtoolbox
0c78df6f297152962ab1d382a8764e4fbca7d1b0,lucmoreau_provtoolbox
0c8173e63aa95d0087ee50ca12a3035a9ea7c349,lucmoreau_provtoolbox
0cc1928d8174f5093c34c01b1faf89f8f377437d,lucmoreau_provtoolbox
0cd53d858a6706fe875c401ed602d8208cca8d18,lucmoreau_provtoolbox
0cd74d8301a52d3539e3ea88743e5cb2dd9002f2,lucmoreau_provtoolbox
0cda4dcd53a66e6db42e6d33d7ccdfba2e64e76c,lucmoreau_provtoolbox
0ce8e7d93e1561d8759a5f05c133b2f1988b5ae4,lucmoreau_provtoolbox
0cedd9efd06fb06a7454570d867106a097cf5793,lucmoreau_provtoolbox
0d03e78f07932f553f40500267da3d958c7af148,lucmoreau_provtoolbox
0d116708998c874e0f5d7515186eda81674525f7,lucmoreau_provtoolbox
0d15f148155bbd0804bb5cee8f2077e77b7221ba,lucmoreau_provtoolbox
0d23494244a84b3bf7a24cc20453ad920e5ce895,lucmoreau_provtoolbox
0d28532ad4f6e136505c9548d55f466cf2f0e813,lucmoreau_provtoolbox
0d4b9fa85ff22bc0579b3045a1c86c545f4c2e98,lucmoreau_provtoolbox
0d55546385cf20d27510172ae0253c7d5f816c3a,lucmoreau_provtoolbox
0d6ed3938a6e03896bd1db08427c06ab2a8e674d,lucmoreau_provtoolbox
0d7560b94b3cac835bd1ad2ed62eabf89d718993,lucmoreau_provtoolbox
0d80d0b81b44bf22c0d740af4a7b4de19a8bb7e6,lucmoreau_provtoolbox
0d8422ced3f2c3d4194ece4b5c4da8adad37a261,lucmoreau_provtoolbox
0d90597856d17e0bce9eb23e330fe68749b6d54c,lucmoreau_provtoolbox
0d93b7794664b0ec9ee50a9c233024e01b7fb292,lucmoreau_provtoolbox
0d9c1dae88f920c931ea74e89b2d3808f1cf567f,lucmoreau_provtoolbox
0dcb0b6c366af5c78b38265f7f0acc4bbdcd54ab,lucmoreau_provtoolbox
0ddd01f50deb7e35eccbff64aa2d8258fbc29dfe,lucmoreau_provtoolbox
0de2c47db90d587c6bfac9279b5ead326f944357,lucmoreau_provtoolbox
0df30f2339142e4123ef54da676f2a17c94c2a7b,lucmoreau_provtoolbox
0dfcc24f26e23e0942416d57d5097fde9321f488,lucmoreau_provtoolbox
0e1b184d873fd973ce3389bab8695bd543cf10cf,lucmoreau_provtoolbox
0e1cedfee7ff6bc0adadd5dee668bf48a953f20c,lucmoreau_provtoolbox
0e2a7fe38e962dcb63fa56f7ab8871cb40508d70,lucmoreau_provtoolbox
0e30bff27984cdb187807d328dc4cec6267c20ca,lucmoreau_provtoolbox
0e3f5b3703b5185d27075e63e1c2ae6990e05561,lucmoreau_provtoolbox
0e41fb53dc06b3ba1b8f43ba927cf03e6f672478,lucmoreau_provtoolbox
0e61615f0fa8ab2fa355e5c194cb8a65239acdd9,lucmoreau_provtoolbox
0e79d74bb085ff5b901740cd5904df05ea0fece2,lucmoreau_provtoolbox
0ea982094c3387a7e7088996545367a3b48078b6,lucmoreau_provtoolbox
0eb5ea839ef95fdaa5b9f3cf15cc12ff9ac549a5,lucmoreau_provtoolbox
0edb6babd20162226d9ad49cca7db7785c898813,lucmoreau_provtoolbox
0f02f051082acce9f8d3cc019a441f84578e329d,lucmoreau_provtoolbox
0f114a08114872251fb8d226f3ab6be60d55def6,lucmoreau_provtoolbox
0f2b5e5932b41539ecee4ce22363ed40db4ab775,lucmoreau_provtoolbox
0f33febded491726ded252aec631880e534bc340,lucmoreau_provtoolbox
0f3f0daee5029e985b3e16560535cd678283bd9c,lucmoreau_provtoolbox
0f42a385d349b7315c2f94f9c7fec7a1d5e13672,lucmoreau_provtoolbox
0f4f2e9493fc91e744439d34509c9e2730b65efb,lucmoreau_provtoolbox
0f66f4bed813ee0ca9ca2e3f3bccc123914b5786,lucmoreau_provtoolbox
0f6e54fb891ee152b6c9410e339c0674d5e99136,lucmoreau_provtoolbox
0f8dd66e54595120051c6e9e19ed0ec329ea2b49,lucmoreau_provtoolbox
0fadd2aa803c3885a74bf3c7806c601b914a10c5,lucmoreau_provtoolbox
0fb2e1e6ba2570dedb1aa34d4bf8f1928b614c9b,lucmoreau_provtoolbox
0fb5ba8cf7fb7d437f03bc586cb3d2ca4322ebd6,lucmoreau_provtoolbox
0fcddd63cc1a2901e8369577da36dde4b52a25c9,lucmoreau_provtoolbox
0fddcb24449d1c455daa4ce31c873ab894040b55,lucmoreau_provtoolbox
0fde7d3f20ecaf407cbe5a0c1a9f35b4ae28d999,lucmoreau_provtoolbox
0fe30582adddd167b9c38ec87a0ae1ef9b85a54e,lucmoreau_provtoolbox
0ffd4b99aa7858e265455d9cd89a389abfead4ba,lucmoreau_provtoolbox
101eab2621d167b9d53f26953745bfaf28e502e5,lucmoreau_provtoolbox
103b20f0e4e0ac57d781ffd5a52a27f7007f3e4a,lucmoreau_provtoolbox
10405464c422839ea3daee3e60bfa897138f5425,lucmoreau_provtoolbox
104459da9bc1c21473c5f255a79de3b6576f35ce,lucmoreau_provtoolbox
104573ff8eb0034cb36c23ec0c412e547607c54f,lucmoreau_provtoolbox
10478408cf3aef7ae052d07d4af79ef0ae4e8203,lucmoreau_provtoolbox
1067f32b7cbf159c9ecd5a727c3b6720d3a81b2e,lucmoreau_provtoolbox
108bf259f0b9381d630db69ef57a4101648ada67,lucmoreau_provtoolbox
108f27d816fccd6166146c051fe1e308db8e514f,lucmoreau_provtoolbox
10dd108b619f8245402c3ea6e2d7240a58ba8007,lucmoreau_provtoolbox
10edfe903f5c400ab56bee95f6c745f75edebe1c,lucmoreau_provtoolbox
10f751085dbdc44ccd912e1311441ed8bd9bb243,lucmoreau_provtoolbox
1135ae629b62385d5aa502a9571c3735d9aeaafc,lucmoreau_provtoolbox
113d0a07e7ff2ebf6f02ffd90b410b934c85d8d1,lucmoreau_provtoolbox
1141526e07cb3741b4f89724f081e524c0bd3496,lucmoreau_provtoolbox
114edd25d3e61417fa2b859e550b8ccb4e1801d2,lucmoreau_provtoolbox
1155930f5117dfc20674dfa3a9d63e741750e22c,lucmoreau_provtoolbox
1169c483e95dd469f663824734642eb11aee7eff,lucmoreau_provtoolbox
1173ada5e3824976c41f500debd581510886ca24,lucmoreau_provtoolbox
119d01b3ed92e89409cbed6cb1d1db74fa808b88,lucmoreau_provtoolbox
11becb47a6df2bf6eb4be45f60ae6b692ff02518,lucmoreau_provtoolbox
11c11fc9bae732841bf4471cd21d5dcde3cc8d36,lucmoreau_provtoolbox
11c7ab2d49c9588fc7e2979d1c4e5ffdb5432d6f,lucmoreau_provtoolbox
11c9a8098bacfcfbb5f2bd74090deefe41a7b086,lucmoreau_provtoolbox
11f8d12406f781ff504b7035581fa5b58d4b9e80,lucmoreau_provtoolbox
11fb1270fb4c2c24ae6f893a47b6e02369e09d33,lucmoreau_provtoolbox
12026d3057f003d43d1912e409d0e9cc79458665,lucmoreau_provtoolbox
121737e68a2799df511ef9f93084f822b97ad8de,lucmoreau_provtoolbox
122721f20218eafed5a424f0965d2e1ddd8b9e09,lucmoreau_provtoolbox
1273518339a56fa7ba0d78d958124aa993b1a694,lucmoreau_provtoolbox
127783961a951e58fb65704bf8c8761509c1e7be,lucmoreau_provtoolbox
12ac4cca3a06b5c9b190bd91d9de74f67085f7eb,lucmoreau_provtoolbox
12b5e7254383f8b28ccecfe570b4f0992a2635b4,lucmoreau_provtoolbox
12c62bdc039d367a3258b99cae10a44c695998d2,lucmoreau_provtoolbox
12dcfcc65d775fc9a414f1854c1b5614e73f9f9d,lucmoreau_provtoolbox
131f9eb88436b7d3c831bb04e3dc5bafa710230d,lucmoreau_provtoolbox
13278a06ad750fe8a63c4c4a74373c60625cf9bf,lucmoreau_provtoolbox
1332fe570212d9be4f89adae7664eb1a57461481,lucmoreau_provtoolbox
134f8edda2f95ec6281ed5814e7bf23ed72ed4de,lucmoreau_provtoolbox
135e1df816b3ce6370c4db5b718bfa9ee60e2712,lucmoreau_provtoolbox
1370e322f0038d871a817a43297c742de3f50410,lucmoreau_provtoolbox
137b2322306669ddfb69202f93ea594d1e726a73,lucmoreau_provtoolbox
13a733db42e0a346c15d08dd65ee716678bd26ff,lucmoreau_provtoolbox
13bcb763704132c700dda799108f9ee2ff00fdf7,lucmoreau_provtoolbox
13c3c1d25c0a9986d4b53bce28a0ebbda9757fb6,lucmoreau_provtoolbox
13cc5a7622e5aafde3608f2a7b8461d7a7cb2dc0,lucmoreau_provtoolbox
1405e26f3441c8a6faecee91635f266dc074a909,lucmoreau_provtoolbox
1416f45c73d0dd0ceacb9e9a0be1c4b3bde64fd0,lucmoreau_provtoolbox
1419d9fbf93df25ecbf3c8127e57527a64806e68,lucmoreau_provtoolbox
143f5fc7ddfce92bd8f782406d1731bf4f0d4634,lucmoreau_provtoolbox
144c639a974d8898fed9c7474a56c6c43c1c7eda,lucmoreau_provtoolbox
1483e64392476f101426d41e648d051f5185dd04,lucmoreau_provtoolbox
14841f7363407765fa68bd61fa8fcb714b33b380,lucmoreau_provtoolbox
14ade6d52b997cc2a2f358aea989307b8ec69e2e,lucmoreau_provtoolbox
14d13bc9f66cb27bd2c5af3fd399126443257d73,lucmoreau_provtoolbox
150aff08aa805191503dbbada51fa6c8c3cd0175,lucmoreau_provtoolbox
15139727a30dcf3ec3e1425dce92487a36ce07a0,lucmoreau_provtoolbox
153829a73e0970c40a82c48e4dab1130c0fb2310,lucmoreau_provtoolbox
154b7d9948f7c01e1ae83f7b941aefa5d5fa62ef,lucmoreau_provtoolbox
156186cdc687087b9f0dacd9a97ad9a3b514f908,lucmoreau_provtoolbox
1561981841dc2d4da91c64ea31d030def059f59f,lucmoreau_provtoolbox
1590c650ba99a2450876c5e9830c8c7fd56b95e4,lucmoreau_provtoolbox
15aa2cd7a101d006aba9a7a43ba029e87ae46f29,lucmoreau_provtoolbox
15b320f15254968f03dc7d30ea4862cc39bb695e,lucmoreau_provtoolbox
15b4fc288a4d061ff16f9926fc7e08a934399d0e,lucmoreau_provtoolbox
15ca88b784fe4587ebd98ec0e1550f5ea4c70320,lucmoreau_provtoolbox
15e11ccc7d52a53703e534be6f44b9ccbe659c97,lucmoreau_provtoolbox
15e9819bc4bdda5040e9a6348cc994bf0c1f28a2,lucmoreau_provtoolbox
15eaf7a6b432e8f26f70fb3c0f0124096901af1e,lucmoreau_provtoolbox
16013d66ebf52a4ee6fc083aacd29785fe72fa71,lucmoreau_provtoolbox
16293f8bd789d464c13942ae3dbdd9f0fae0d85f,lucmoreau_provtoolbox
162b4d637e4031701c60ae195e2fd3ad56339fd3,lucmoreau_provtoolbox
162bb5ff7065e9240c2396d82be7739891a058d2,lucmoreau_provtoolbox
16309edee78af86dc95f2d2c3490a722670be246,lucmoreau_provtoolbox
1658a69c9657e01ee0cfff673bf9d295659f0995,lucmoreau_provtoolbox
1667cb1b3ef5239ba5ecfe4d4c7147f3aeb00b13,lucmoreau_provtoolbox
1675b6d88b70a4a0b8afd37a00f0492f927cef06,lucmoreau_provtoolbox
1677a567fc92331e9393c7a7bad43c73a7269e60,lucmoreau_provtoolbox
167a838cebd133d5208bdc82b747ee4c4015221e,lucmoreau_provtoolbox
167bb8db0764920db36a80d486036669fc6df133,lucmoreau_provtoolbox
16901fabe43096b03682058df2c19e62161e5748,lucmoreau_provtoolbox
16a10be8bf4c3024283fe3d9bda1354a73ce4302,lucmoreau_provtoolbox
16b4331a46c2299d76c52e3a57206a96fa09cca0,lucmoreau_provtoolbox
16ea8184fe23fe4dba78f59385367accf53e2d64,lucmoreau_provtoolbox
16ef8baca2ad627bb047d4f718e7ec988dbd2bb2,lucmoreau_provtoolbox
16f8d4ca6b717b447c72c3e5c20aba1311c09320,lucmoreau_provtoolbox
1711d253c9843d00ecaf40fdbc8cdbfb249e6886,lucmoreau_provtoolbox
17121cee610725c2de642051a201dad722bffe89,lucmoreau_provtoolbox
172d064767d7ac27390dbfbef1c082c9dcd4ed89,lucmoreau_provtoolbox
17619bfddd71d454202f084bd0233d3300c372a2,lucmoreau_provtoolbox
17966689614f913206e2956f5d2a9ba3ada688e5,lucmoreau_provtoolbox
179ed637dbcfe9b83758ba1a37b8d4ce614b3ee8,lucmoreau_provtoolbox
17a1d0b4017d2fbd84902bdedd6ef55da64178a2,lucmoreau_provtoolbox
17a97821b2c67eddab790c2371c76cceac1d58b3,lucmoreau_provtoolbox
17b8dd98f70b289e556967037b7c35702cb37633,lucmoreau_provtoolbox
17e2f2945d3f3b4161b961bf1e1973966548037e,lucmoreau_provtoolbox
17ef84c4d73f8b5172165f5e929bed78bf805648,lucmoreau_provtoolbox
17f50dd52941a2df1ad8db966508be54dd7c1039,lucmoreau_provtoolbox
1822db398c35e4b48f5869ca76f05530629744b9,lucmoreau_provtoolbox
183bb1d7ecac314d4a823d59525f3955911e57f2,lucmoreau_provtoolbox
184cd7906ee4abce1d808b1d2c7c3d161b5851c5,lucmoreau_provtoolbox
185fdb87f502508e3fd13cb3f920d3e25a6c2b80,lucmoreau_provtoolbox
186c25e6dcc84b316f1c70c2ec5b6fb60768c2c4,lucmoreau_provtoolbox
1876f7fc3d69a1827b20e5ed93fffdfa81c1c713,lucmoreau_provtoolbox
1887ae21a9c4f40eb14751c06c204a7c9eb100a0,lucmoreau_provtoolbox
188c215d270dcfce4d08613465d7c9a7c2f5a3ba,lucmoreau_provtoolbox
18c5f816f57e81cc8621c7dfe2bbba1046188b4f,lucmoreau_provtoolbox
18ccb94fa63aa23c4bdad73bf80472a2ec24d4cb,lucmoreau_provtoolbox
18d472f4baeadacf1c9d1636d82f332a39cf4b5d,lucmoreau_provtoolbox
18e3567657dafbef2e3638c603ac3dde168a97d5,lucmoreau_provtoolbox
18ec43336c994a8f5b357a4d20c3fd3421edfe24,lucmoreau_provtoolbox
18f403b945c3a2c2ecc4e3e82a214dd669839541,lucmoreau_provtoolbox
18f95544d943423a7407b9f0ab47159bc009eccd,lucmoreau_provtoolbox
190b9a653ce6c3dc77c72a9e47ad2d325657cfe4,lucmoreau_provtoolbox
192207782d12ffa3380c3169a8ebbbb7f6638252,lucmoreau_provtoolbox
1936be29a34e7036e1500d6a26a684a0d2dba436,lucmoreau_provtoolbox
19522b84f6455b4d1abb10dcc58eabf395a2db17,lucmoreau_provtoolbox
1964c767aa3f4045094f14ea9e39a983aa32e074,lucmoreau_provtoolbox
19655909b3e47007c286d3057c89cdb63f7badc0,lucmoreau_provtoolbox
1976c33994b98d926983bff8e1a0fb32f9c8acad,lucmoreau_provtoolbox
1988f498352efec396d609232c1661cd732f877b,lucmoreau_provtoolbox
198996315a7c67bd42c4ab3eb51eaf2b68d1974b,lucmoreau_provtoolbox
199ae2b4d3550411d44a4768ffea2494744dd09c,lucmoreau_provtoolbox
199d58e5fcc504d4e9ce06183ad6637cf7bb7914,lucmoreau_provtoolbox
19a699e37807e1e8401fa5c1b44bddfa142ee99e,lucmoreau_provtoolbox
19ac7df15951693789aa373fe8ee1470bd071b78,lucmoreau_provtoolbox
19cccf9cf05a592fbf4817dfbb499667ed94c0fa,lucmoreau_provtoolbox
19cedc72ecf466656d6639f841f898ef138ad171,lucmoreau_provtoolbox
19d8e37526d7c3820212fd834d5b9da931bd3c4d,lucmoreau_provtoolbox
19d977bed39808e5b97d9a7fbeac8318fec50099,lucmoreau_provtoolbox
19e92295c0c2596fcfef135a96a63bf0928da976,lucmoreau_provtoolbox
19f6d50b8d78dafb1f32facfab7c755ca597408c,lucmoreau_provtoolbox
19fc8a46ec7461fda36dcc6343745a3355cff93b,lucmoreau_provtoolbox
19fe53f36974bdc24e865106377525cec3c6308b,lucmoreau_provtoolbox
1a19dd61453ea4970c047ac24d42d16e32f92475,lucmoreau_provtoolbox
1a284be3876f93b9260727f12c8f5b83e9ef5110,lucmoreau_provtoolbox
1a2d4f341482085a7faf584d7aebc570cfc0ea2d,lucmoreau_provtoolbox
1a69abf11027337d88c4116978026d03b7806304,lucmoreau_provtoolbox
1a759d66574d7efcc62be97c79e2cee3c7302900,lucmoreau_provtoolbox
1a9811410c356ad2720cc0bd6ff83e19ee145d06,lucmoreau_provtoolbox
1aac8f93cc220b012ecddbec2a6db2d2e6222b8d,lucmoreau_provtoolbox
1aafa7dfab4ff8f476df9fcc5269d59b1b4a42d0,lucmoreau_provtoolbox
1aefa30d2013a5cacb7a2eb74629f0981a3f6c4a,lucmoreau_provtoolbox
1af26e04121222a603a31465cd37a7cbd390a658,lucmoreau_provtoolbox
1b1f59567523d158dd98f9e4210d7353e2cda04d,lucmoreau_provtoolbox
1b6513c7b03c10dbc313f383cdf20e0a2e5aeb56,lucmoreau_provtoolbox
1b85c04961264bd90f822cfe3da34ef43f0a95bc,lucmoreau_provtoolbox
1b8a4241de74619ff6f695fd91fff0e949df8ea5,lucmoreau_provtoolbox
1be3a9fc68a35e8b159a4d71d2954cc84c8b45ed,lucmoreau_provtoolbox
1bee118181c05df7c1ae3f2f488f3f401042a0be,lucmoreau_provtoolbox
1bfd86f5714f28b5a4420fcd3a06b1c6690880c5,lucmoreau_provtoolbox
1c043bd0e189b2a7005f30a9ad628319a64ef22a,lucmoreau_provtoolbox
1c1450f77ef961637be8c7ad2143a9d0aea1f68c,lucmoreau_provtoolbox
1c14e1041dd228c20b5cd7947c80ea0ad37dc736,lucmoreau_provtoolbox
1c17b4542bc8021d47a334b820ac1de24623130d,lucmoreau_provtoolbox
1c1d606619952b2b725817bae2d50e659f63f7a5,lucmoreau_provtoolbox
1c20952300df841ff2f13fbeabf6d90a05c8b5eb,lucmoreau_provtoolbox
1c293165b87888a6c9abfb968d0c9202c177b774,lucmoreau_provtoolbox
1c2a4b9a65e55d17473934224c4e9ef3f78ca27c,lucmoreau_provtoolbox
1c2e660837905341445afc10eaf062c71e318ea3,lucmoreau_provtoolbox
1c46fef9427b8615a76d0675eaeeb9e2e58d36bb,lucmoreau_provtoolbox
1c54e8830140d8526824853bf5e3eee47b07dbd7,lucmoreau_provtoolbox
1c5585bc693f0355f2391c999ec0e95047a06cd5,lucmoreau_provtoolbox
1c7762c8dee51d6d752d228ca336d490c29abef1,lucmoreau_provtoolbox
1c8891cc004ba9b510dac4141b1f216993aae2f4,lucmoreau_provtoolbox
1c89bc6bd6d949538d7ef7662c3c60edc1ad7607,lucmoreau_provtoolbox
1c911c08c53b4460582e3ca14951c9045b9e5565,lucmoreau_provtoolbox
1c9a2ffb97b66bae206bedc95fd5f5af44f2ae4d,lucmoreau_provtoolbox
1ca31f6ce9af617653e29781a4c6d759f542b8f7,lucmoreau_provtoolbox
1cab88abef12c0757129a01bf235d074d3ea56f4,lucmoreau_provtoolbox
1cc6c6bf08fe811fb5312a202dc877704da286f6,lucmoreau_provtoolbox
1cd545baf97c06c9f14b6960cb85b3b134a3ef4e,lucmoreau_provtoolbox
1d257a400af732e77d657a7718948fa586b4d025,lucmoreau_provtoolbox
1d32cad4f6d4776de951c7dbaa2af55eefedc3f6,lucmoreau_provtoolbox
1d46456735317eff7dd01879e1f14a91cfcf4854,lucmoreau_provtoolbox
1d518931c48c7ebc8b3ddfe1320fe9110cf373fa,lucmoreau_provtoolbox
1d8a07a60fde01ba07e6db8ee69a1edc7976b6c9,lucmoreau_provtoolbox
1d8f27622f7221a305840d91d6df96fcfc3fc985,lucmoreau_provtoolbox
1dd5032aaa91ac51c3dd4409a789c824977ed55f,lucmoreau_provtoolbox
1def4c46fcb7ab673a117736b374d6fee7521643,lucmoreau_provtoolbox
1df06ecf5e594dbd776f789bae6cc639de4cd6f4,lucmoreau_provtoolbox
1e222ea16ca65e74170c4459114b8d18e0352945,lucmoreau_provtoolbox
1e23b3c14118f15e58952e2158711acba3970598,lucmoreau_provtoolbox
1e3b53667607440cb27edec2c9f102e05ae59ca4,lucmoreau_provtoolbox
1e5434bcc1f31016483573f3d81ad96c5ab9d1cb,lucmoreau_provtoolbox
1e691e974547c6f40e01a7f0744331cea663f6e0,lucmoreau_provtoolbox
1e6fbf579ebc2a53cb15891d713016c9fafe63d1,lucmoreau_provtoolbox
1e70ba90ffbc52175f5e8460515fdc7c27432a43,lucmoreau_provtoolbox
1e7e2070ac76f82e06120bbba6c3d1214e1fd076,lucmoreau_provtoolbox
1ea5f57f9aa7f1df4fd18e9f95bd878fe6c604e7,lucmoreau_provtoolbox
1eb512a89cf85285ee5d29a194412adf4722d9f2,lucmoreau_provtoolbox
1eb712af9622fd127b524528febb822cf5d72282,lucmoreau_provtoolbox
1ed5373c952257a0978ae5d30b95b229752cdcc9,lucmoreau_provtoolbox
1ee9085eb2929c5284425f486a80bd73140e9a07,lucmoreau_provtoolbox
1eee2566000e685d1b12eb52d5ce620345b94c54,lucmoreau_provtoolbox
1efb572d85a490c4e3c1faa818a4552d02975759,lucmoreau_provtoolbox
1f033856224a3bedf4663971b86b1200f2f98a18,lucmoreau_provtoolbox
1f033bf239f4b4126abe823c0c171f87d47c9393,lucmoreau_provtoolbox
1f12a6c601fe85d9904c0bdcc3bca130525e669b,lucmoreau_provtoolbox
1f1ecb59497402bbab1a84da290aa8a196ec03eb,lucmoreau_provtoolbox
1f227fd31dd040b8b4f5a95055b93ffa88f4d426,lucmoreau_provtoolbox
1f312cf5cb98e81c9a2bb60349e957645fc42a1e,lucmoreau_provtoolbox
1f722e6e1875f37c0234ca1fda02d934dcdd2372,lucmoreau_provtoolbox
1f7b1757ebcf07bf9f8a3baeff6bdf6f8ffefe76,lucmoreau_provtoolbox
1f91f140632a8ffd080a78e6e4a524ba377d858c,lucmoreau_provtoolbox
1fcaf06fb0d0906d990e06b58fd0e664a494b1d0,lucmoreau_provtoolbox
1fe2ba36180fa71517119a6175fb7a6cd2fcb0bd,lucmoreau_provtoolbox
1fea169f5549f283179c1ed242c592bb7af2f0cd,lucmoreau_provtoolbox
1ffec95e09c66396c36636e2df5e6adac8cd84ae,lucmoreau_provtoolbox
200505314e634a752f54f94f99af3c099e01161e,lucmoreau_provtoolbox
20141428f7b0c8e621bc73554eb8548658ef03fb,lucmoreau_provtoolbox
201c5d85e507983d407ff28ed620095a0da6ac54,lucmoreau_provtoolbox
201f9864de9d48167cf62cfdb76043566189b099,lucmoreau_provtoolbox
20295d031f4af9fb4c44408d1004b7d981a2ecd4,lucmoreau_provtoolbox
203ad694ed26715a4aa82aef0f48407ccebe6593,lucmoreau_provtoolbox
2042105cff0108ea33bb4f4ae5054869eed08029,lucmoreau_provtoolbox
20629b25525ed8815bfb048386f710714eafbdbb,lucmoreau_provtoolbox
206560409a99fb1b4c40298276695450477b1257,lucmoreau_provtoolbox
207316a3f8daa83948873eedc35258a33c41eacd,lucmoreau_provtoolbox
2077919918e3a120dca9ff9d7eeca2a9ab9ac073,lucmoreau_provtoolbox
20812eeb2baa17d2865c9667f15eb8b8d106e060,lucmoreau_provtoolbox
20950d5992907f17690b1ecaa48cf380bedc5946,lucmoreau_provtoolbox
20a35a1268472931bab2a88883a05f81aef7d12a,lucmoreau_provtoolbox
20a9edf219e84c383d28283bc199d9ac32903687,lucmoreau_provtoolbox
20b427e4aa3f5630fa226df4387d52666dc87df8,lucmoreau_provtoolbox
20be3cabce30fe521032301d9b54d2cf53975e8b,lucmoreau_provtoolbox
20c56f8b7c8b3abfdb6a6f6eb68ae6968df8e02e,lucmoreau_provtoolbox
20c91f8bfefeb7945b60760e6c23da8d0a69d5e7,lucmoreau_provtoolbox
20da17830fac78b6eeb63d961f039f166633930f,lucmoreau_provtoolbox
20da3cd42e21cb022f18e4d57d4fc3fcdcda5ef5,lucmoreau_provtoolbox
21170764cc10ac8c1631253eb953e5082296daf5,lucmoreau_provtoolbox
21184270cae365f59e0f5763287b04b9b435da3b,lucmoreau_provtoolbox
21189a8f50a71a94c1a3dc8687c26711c53f0baa,lucmoreau_provtoolbox
211a1110e5999355b05464e7626ca6ae462cd940,lucmoreau_provtoolbox
212cc4c563de8c080cd8652976234bfd4ae8b48e,lucmoreau_provtoolbox
2157744f55d3515044f30bc73d3f29d7324fb957,lucmoreau_provtoolbox
21665421368b913609a231b8ffb69db1a3455ee5,lucmoreau_provtoolbox
216b6c732d180225749548e43cc0e2c7327ff186,lucmoreau_provtoolbox
216e9ff3927b119f3afc9afd1ffaf0773cb084b1,lucmoreau_provtoolbox
2175401ae229874bd961aac9cc1c4c3f0a0dbb43,lucmoreau_provtoolbox
217a84fc9418c4c1f325848eb5d9b1b16b5a713b,lucmoreau_provtoolbox
217fb7561400615693b152abe5706d6c54fac588,lucmoreau_provtoolbox
21834bfb0403ce91f5ba6c7f8fec327a56d461f8,lucmoreau_provtoolbox
21bd54b9eeee9c9a90b7b59fc3a3c20bbfb900a0,lucmoreau_provtoolbox
21c10c01157924d74874fc125d1bca43e2a2de8e,lucmoreau_provtoolbox
21d5837e5f973f7bd959b3b1a76d50ad0ff99b1a,lucmoreau_provtoolbox
21edce5989e41a17fdb97cf7b9798299971baf3c,lucmoreau_provtoolbox
22022391d53ca50b3f02f2076de83e9a60999752,lucmoreau_provtoolbox
220a2d536ef81e47e4abeae06ccd85b156ab92cf,lucmoreau_provtoolbox
22162c226851dae2c59799110ba39a7a327b5cdb,lucmoreau_provtoolbox
224a28c1c494a94c9a2d64a823f6bd443dd07249,lucmoreau_provtoolbox
2259953b7e9281759822b3b4c6dbf38d2647318d,lucmoreau_provtoolbox
2277b51d2b830d1bd3861e31ccc851a7cb6b61c7,lucmoreau_provtoolbox
22850564d21e017ca3d644d0786d16f8a35c1bff,lucmoreau_provtoolbox
22892f227754d9c60009a71c1cee5fb7af7ac8fa,lucmoreau_provtoolbox
22982effd3e99e9303bbf8322af8ed0c7bdc3e28,lucmoreau_provtoolbox
22ae21977fd9a310141bc87ec5fed75c3a6baccb,lucmoreau_provtoolbox
22ccdbf996f3ba1fadf63de84f3f84b5b324b4c6,lucmoreau_provtoolbox
22d55ed8b90431a078eeb4622830de78bc55b51a,lucmoreau_provtoolbox
22e63d3f6bc1d9264ca016d4621e33601bf47c6f,lucmoreau_provtoolbox
22ee0d459caf3eebcafc452e0eacbc3b20425e03,lucmoreau_provtoolbox
22f879cf9a0fda11397a3b95d42b87973b4ef036,lucmoreau_provtoolbox
233c92083dbe5895d1175c75bad8538ad76a1020,lucmoreau_provtoolbox
237d0f9ffe698e85e88db899aa8a9c249b44d302,lucmoreau_provtoolbox
239b6c65bbd4f2abc3bcf89ade32396d3e48b837,lucmoreau_provtoolbox
23b1fe2bf3a82143c9d52cfddd67856140b34199,lucmoreau_provtoolbox
23d2f459df1a0bfb28530363ef5347681ff41b49,lucmoreau_provtoolbox
23ecbf50c51ac34ffcdf2d246f2fbc8cbc08c992,lucmoreau_provtoolbox
24156ebf47ef32c898dc65d9a1d58e20da2529f9,lucmoreau_provtoolbox
24360749e71179595dc91a01a8fb57019c6579f9,lucmoreau_provtoolbox
243f759879e7edd9416fb871d937584d2488ad1e,lucmoreau_provtoolbox
244257a8a498ad96f98380fc5c37679c42aee10c,lucmoreau_provtoolbox
2466ee8faf2ce0dc7709c90368d94078eeca9274,lucmoreau_provtoolbox
246ced4bbe69a0be46c69d547ce6ecd497c23766,lucmoreau_provtoolbox
2475e653ba0c705cfee37d5be0cb0c177e6260c2,lucmoreau_provtoolbox
247df15d8041220e356663632227bdd9dd263b50,lucmoreau_provtoolbox
24caa56a5a15a9f38709200ac603523ed0772787,lucmoreau_provtoolbox
24d2385e9d50706d53925c9837bc1294d9816321,lucmoreau_provtoolbox
24d4898343fb6e93e10edaea885a3e0f9ca1abd4,lucmoreau_provtoolbox
24dbb065f047b74d81bea4187fe1b444dec9bb04,lucmoreau_provtoolbox
24e6879072093923717f797f968577c6bf4c90b6,lucmoreau_provtoolbox
24f1bfab6ef5f6250e1144ab9535870619faed71,lucmoreau_provtoolbox
24f82272d32572aafb20168ef299241243851075,lucmoreau_provtoolbox
2500a5e6754d7627f0e95e3e929eff1c7ffedfac,lucmoreau_provtoolbox
2508e346b061da9cfc4ed7fa6a34b2cfbbf1b915,lucmoreau_provtoolbox
25144d73b7947999f08b2b0804dde86b67ce20e1,lucmoreau_provtoolbox
2521fc9e5ba30f232599727c42d9fa279f427ff8,lucmoreau_provtoolbox
252b768b8ed5081f949235cce6466d0ae2ca56fd,lucmoreau_provtoolbox
25315f6499fdb59b96945d9d9eb9d0082c429849,lucmoreau_provtoolbox
253842208520c266a92c743b336772624e1c8568,lucmoreau_provtoolbox
2571002458db97545b91d2e6aee39fdc55bacf84,lucmoreau_provtoolbox
2591f801d73a77808c8c772c32253d7f69adfe3f,lucmoreau_provtoolbox
25980b743476e0bc842ea1c4b41b266ea373de7e,lucmoreau_provtoolbox
25a3a18e8bc7c0f42e409b1f1bbef92dc9920b9c,lucmoreau_provtoolbox
25a74c9b9c1bd1aafb96c2bfc94aa7b38aef12c2,lucmoreau_provtoolbox
25a856a85180ad270bb2ceaf151a1a9afefdebdf,lucmoreau_provtoolbox
25bbfad3169ac1d32b465c65d58c67517e74030b,lucmoreau_provtoolbox
25c1e5d50b8cec1c701e6e0ce0e93e128d2c8cac,lucmoreau_provtoolbox
25da959a44fe7ac88fd85d9e1201f1b4ee070f1a,lucmoreau_provtoolbox
2618c7b3132018bf39ac9de124e7f3110e1c2984,lucmoreau_provtoolbox
261caf8349c2846ac6043036867886f53f4638d3,lucmoreau_provtoolbox
261f6dd781418c5f5a9d67320c15474030059c31,lucmoreau_provtoolbox
26277554c3248ff750ac4183072bc9faebe85048,lucmoreau_provtoolbox
265943d418ddfe5dee5f7bece1cbb6257f5bdd79,lucmoreau_provtoolbox
26683e7296882ff2cc466b66e6e808fb443b0129,lucmoreau_provtoolbox
266b465aa82d1830c38d4d2cee5827e508ac6e89,lucmoreau_provtoolbox
266ca590d9a4c88b667b7505ce7617cc660eae80,lucmoreau_provtoolbox
267e8d8abbeb6246347f0a59e18737481885a322,lucmoreau_provtoolbox
2680d6fe74ea15f9729270abedab86a19b5a47d4,lucmoreau_provtoolbox
26877703afcf857cb593c95b6a4c5a40a8cb2597,lucmoreau_provtoolbox
2698c8d7de43fabe98bcc635adff5d76d7d9949d,lucmoreau_provtoolbox
26b27c74bd9ee72f19d7eefb43b415ac8a4cec80,lucmoreau_provtoolbox
26c48162902a8f115b6d4c882ef91eb1f4e1884a,lucmoreau_provtoolbox
26cbf088ace323914bdd82eb5727e880957fd405,lucmoreau_provtoolbox
26d759ca65af0b3130a894e6a4966627bfbcf4fc,lucmoreau_provtoolbox
26e01609a2914a23c11b986ccfd9aa97ec4f2c9e,lucmoreau_provtoolbox
26f298b7a2e78f0501fdf026bdf0697ea0977e81,lucmoreau_provtoolbox
26f7a42c1f2a084cb0e0c5be326889470ae48bd3,lucmoreau_provtoolbox
2702ea7aa385fd0551d27e33c4fe0cfc2d5f5b52,lucmoreau_provtoolbox
270a59841b24432f3542a5a09010b4780e68fc98,lucmoreau_provtoolbox
270af14807996f3c65f06bd2d9cc14d4577c63cc,lucmoreau_provtoolbox
271698eb39d2072911d83d72fcdb6f0b412d3536,lucmoreau_provtoolbox
27242b5821b8a3f9914024f9d2a1c06468e9600a,lucmoreau_provtoolbox
2730e6f2f2528ab1461fcf1ded32239215548f00,lucmoreau_provtoolbox
273a71e025ab00397775cf662d6bb5ab16bd3e46,lucmoreau_provtoolbox
274c86f65629031e9b701ded09dd8e22c26da986,lucmoreau_provtoolbox
275b33f4581372588bc22e43f9883e51df4b6bea,lucmoreau_provtoolbox
2765ab1053f72d20bed1303bc163e293bc97002f,lucmoreau_provtoolbox
276fc9de58eb0efe39c5afe56570460dfb8761bc,lucmoreau_provtoolbox
27766953d42449207f6759926f65c389189c8692,lucmoreau_provtoolbox
277fbce41a05c3d81575528e600e19c81e737c51,lucmoreau_provtoolbox
27a942eeced0a922a26964258c74d6672d0a980b,lucmoreau_provtoolbox
27c6b1b12214eea262cd5f5f5faa16e6842fcce1,lucmoreau_provtoolbox
27d5eb6d29fd2a34866000304877a824d1d21a51,lucmoreau_provtoolbox
27f583f075dc2c3211f2f62423c9565c0841f8e4,lucmoreau_provtoolbox
27ff927dc7d3460d9f169258331c5eff1a259a16,lucmoreau_provtoolbox
2811864a889b8afc4636df18762b27c412ac4d97,lucmoreau_provtoolbox
281677a33763f92c43613f856e6d4a04d09bd349,lucmoreau_provtoolbox
282fe89679bdafddacc21d0f9f4e62cd130f221b,lucmoreau_provtoolbox
2837062d60b2cbf6ab0d2e719dd08ede27e36ba2,lucmoreau_provtoolbox
283a198abe81671a404f14406678f6bd4c596b76,lucmoreau_provtoolbox
284c8fb7c919be27c6dd420596e472d0644acd23,lucmoreau_provtoolbox
2856e025622db064d170a5d77eb0cfa101df3b0c,lucmoreau_provtoolbox
2865aa44d55d912ccd43b440ff19e437389fa2ae,lucmoreau_provtoolbox
286606f84b646f2f563acd99932cef09f5289830,lucmoreau_provtoolbox
2869c22f6eb9de4f8f53570d5f3062cd534a2222,lucmoreau_provtoolbox
2875147e1436b81af70f574f9df4247a014745d3,lucmoreau_provtoolbox
28819a446cac3207454f46ed65f6c36d7f0f7d11,lucmoreau_provtoolbox
289055a2d354411425682c17a9a47f4b25a2f604,lucmoreau_provtoolbox
2894c9118d8d1b82e289e7d74b718a5e28151181,lucmoreau_provtoolbox
28a32a6030c8dac9c561abcfedd8d1ef28a36324,lucmoreau_provtoolbox
28ad7b2eb84b9ef618325a44bc544307013da7a3,lucmoreau_provtoolbox
28b4b484e792f7cc9c2584861c9e9eb575dbeb68,lucmoreau_provtoolbox
28b654efdad01b07501e7b8b8f2176fc314630db,lucmoreau_provtoolbox
28b6e4e2fb456fc4a8bdc0088f00f92e30b3daa1,lucmoreau_provtoolbox
28b99d6fde137f57ba3ce423c195d643cdb8ee48,lucmoreau_provtoolbox
28bfb8a6e676757bc44fb584156b19e5df4d1865,lucmoreau_provtoolbox
28e83123331dd72be7d133cad7c3b2580bb0ca7a,lucmoreau_provtoolbox
2903e3eff4109a286b47646318dee93910185cd5,lucmoreau_provtoolbox
2909a80021ff260602c167274b48f9452461cae9,lucmoreau_provtoolbox
29148fb63cc23a3702db542b2daecf55b3b520ac,lucmoreau_provtoolbox
292e6e78df1f67bde7c2e46e8512b29d9ce8e2cc,lucmoreau_provtoolbox
29355e57ff2b217f21ee5da51c9ab743086c9757,lucmoreau_provtoolbox
2946d4765758440db305d5bf07fba40ba70bde4a,lucmoreau_provtoolbox
294d4b895f269a2cef12431d09c154ca0d4ae399,lucmoreau_provtoolbox
294f7644084e09511fb0d86e4a1e91f72fd9a29d,lucmoreau_provtoolbox
29a1a4bf43e800693433861ad93e9f8c75e5cba6,lucmoreau_provtoolbox
29b100932560bdea422b3288798d50dd50c0f727,lucmoreau_provtoolbox
29eab83c921a370e59b2f1e3282c223e1a2dfc79,lucmoreau_provtoolbox
29f6d9656b7f3fa8a47439e7165087f00b6b43b4,lucmoreau_provtoolbox
29ffdab43bbb25b2a070933325abd57a03ff1f7a,lucmoreau_provtoolbox
2a04d55ab45d7e8250e1fc090069ccce34beb825,lucmoreau_provtoolbox
2a320e13b5c1c9449d3bfe4ab2e586b2011cb960,lucmoreau_provtoolbox
2a58d93f1631fa85f110033f9c6f4b214239aa12,lucmoreau_provtoolbox
2a63b0819d6a5e8cd16b000c9a37271a024fef7f,lucmoreau_provtoolbox
2aa4b689a392e0d7b377140ea8251b903143fb6a,lucmoreau_provtoolbox
2abee6b35fe4d2a6d17cdcbbbc387309c8632d6b,lucmoreau_provtoolbox
2ad3c8f3b80983b9909d490391fab8d8285533a1,lucmoreau_provtoolbox
2ae0dfcb5d43a9a97fa606e200b9b352d8ceb987,lucmoreau_provtoolbox
2af42a7a576a0ea327a48688bd8c7712d12cf6c5,lucmoreau_provtoolbox
2b15cf3963c153e80d595a86fe8e497b8898bfcd,lucmoreau_provtoolbox
2b20d958af6303063cab63199ed26b63a06f5d9a,lucmoreau_provtoolbox
2b2139b7158a2c087ea9058c22ea014cef9b458b,lucmoreau_provtoolbox
2b37dc9577c66400561fffec642dbd232cb2071c,lucmoreau_provtoolbox
2b3b29ea8537c812832dc8ff17ad0ed006105578,lucmoreau_provtoolbox
2b751ffd084b87f58efece09496f3c3f39c89852,lucmoreau_provtoolbox
2b8543a85792ebc43d893c67a7859c455e75f414,lucmoreau_provtoolbox
2b9a901a6919c1aea46b3000a8c4f456c968f42c,lucmoreau_provtoolbox
2ba1a729a544b6f6739bf563e88360c6cd407d1e,lucmoreau_provtoolbox
2baafd01cd0a478cf6f2ddc9e26e814de74c9b44,lucmoreau_provtoolbox
2bcb750c9145059d9c012ede1ee4a6b720d0c55e,lucmoreau_provtoolbox
2bcf5ba855d82a15f62367a96c04f45ef8cf8409,lucmoreau_provtoolbox
2bd0cf7a5a4ca4e338eb65479f38991d95a76733,lucmoreau_provtoolbox
2bd78b2e16a08113eb924807262b8d7fbff7f88c,lucmoreau_provtoolbox
2bf2331ea071aa09228e7f96112405ecbebee1d1,lucmoreau_provtoolbox
2bf75b85b28c8f2e741f04b1e7c3355a480f34fc,lucmoreau_provtoolbox
2c0a3c8a0e3d19ca0ec38f916cba18dae1801a4b,lucmoreau_provtoolbox
2c2dcb73cb907c2141578aeae6432f7c2d1f7ef5,lucmoreau_provtoolbox
2c3297f77660a8b479e2177e1f64e223e6acfba7,lucmoreau_provtoolbox
2c33d0ca018ae832e8508ee54a98ffe383d2f536,lucmoreau_provtoolbox
2c382794eaa5d3d8ad0f63f8f44ba593e0f18ea0,lucmoreau_provtoolbox
2c436aa6e39f325224efbfd289e7591115039ffa,lucmoreau_provtoolbox
2c618e3b11c293fdcab8468647e6ebb07ee78693,lucmoreau_provtoolbox
2c66f2d3e412d01517051e54c695cd60b7da7de5,lucmoreau_provtoolbox
2c805b6ed98c47ec6848ca6b20df53cb1355c065,lucmoreau_provtoolbox
2ca24105b1f412b9dc4ea351b474cbec9c3d0806,lucmoreau_provtoolbox
2ca518fb1ab1b24d6cd0d10759995201a1bd93ab,lucmoreau_provtoolbox
2cbad0d068643c132f3a93ac73849f0d80cebadb,lucmoreau_provtoolbox
2cece99bd27655e1876f99a69891838210532939,lucmoreau_provtoolbox
2d1a496b80e871af7e3465da84b931a3d3bad8a0,lucmoreau_provtoolbox
2d5b4cc8fb6649731d16e85c08010bca9859b890,lucmoreau_provtoolbox
2d6c5a8aacda4d83aa348dba6ad4e2bff3136151,lucmoreau_provtoolbox
2d9333b2cbc54c454aff1fcab9ca62624f9b404f,lucmoreau_provtoolbox
2d980d87b4ffbad03507f3bf283e6bef2ad712fd,lucmoreau_provtoolbox
2da54cef79e9ea6412be1a709aedfc42e56094c4,lucmoreau_provtoolbox
2da8afa75fbf63de4f8854cb72a90a9c007fe0a0,lucmoreau_provtoolbox
2dac9c3d894a112f952b4e954400f2b274564451,lucmoreau_provtoolbox
2dad0cd06b340e48bcd3f105f32040c193bd6948,lucmoreau_provtoolbox
2dafcaa75bd8c079a5a9f9bcdec769eca4259473,lucmoreau_provtoolbox
2db09f57337f1acef21662c64a8d2111dcfedbae,lucmoreau_provtoolbox
2dc6121f994f4fbd7eb0beac42851fc7602d0463,lucmoreau_provtoolbox
2dc80eca72874476c74601978f74ec939b346d35,lucmoreau_provtoolbox
2dc96b63ef4cbd2296e7ebf2f621eb2587b9f781,lucmoreau_provtoolbox
2ddf123fdcefa7a3929d96a590693b36e1a62f23,lucmoreau_provtoolbox
2de9ffcdb66e4ed7bb9f041d281d7538ea4f6400,lucmoreau_provtoolbox
2e0358976d885639c8a96a8b841563cbc9179110,lucmoreau_provtoolbox
2e0367104b7ef31bc9c54b5329d77a310f0d191f,lucmoreau_provtoolbox
2e088c86cec7bb4860f8678450d4eee877083181,lucmoreau_provtoolbox
2e1f293707b744486c78588f7a6608502784e104,lucmoreau_provtoolbox
2e24424d20951f69f704625830c40cd5f76471aa,lucmoreau_provtoolbox
2e2a1c2408db4bac7e6f561f61b798fdff8e28da,lucmoreau_provtoolbox
2e3529128210084b1ec06e1c4e932f9cdb97dde6,lucmoreau_provtoolbox
2e371e52cb92ce7e767934136c48e9155f30e027,lucmoreau_provtoolbox
2e44bd40d1c1f45b31a0c4e5e84d4bdd3b4f56fb,lucmoreau_provtoolbox
2e460acfb1e39cdb3170928e054a1e28ad5a69fa,lucmoreau_provtoolbox
2e640ce6ce5b4bff8f8117ffcd17eda131e7ab8a,lucmoreau_provtoolbox
2e9179f6d686065a903c941f453b023f1b886b55,lucmoreau_provtoolbox
2e967b36e46c1ffd967b835f4d1fac2819c72e06,lucmoreau_provtoolbox
2ea501fe4fef04fde374cc1804e750d19ea1ce89,lucmoreau_provtoolbox
2ea6aa8bd7bae1a5d0429c3b864689f2f15c4e4e,lucmoreau_provtoolbox
2eae5648733b32f4893dd9896e21e0b92d07e15e,lucmoreau_provtoolbox
2eafe6f561976c95a9ba08f9b451fd9745d4ab6d,lucmoreau_provtoolbox
2eceead3ba57b0e23cc11ecf4b06515b59a66396,lucmoreau_provtoolbox
2edcdf0cabcffbf82b08548f32a7f6aeca830a89,lucmoreau_provtoolbox
2ee0592ab1db9222ada9c981500b179784af3469,lucmoreau_provtoolbox
2ef36d79c3499d9f8f717532b04a1090c141c661,lucmoreau_provtoolbox
2ef7fe280d8ec7cbc16cdfa873976db49019a447,lucmoreau_provtoolbox
2f07aa1992f4dcb2d9418d34c6cfe5a098e8b558,lucmoreau_provtoolbox
2f214528f214aa5ff252443fd6bbb9c7c0032668,lucmoreau_provtoolbox
2f37f3ff3364bf63f6a3029024acb392c49490e1,lucmoreau_provtoolbox
2f5bd5701e04412c965b7df614904edb2f5bc902,lucmoreau_provtoolbox
2f65528335136086b20bced3287f5f6c7dfe889f,lucmoreau_provtoolbox
2f6fca90f7cb893fc372bf292a3068941d34c2b0,lucmoreau_provtoolbox
2f7a5d4e84d1e4c2ce74d16c4c8c0550effee268,lucmoreau_provtoolbox
2f9113bec84c51cc48776e934accd775a65d1ce6,lucmoreau_provtoolbox
2f92e26b78defd950a22bb122d49415520d24767,lucmoreau_provtoolbox
2fa4aa2bdeb80b8b14b66a2caefdd1d7d6c7a436,lucmoreau_provtoolbox
2fa6c71d353568ae9e3f64102ba16892838a10ed,lucmoreau_provtoolbox
2fba8f2b53b86dbf44ae449cc934d6d7a71fac78,lucmoreau_provtoolbox
2fcae98202888c7c9bf8914f3d2b39a25bb64672,lucmoreau_provtoolbox
300eb884b74af0bffbf5e19b750bad65a6fb560b,lucmoreau_provtoolbox
301204f5179e1e7e1dd8ee5737901148baa40827,lucmoreau_provtoolbox
301aeafe22f4aff90accec5e6a234889f7e4836d,lucmoreau_provtoolbox
3023b7a1a8e820c97863f9f5dbf3ec99c7429a01,lucmoreau_provtoolbox
302cc8456a4905b21bc091258aabb64a067e6593,lucmoreau_provtoolbox
304ccb0114ec8d7a8e72a8afc08c1aee597ed021,lucmoreau_provtoolbox
305ff565e2456e1e4a1d84c721480164c06972d3,lucmoreau_provtoolbox
306027f7e37dc84072b52878b531c786dd227811,lucmoreau_provtoolbox
3084740b857a9a6f37997010d2e0ace79f1d73c5,lucmoreau_provtoolbox
30a71243bb2e4b393ddba9f4ac8de3a48fef44f2,lucmoreau_provtoolbox
30d3cd7d43e9deb8c4f0a46d076853aae759c1c3,lucmoreau_provtoolbox
30d4a7ef3892ea27bf21edd889a1aba43a8365ba,lucmoreau_provtoolbox
30d6845c11ddc135e887dd618b5257e8dbb65dbe,lucmoreau_provtoolbox
30dbfb98914088776f1c00d9e6606ae37a12ca13,lucmoreau_provtoolbox
312fecb2b98f01c7c06ba3a850a765e98c122f43,lucmoreau_provtoolbox
313892932985bf7885e01d821faac6af6c281091,lucmoreau_provtoolbox
3141fa45b9e4fd21d138153764e3c513c7fb1eae,lucmoreau_provtoolbox
3163c700ef9226834e974f89e19d1c1be60f19c8,lucmoreau_provtoolbox
316dd1ea2ed23a4580ea0889a6b1ee6735864290,lucmoreau_provtoolbox
31709d45cf8ff910b7d7d1b7d5df910cfe7a9866,lucmoreau_provtoolbox
317cc31a6ccce56f1da8033b7648dd66977e3c36,lucmoreau_provtoolbox
318ab157a71e6d483fe15ce7384ab00b37daabff,lucmoreau_provtoolbox
319769729e068a3fd2d82df3a7c89be6a0f6d57d,lucmoreau_provtoolbox
31a95776f446c4ff826fc4babea14c08b941879c,lucmoreau_provtoolbox
31c0cad6dd662599f25d96d27b327a75fa25f78a,lucmoreau_provtoolbox
31c2fc33a17d865289663806ba1a73346be0c41a,lucmoreau_provtoolbox
31c3b1f0a5a973dec7c44b5ec8fbf554707ffb63,lucmoreau_provtoolbox
31c7516f873b9d3c6ce8b2df0e1e3bbc51300afe,lucmoreau_provtoolbox
31d9b13db8b1165a35be2de6443d93cbc5bcb2a8,lucmoreau_provtoolbox
31dd1f8c36c342b40891cbe5f4ee7becf4d92a77,lucmoreau_provtoolbox
31e19cb5f5415c859a7cd3bf8356551dd62dd4e5,lucmoreau_provtoolbox
321756e1bb2fe493b222fba438fa9d12d8504bb6,lucmoreau_provtoolbox
321c15025befe04a1c76afb14138ff77af44f067,lucmoreau_provtoolbox
3226e2c84802457ad034344a54c38e8b7d68f5bd,lucmoreau_provtoolbox
3229ba191f25c698d57eb2257eb6b294584a957c,lucmoreau_provtoolbox
3236fd68f5630d974789dec1cffd92d4b87a9645,lucmoreau_provtoolbox
3245dcc3ce033ef816b2ad749469411c90041551,lucmoreau_provtoolbox
32504781c3192fd69ba5c2b99f2b44a9c7edd135,lucmoreau_provtoolbox
3256079f69d90a109a19f9bf38427f9271ad882a,lucmoreau_provtoolbox
325ba585d3e92f056e87bde8a4afdda4ddbe1700,lucmoreau_provtoolbox
326cb3e6f49a37c40d9aa17685019889766d8e08,lucmoreau_provtoolbox
327d3b46968efe9eefcad4e94be0971783f52b98,lucmoreau_provtoolbox
32831af13cf261663a7f23ee93bd9c042a5977d5,lucmoreau_provtoolbox
328bd8348f14ea23a5e9ba6e9257c31f1ab1f953,lucmoreau_provtoolbox
32902942f5017d7cbe635c99e38c13e8bffb85c0,lucmoreau_provtoolbox
32a41f975689c1abcdebe2cebb94a0657312efde,lucmoreau_provtoolbox
32a7a3b6c1d9b8bd008929525e398e24dc555667,lucmoreau_provtoolbox
32a82e7da932938a62e60d1cc2b4ce3a46797898,lucmoreau_provtoolbox
32b56afa38b8cb542516bc7ffbfdfe6dafed1957,lucmoreau_provtoolbox
32bb398e24fd9406b4905ae86f01f3706d159a2c,lucmoreau_provtoolbox
32c2ca49da3473e61b84a16fe8dd2a60a6c45024,lucmoreau_provtoolbox
32c94915256927a0d26c3871234e57d927ba23d8,lucmoreau_provtoolbox
32d03f98c8f901f45f25acf0cc2c87934a1eb822,lucmoreau_provtoolbox
32e9c3761301f2a48d7da8d1dcc2cb979f3d0dc6,lucmoreau_provtoolbox
32f71145e82c9a459fa74aea9d532a931b8bbe25,lucmoreau_provtoolbox
330d94dd2cb5096691730472705e566fdfa3a4df,lucmoreau_provtoolbox
332278047be36339bf7b87de7e67e77cb4ddbdcc,lucmoreau_provtoolbox
3324425a8ef643abff8584022d26d5f50bc6a1b6,lucmoreau_provtoolbox
332baabb992258d9ef88048edf36981a84a180a4,lucmoreau_provtoolbox
3339991327a4536588d3be7026a1f483746e6df7,lucmoreau_provtoolbox
3365188f707376af180b2c0c32f836a5c61a98bb,lucmoreau_provtoolbox
3372b395ed36691ab50c5a0d302b59ee48471fbd,lucmoreau_provtoolbox
3373f00472b20b08b9ba2cf4359fc540b41f7215,lucmoreau_provtoolbox
33786fe28cef6810ed0083dada005455b738c84e,lucmoreau_provtoolbox
3381f1a864a7c27d080523740cb12d5a233313db,lucmoreau_provtoolbox
338b883847988911c4194f4879f6a8d8ba39c2a4,lucmoreau_provtoolbox
33907ad41c75c0cf246e2f67c045889408235b5b,lucmoreau_provtoolbox
339b027ca23b27654740f4544abc4eaf97510a52,lucmoreau_provtoolbox
339b9b8a10b7052804f8575021b86c2353868576,lucmoreau_provtoolbox
33efd2c48167e994a762eca0c2f6253e295b47d3,lucmoreau_provtoolbox
33f35a50b003ce2effa45730a945fecfdc460b2a,lucmoreau_provtoolbox
33f7a58a7cfac4eb330a38b30abcf2b89b8b33f6,lucmoreau_provtoolbox
3407c7f358d944be6f60ed254d1fc3c92f5b731a,lucmoreau_provtoolbox
34388e8a5c9561a0cdf6cd17199ea63627dc9133,lucmoreau_provtoolbox
346ae4f889fb66119f1f9a941e09fd3038091dc4,lucmoreau_provtoolbox
34a4c282dd90c6e10dafedeb903fb7b1b6ec5955,lucmoreau_provtoolbox
34a92b28c8bb9c57c8c08e6f377842c242c829a6,lucmoreau_provtoolbox
34b8ccdadd2f3eab9bc4fce02fc10d02e11a0f4f,lucmoreau_provtoolbox
34cb58859a4d3ce0c5217b05c14cdf883e2257ef,lucmoreau_provtoolbox
34d1b7f6fc2c96043dc90edd02859d6d87bfad4b,lucmoreau_provtoolbox
34dae6697ce683751008cec46d1273a8502dad06,lucmoreau_provtoolbox
34dfaf72aab7b41cc9f1b7b7f58c1609a9ee9352,lucmoreau_provtoolbox
34f2c465e9b58ae7997d6c426d2abece75c832cf,lucmoreau_provtoolbox
34f948e2d0bdb552eca94e9357a65371c5ef3b0c,lucmoreau_provtoolbox
3505022f44a8ff727fb891d4c0dbfa866f0b636a,lucmoreau_provtoolbox
350fbc9be2f3dbf46f79182526e0c1130ccd8ae4,lucmoreau_provtoolbox
35171969e0c456c12787933ad0f2b04ef063f0db,lucmoreau_provtoolbox
351c9c18f4bffb04e02ae385a905476435e5ecab,lucmoreau_provtoolbox
3538e44e23b194b5d350b17a168b72c2d892827e,lucmoreau_provtoolbox
35421fd132f5a53cbe5337afd79699a6995f20af,lucmoreau_provtoolbox
3542ce63ab18ff0605306c688b35021d1a9f5cfc,lucmoreau_provtoolbox
354966838c5e55383b7ca9133615754638b24307,lucmoreau_provtoolbox
354d04c94fca9fb3a3c6995538037ee8150b8b37,lucmoreau_provtoolbox
356046aeeaeb82f6fc12eda60fb888779de06c77,lucmoreau_provtoolbox
3560b227f765b1bb85c9dd04d61ffef65a2cf083,lucmoreau_provtoolbox
35611ecf597653eb5e8349fe6e6b88402844baba,lucmoreau_provtoolbox
3572735402c1696e4072a96c5982f163f750d1a9,lucmoreau_provtoolbox
3573d5d12c3339f4cc32e30efa6507537b363209,lucmoreau_provtoolbox
357eeb1be214766057429acc0c5da85534302fd3,lucmoreau_provtoolbox
35a8fa8f7de8ecf19ca3902e3a80fc73bb1f0a10,lucmoreau_provtoolbox
35b7516975c9317752dc9bf5b61a3af70af45721,lucmoreau_provtoolbox
35bab699c824756a2a3968cfe5e4fe6752004289,lucmoreau_provtoolbox
35bb8df56e395ed77f1f95148a55f57eb2e3c12d,lucmoreau_provtoolbox
35c880bea1e80e12d34dd7dddd470cf963467069,lucmoreau_provtoolbox
35fb4c401c204f02608930a60d8f3ae406efee8a,lucmoreau_provtoolbox
361564cfdc741c4463539ae5a6f634f031225b73,lucmoreau_provtoolbox
3635276726951242c4645691510388be5efce433,lucmoreau_provtoolbox
366d5771f5dd42e8c03709395e4233f3226a09a2,lucmoreau_provtoolbox
3684135b67fdb82bea4d589b26ff7b720d42a7e7,lucmoreau_provtoolbox
368b50805543ac593d053e1d2194b54f439e6dbc,lucmoreau_provtoolbox
369b5726915c08e17d89b84d77f9fafea3d2a9af,lucmoreau_provtoolbox
36abdcc453753314b0963ec145f129d308aed332,lucmoreau_provtoolbox
36abe802caf06d2c155505e134fb529a1dbdde6e,lucmoreau_provtoolbox
36b3e79b235297419db201c4f5c19a14e8cbb093,lucmoreau_provtoolbox
36bbc54858051b1a47cc47c51377e308e43cfdc3,lucmoreau_provtoolbox
36c78039118dc1fdbbcc4e1bdbf8fb9e114fe0a1,lucmoreau_provtoolbox
36e9b5c8b3203cf1d00f903e7db242be57038e0e,lucmoreau_provtoolbox
370321940ce31a71ca03eb27d54cbf5c91780b11,lucmoreau_provtoolbox
3703eda4e49f0b5e98311ba9bfea056853c6c7b3,lucmoreau_provtoolbox
370dd95e62b742c10028ad105a3d4a18b74feede,lucmoreau_provtoolbox
374e0e738fcf8b2cebcacfd8da713d294f357a7a,lucmoreau_provtoolbox
374fe9bcca6f98ee1ca9b3405bfb88e62196a88c,lucmoreau_provtoolbox
37526758d6e2484286ca99b96a8176b0b85f36be,lucmoreau_provtoolbox
375ce7284efa11cfc3cd8b946ddd183779f3fd47,lucmoreau_provtoolbox
37a1368daf782b933514f522c067673d51f1dfb0,lucmoreau_provtoolbox
3808a62d616ab663761ea2c5d37ede92a31bee58,lucmoreau_provtoolbox
3843582155cbf6b5a3a1c136d343ddc57f84e747,lucmoreau_provtoolbox
38499d54b799616d0a816eadbb60f4f8ccbd6b60,lucmoreau_provtoolbox
385c253a4ee76603c76359c4cfe89b380ba56a6d,lucmoreau_provtoolbox
386718c355edfc10624669c08345384debd1b9e2,lucmoreau_provtoolbox
387946dbf5699cddfc6576b90c35375b2340a415,lucmoreau_provtoolbox
38816d0e295acf58efdf252a0afe2faf63f0ec6c,lucmoreau_provtoolbox
389deee3d9e127f14479610e48f05c50b9af7a29,lucmoreau_provtoolbox
38ab12251607bd2e8e53bf8bcc1c6c6099d7f413,lucmoreau_provtoolbox
38af7e34837ac938d0dc34ec624835dbedaf14fc,lucmoreau_provtoolbox
38c6d287d7727a00c031ff4cc88eed4b4574d0d0,lucmoreau_provtoolbox
38ca668892a32d9ad50b02bc38cf8ddb13c65b14,lucmoreau_provtoolbox
38cb1c4a10766d993cab995d9cb504cc0e81022d,lucmoreau_provtoolbox
38e29f4c85e8b854a7693c9fe02c357052cc0f14,lucmoreau_provtoolbox
39093d90eb7e680204fabb22a1b6b54804904a97,lucmoreau_provtoolbox
39175ea03b153a85cc24e81abb7642a41e6f4040,lucmoreau_provtoolbox
391c9cbf055c401ba9a9e0d16cb3d8e1f2009292,lucmoreau_provtoolbox
3920ee35db698de884b3ce345ab5034437de6e58,lucmoreau_provtoolbox
393c37614a17bfdf3c6089312234284a89cc8dd8,lucmoreau_provtoolbox
394a7442426265f267cac5ba0a7bf059d246087c,lucmoreau_provtoolbox
395747b5cc14f4bcbc3e63c355286ba6699b7b57,lucmoreau_provtoolbox
395899fb039cd87a6920f8b3c146ba9982cbf95d,lucmoreau_provtoolbox
395e24902039502856c7283ee26a5bdcdb291fa3,lucmoreau_provtoolbox
3986a2a1abc741bc69e2f8fd1e544ee96b1b1282,lucmoreau_provtoolbox
39875dc0d461aaf1ce8e565a51882a720f3c551c,lucmoreau_provtoolbox
39b17ef7e4c9157404595ab34089d78c74f38425,lucmoreau_provtoolbox
39b623d55acfdaa34ee19eaca7e37c20dc04e3c2,lucmoreau_provtoolbox
39d7120e86e149088ebf542eaa6bd5d32b4e32b9,lucmoreau_provtoolbox
39dd9dde768dfa8d6adee8286b83ee6af802090c,lucmoreau_provtoolbox
3a26eaadc62b688c7715171436df250991431696,lucmoreau_provtoolbox
3a2b6ee6515e8ad218995e135d6ad36865449ece,lucmoreau_provtoolbox
3a56a907094ad769eca284f70ef85e9170131c90,lucmoreau_provtoolbox
3a5f39eee6119b5789aa3773f9f7d8a829dad641,lucmoreau_provtoolbox
3a6d10267d51fb828ba9ca0b3cd2472973500747,lucmoreau_provtoolbox
3a82a35e8302b93c37861da1155788ea08d9295c,lucmoreau_provtoolbox
3a84e7df80f1574313816b9a4108ee945a8420dc,lucmoreau_provtoolbox
3a874e842ba0e1e47078dcf40f6d9c00c83a08ad,lucmoreau_provtoolbox
3ab613c2d02919c9c6736ea78cc85dd9f6d5d53b,lucmoreau_provtoolbox
3abdf16fab7a57f1c71a26e7f15fa1f809f40d3a,lucmoreau_provtoolbox
3abf32b7d4316986b7e9452416f33975bfe1b033,lucmoreau_provtoolbox
3ae8f54b8ac6b3fbe4d57d035fba9c9b36e8097e,lucmoreau_provtoolbox
3b06157b3969bf360f0502834daf68ecdacb7373,lucmoreau_provtoolbox
3b10169de87d3d3beddb6301d92f170d8ca77851,lucmoreau_provtoolbox
3b13af7017a80da43c08bdedf09867ede155a17e,lucmoreau_provtoolbox
3b3dbd3c8ddf1f21beadab30638b7c74dff27faf,lucmoreau_provtoolbox
3b4a1938ef0a59d626256e921dacc9e09bf22f47,lucmoreau_provtoolbox
3b5c8e33253bb3dfd8c00f6d28f74b85b5c015dd,lucmoreau_provtoolbox
3b6f0c69674e22e5ba0355be453f3b756de4d9b9,lucmoreau_provtoolbox
3ba01069cc0ef971816646dbe59ece847bf81ec0,lucmoreau_provtoolbox
3ba48d6124bb0ecc234500c67174f70583c4df19,lucmoreau_provtoolbox
3bc49327beb3bb5fd94322ff1066c51309ca2aab,lucmoreau_provtoolbox
3bc637b917a80c69a81e5556640c5296bfe41f6b,lucmoreau_provtoolbox
3bd13e0249d9c8fffe8cc27d9697b79d617513a0,lucmoreau_provtoolbox
3bdef972fef65623850b207eb54c7c8a7939128a,lucmoreau_provtoolbox
3c1a0907bd420e2a876d14afc51ffee59bba1a39,lucmoreau_provtoolbox
3c1bbb5a8e897f734608e72f063424bb28fd1f01,lucmoreau_provtoolbox
3c23e1d8cbbfb045cd5a2f823a911a286ee74032,lucmoreau_provtoolbox
3c27ef8d44c8910c41104a69efd185a1c2199913,lucmoreau_provtoolbox
3c3616b7f4c2b4cfd8af537e5e3093e6f42fc38b,lucmoreau_provtoolbox
3c36604a41eae97374d3675f24a87f3865f5617d,lucmoreau_provtoolbox
3c4019f98882935e8a26db472e4c1fc4feaf78c1,lucmoreau_provtoolbox
3c559e78da6c7cad3d71ef42afe2d9c568dec6fc,lucmoreau_provtoolbox
3c5aafe230c85db6d1beaadb0181089b4a36403e,lucmoreau_provtoolbox
3c698b91bed04b869769209578ac250d1eed1cde,lucmoreau_provtoolbox
3c6a9174882119acc6feb180c871a61a07c4c02c,lucmoreau_provtoolbox
3c74330b74e8de7a24186a5aa32397b96e49e02d,lucmoreau_provtoolbox
3c7d51eb039dc8fe1e331cfc3734c37c92acf290,lucmoreau_provtoolbox
3c9010367db33a337030aa7de73fb3df7a8a7d7b,lucmoreau_provtoolbox
3c9fe5209b9004ed0fb6383d70eff22a473f4027,lucmoreau_provtoolbox
3ca1f5640c1bb7c49d30d5fbb860fc3c2dcef9ca,lucmoreau_provtoolbox
3cac09e8ed10b69651b391fc63f4e1eed14a1338,lucmoreau_provtoolbox
3cb21554d3e96f41bc451649a3aa62bd1b0c9254,lucmoreau_provtoolbox
3cbea28c1d941aef0934c6fa84cff6609c9588ab,lucmoreau_provtoolbox
3cd527af8882cc7b108bb1594baf6ae68765959d,lucmoreau_provtoolbox
3ceac410416707dca19bcf6a3c7ad0cc83be085b,lucmoreau_provtoolbox
3cee1cd5b469fe85475efd9b27b4e33abf3ee484,lucmoreau_provtoolbox
3d3e61eb02e6e26638e61ca4cb964084992e71e6,lucmoreau_provtoolbox
3d443d93173631eea85f50e88276c93c1840b913,lucmoreau_provtoolbox
3d740c42fa09b9d48a849fc6e1b07ca94234b00f,lucmoreau_provtoolbox
3d764736792553ef9afd7afe10f68f79a868bc7f,lucmoreau_provtoolbox
3d7a4cdb185bb736e6addf851083deb80fb9f2ce,lucmoreau_provtoolbox
3d8e01f8870d2a106dc106267983d98721c053dd,lucmoreau_provtoolbox
3da1f5c6039fee938113f006e9aca1e2822d53cb,lucmoreau_provtoolbox
3da6bf265a0603203a09ede5dafe0efc10949c73,lucmoreau_provtoolbox
3dac1ac53ae857c78f7425b29ae998fceb1c5958,lucmoreau_provtoolbox
3df6b5bc1f8f44223210f5aec872e015cf6844a6,lucmoreau_provtoolbox
3dfb9bd6d9aa94961f9ffcf8d824bde8207589e5,lucmoreau_provtoolbox
3e317dcd148d230d6c1f11810689282986678359,lucmoreau_provtoolbox
3e4decb39970e6521467f66bdfff64173c7f2763,lucmoreau_provtoolbox
3e9a3a2e8e232f5b71786621dd58af7d24537b82,lucmoreau_provtoolbox
3eb60e4af5de366287b5f83224ceecaa41fc6bc8,lucmoreau_provtoolbox
3ec69163291a52c5bbb8a2b04aae9cd2c762d17e,lucmoreau_provtoolbox
3edb237ea4df39a3d2c947c42f8bba2e6128dd34,lucmoreau_provtoolbox
3edda68a5c7a7270fe6d0814b0befd5c708448de,lucmoreau_provtoolbox
3eee49b6ffc2493e3a078198b2f90f1b8550878e,lucmoreau_provtoolbox
3ef8efb1de850666aab7af3ec18ec6202859e20e,lucmoreau_provtoolbox
3f12c5713fd8b05725f76f2fa8edb62967410138,lucmoreau_provtoolbox
3f2a6ec714ffe9b370aae76ceb2c20bf698e6d40,lucmoreau_provtoolbox
3f3b8829388b087f962c4c661aa86bf4675c59d3,lucmoreau_provtoolbox
3f48f589f057be5d762d2c9726de78582f4b5e0d,lucmoreau_provtoolbox
3f66d5aec0addbc9bff9d167a8bf5f93f559b48c,lucmoreau_provtoolbox
3f680137ff2e2559df65e34e18aabea819b1037e,lucmoreau_provtoolbox
3f7c104ba94d589a1f123a215975d68c825b68b7,lucmoreau_provtoolbox
3f7d670fc6812c5afe3afdfb9e1199966950dee7,lucmoreau_provtoolbox
3fa1125f29e075c7007cd6b3fd8a067315abf773,lucmoreau_provtoolbox
3fa3059a3b99b48e2534c55650e76b239c7e3b65,lucmoreau_provtoolbox
3fa82281ba317e005802cea901f38077fc5c90f6,lucmoreau_provtoolbox
3faed8c98f76ec96a66c417de8f3b94b321ae21c,lucmoreau_provtoolbox
3fc8a3bac8b2afbd9c03443b66ffe2e18f52e64a,lucmoreau_provtoolbox
3fd06c3eca7ec3014299054c66e635119f7f83aa,lucmoreau_provtoolbox
3fdfd8bd439ea9499e0337bfadba856e59217266,lucmoreau_provtoolbox
3feb4032f3db63971bc3ae7db751afdc64626d6b,lucmoreau_provtoolbox
3fee42f8ba8532e9ca551c7f343f82a5f89255a4,lucmoreau_provtoolbox
400f381a2eac2835dbab350286729b016acd45cd,lucmoreau_provtoolbox
401a8d77f5a03b1f9314c9cd26a1cfe2b9b50299,lucmoreau_provtoolbox
401ca28ed9cd828be8de35bf96ca1aafdf099057,lucmoreau_provtoolbox
402cebf904d4098b596d10e768706acf43204c95,lucmoreau_provtoolbox
402df1a7af9d2dd667e8048eb405aa4b1a7c4c10,lucmoreau_provtoolbox
4034225a5c802e29028c74b13df7d378b55e8d52,lucmoreau_provtoolbox
405505e5c5f0d3dc93b5d2aa3ff4caf51c8a160b,lucmoreau_provtoolbox
405a72bbf9396080a3b2e5186910882dd0279133,lucmoreau_provtoolbox
40781dff3faffa65a5b82536a5d0839863d4e15b,lucmoreau_provtoolbox
40857d482f3a92a94513c69d1555432f2a3ed78b,lucmoreau_provtoolbox
40a6d34c3bae856b2bd790b44d2dfdfd01ca738d,lucmoreau_provtoolbox
40ae95261694645d76f6be8f5d4d2c46a2a615a5,lucmoreau_provtoolbox
40c72d58cecf4e6ff52453be864a7511ff10da42,lucmoreau_provtoolbox
40d4791d39b0048f6b6002b5bbac703647660079,lucmoreau_provtoolbox
40d6242c929602a6e890e0f07d3146f100bc37ff,lucmoreau_provtoolbox
40ea27a691a7ebebd847499114e349dd13fc6629,lucmoreau_provtoolbox
40ea7716cc52b5ab06c9ba7d827fb04991f4fb08,lucmoreau_provtoolbox
40ed71c1d3ea22111f3c16c19d62b53ca171bc81,lucmoreau_provtoolbox
411c8e77efbb17579033fc9d875084f24401996c,lucmoreau_provtoolbox
4134c64a76c7f019c131cce983f6d7ea92fd1463,lucmoreau_provtoolbox
41662abf5b3b141a7e6428f593e0cd23b9acacc7,lucmoreau_provtoolbox
418bddca5518ec7a26de6eb5baaeaa3e55c3e386,lucmoreau_provtoolbox
4192d6fb89e0789b742efd805a42814447acad14,lucmoreau_provtoolbox
41a8b9a441b2a2f98583dc30b4671c674613af6b,lucmoreau_provtoolbox
41aa599b71ca7f4a1d818302d07ccd573e3fa0a1,lucmoreau_provtoolbox
41b16903c6af8433b6c6904d54afdc9d074af569,lucmoreau_provtoolbox
41d46abfd57c60003869314ce007eeacd1804825,lucmoreau_provtoolbox
41da3a14d0b9c1d8956106abae7d688279f4ba6b,lucmoreau_provtoolbox
41e37c785faec74f2cb9f519480d348167481afa,lucmoreau_provtoolbox
4223d141fd4a1312e7ab69dea0be15417290a431,lucmoreau_provtoolbox
4256ed89f96f4652490a0d899548c2692204f0ed,lucmoreau_provtoolbox
4261048de60aa85f1605bb353a68d14daa60ade7,lucmoreau_provtoolbox
4268bee035a0e79cd47ee5749e020299a9b11056,lucmoreau_provtoolbox
4280753401832107db082b526bc378660e6d5e11,lucmoreau_provtoolbox
4280a1c0acd336bf0b9c3639ef64d47d495c282b,lucmoreau_provtoolbox
42a722985a828c76260cfe71b4564b1df7f14089,lucmoreau_provtoolbox
42c82be00c68ef138e78a483b107d9321b87ec0b,lucmoreau_provtoolbox
42f1b8b321ae147513b6ef5e0b124f1ce0a2a85e,lucmoreau_provtoolbox
432f8e5b90f08f8cc64949ccfca634b78c83fc2b,lucmoreau_provtoolbox
437b944440798bf66dc7400bd6fd3070adf94c34,lucmoreau_provtoolbox
4386690608ac1dc5820f5f371855204767b3e162,lucmoreau_provtoolbox
43ab951738fe5231d7b86f3cdc8ec0011677d47b,lucmoreau_provtoolbox
43bdc052147b80cf0f424ba2acd90236a952916d,lucmoreau_provtoolbox
43c1818248389c8a467063b1c46d154437060388,lucmoreau_provtoolbox
43d51425827559df4b5953128a7185d07671b44b,lucmoreau_provtoolbox
43e2842062f0fa98c2b6fb5f6314f1a263b6182f,lucmoreau_provtoolbox
43e6e342d551e752e29100b0e2f10e0b006b89a1,lucmoreau_provtoolbox
43f06e37bd5f066ab2c2b03e2da9ef0b2b02d960,lucmoreau_provtoolbox
43f609ba2ca9e8267a4cc1bcfec151907253a35d,lucmoreau_provtoolbox
43fc6cfce9b71df5241de3b082dcac053e781b13,lucmoreau_provtoolbox
440f51eafcad4e0b006144c0332c39ee9ade69e2,lucmoreau_provtoolbox
4415b58fa2f6601303823eb67b8c99f6b602c6f7,lucmoreau_provtoolbox
44398e4009b3c6972384422109ad4f84f7b5c0fe,lucmoreau_provtoolbox
443f0e3a01d8f55b8c66bc1d94d6709ea9034924,lucmoreau_provtoolbox
4456bde9d32fa9794725b7db366e0ff10910c0e0,lucmoreau_provtoolbox
4465de1c45c648c9f44e38967b8dd97a0e9371fe,lucmoreau_provtoolbox
4477fc5a6e7b1541acc516ff06aeccd0815afd8b,lucmoreau_provtoolbox
44b788ef19458e13bf341555f74a7e8652490840,lucmoreau_provtoolbox
44c597108b16740a017bc6f8dbe90e8a8845cd84,lucmoreau_provtoolbox
44d394ab83467e72c56933e57bc0e3067cc0e16d,lucmoreau_provtoolbox
44e30f640afcbbe3fcf5ca2eb324b95b4aec94da,lucmoreau_provtoolbox
44e6e975a984b78ae7ce3ce59e9584e9006c5d4b,lucmoreau_provtoolbox
45049e596f538e39210b5f8841acebfb2c859f99,lucmoreau_provtoolbox
4508f30f84e78bdbbe7d3a88a6773d26cf8ccb52,lucmoreau_provtoolbox
450b85024226624b2f088be98ad6d005baf1d2ae,lucmoreau_provtoolbox
452e8644421f369ed09d8918d954b6f676edafa5,lucmoreau_provtoolbox
4536e850ce400be75a3bde09b8d37c9016f409d9,lucmoreau_provtoolbox
454dc35a3a31ab3ee56daa98eb4420cfdd0403f6,lucmoreau_provtoolbox
455af26c351389552929c9b1d9c78cbcbf43ca16,lucmoreau_provtoolbox
455ce7657e115e104f562b081d3031a2a9514516,lucmoreau_provtoolbox
456e439f9e6c961dddc27255da69450bcc239e11,lucmoreau_provtoolbox
45c71a4c29fff1ea7298065318959f939e430562,lucmoreau_provtoolbox
45cd78375654beb40f480f901031244fed6f902b,lucmoreau_provtoolbox
45d48ba10e8b4d5fd9377a2968f27d3bc4aba584,lucmoreau_provtoolbox
45ddf72b2a88f8d84c5019f9583ad14b289dd941,lucmoreau_provtoolbox
45f7da7beae27a236f1d361151b1b7e534d04f86,lucmoreau_provtoolbox
460af0eb15fd19dfbc82ebe03af9d8144ea2ccbf,lucmoreau_provtoolbox
4612f801d33a7d199f95747fd1e57d665cac53c2,lucmoreau_provtoolbox
461c27a1da42e984bac76d72c837ec3fd487d842,lucmoreau_provtoolbox
462b77c37f9c797437f8ea292586a4910023cfcd,lucmoreau_provtoolbox
463d6e924af9883aaa1c335bb47b6d10d8088048,lucmoreau_provtoolbox
4644e66742918a0c6529775f269aeb8ed4037fc7,lucmoreau_provtoolbox
464606b12494aea051ce4cb7dff6abafdae8e4d4,lucmoreau_provtoolbox
464e2901fb38f7606bc106484f4a007072dd6ed1,lucmoreau_provtoolbox
46592c678da6b0edf5a3e91c558f46c7ac016998,lucmoreau_provtoolbox
4660279bfb4f1b30e475926b6efe087e0954c7cc,lucmoreau_provtoolbox
466bcebcfcb1380ac3478b857dc5dbe92ed593f7,lucmoreau_provtoolbox
466e7a3d77af94aaf719b896241203414cc8243a,lucmoreau_provtoolbox
46a76ef1ccf00f9ef22561eef7644ae9666f54f2,lucmoreau_provtoolbox
46b121da0aad4b1fe8b24bc301f6de482accb533,lucmoreau_provtoolbox
46b61f8964276a98f43e72e9c2c6a8debceec9ff,lucmoreau_provtoolbox
46c1e442824a4f8262a058fe5f0fa2e37437071d,lucmoreau_provtoolbox
46f07a2dec9559b64c67b2f748c3a1c4ad0a01f9,lucmoreau_provtoolbox
470432be939ae72e881ac5e7d21780d8c78ae35b,lucmoreau_provtoolbox
4724cbf59755927c9e9e94c0c33218a901b1a5b4,lucmoreau_provtoolbox
473b34063e269afe6086f38774e67400b80c19f2,lucmoreau_provtoolbox
4741c79a75090354bcbe368230459b4db7f1bdc0,lucmoreau_provtoolbox
47465d6cfdf94697fb72162a0735c28dfed773d1,lucmoreau_provtoolbox
4764e0554084687ca8b4025918dd283fe65cd254,lucmoreau_provtoolbox
476f15a5fe338b4478c630ec506129238ecfd69b,lucmoreau_provtoolbox
4777ae12320d9233583f6a11bee855a60109c713,lucmoreau_provtoolbox
478572a3cd93ea99b3a91764b23865e8eb500b8b,lucmoreau_provtoolbox
478e92ebbe65248f00ce3585ea568c52cba24099,lucmoreau_provtoolbox
479e03cbf3f9b8ec0dedb5f160c29dca400045d8,lucmoreau_provtoolbox
47ca9f9ab6386fc4484551abb2855cbc6f090758,lucmoreau_provtoolbox
47d01badefbd85a02bce4e6d00ed736cbf2df463,lucmoreau_provtoolbox
47ee0b12e24dacd3c0c3040d875ecfd5c4601d3b,lucmoreau_provtoolbox
47f75d9b064ecef135d939cbc45600ed5982628e,lucmoreau_provtoolbox
47fdd703850e904ba872bc50d3a65a4f91f278a5,lucmoreau_provtoolbox
481dad161fc10cb713da9b152c4fd20c7778f310,lucmoreau_provtoolbox
482cf910470fa5bb93e84fa0bea52476b8490f99,lucmoreau_provtoolbox
483e8374297968dea338335eb095be15351a37e4,lucmoreau_provtoolbox
483ed4c18c9eb85040639acec83b6b41e08cfd17,lucmoreau_provtoolbox
4869365c73f5464a8933799fd9ea45b4f8cfe83c,lucmoreau_provtoolbox
486d07d7e361558b581903cfbc25ddf7e2f64e62,lucmoreau_provtoolbox
488850db039d483b123147c74a2ed5bb166bc539,lucmoreau_provtoolbox
488a9aec41b168c90667f09f896a07f2f31b32b8,lucmoreau_provtoolbox
4891ff88ca82d93191e1329439ed17a4a68679d5,lucmoreau_provtoolbox
48a05c6775cf7044eac595b377fe93727d59ac41,lucmoreau_provtoolbox
48c0f477b46bb45bc41542f85ba296446aaab0a5,lucmoreau_provtoolbox
48e40f03535cba5868ce5bde9cf5ce37e493052c,lucmoreau_provtoolbox
48efc9ccfbb215268d3366572d5e0c7819c6dc19,lucmoreau_provtoolbox
48f4f32f8d1278db24c9573d2e832c8ed06a97a5,lucmoreau_provtoolbox
48fb75618c36e2a36f51aeac6da435d839b87161,lucmoreau_provtoolbox
490e2777f6433a0bca125ca9db489678cb2e66d2,lucmoreau_provtoolbox
4955a716f9e4048fa883783810677b5a77264c00,lucmoreau_provtoolbox
495ee48e9e48d886cd9d02a3dac396c812157f10,lucmoreau_provtoolbox
497b2d0842d9db12361937d1470a76510b88ca90,lucmoreau_provtoolbox
498c6eecfb336b9825809a2f68474cd5192cc547,lucmoreau_provtoolbox
4999e4d430dd6f58f24bc055b293b470406bac12,lucmoreau_provtoolbox
499cf0459ee587cec4f44ea18b4d8c0965b8b287,lucmoreau_provtoolbox
49c450b7094e83bbf7dc177f41d3d1569c68e305,lucmoreau_provtoolbox
49d6191aeda423da4eca76ad53fef0c359a6ea52,lucmoreau_provtoolbox
49d72c24cafd2776c49872159817073c2a89eae0,lucmoreau_provtoolbox
4a1540c4fcd7a0ace07cd9175fac4289a4cb37b7,lucmoreau_provtoolbox
4a2cd49995284b949b6dbaa64040b654831b0ac9,lucmoreau_provtoolbox
4a3647a386f8c3f773c4cf43a77de609cec6dae8,lucmoreau_provtoolbox
4a3f801af8752037a2f49d1fac1152eeb432798b,lucmoreau_provtoolbox
4a64e12001f244206e0e5533ca12d86b24fa9876,lucmoreau_provtoolbox
4a71e74952e705e3fd2a56e72bd8be3c9a78ca43,lucmoreau_provtoolbox
4a8da535b4dabfd58e2fe20263b497efca623d83,lucmoreau_provtoolbox
4aa3a4783bf0c2b16526d2bf866c31b77acd78a6,lucmoreau_provtoolbox
4ad18d99903e58242267caaef4cd32237c76612d,lucmoreau_provtoolbox
4b046f4ae1212606b433adaba90d27575a20569b,lucmoreau_provtoolbox
4b11389f80dec4173f5392c77cfc6386459836d9,lucmoreau_provtoolbox
4b215017cf332cfd704c85b0b731a90cb393d4fa,lucmoreau_provtoolbox
4b4cb78ffb46085506a67b9b7294c0fa077aaa1a,lucmoreau_provtoolbox
4b582924e330b6489211d3c11228c7ca7597d4c5,lucmoreau_provtoolbox
4b7db86ebaa2cc0576e0e71df4c3a012c97e80a8,lucmoreau_provtoolbox
4b86dfa908c71f8af88b5d5d0d0a8e412e18b5fb,lucmoreau_provtoolbox
4b8c5e10d0ab3cc2fca6a5d69b6f5c33f4d66275,lucmoreau_provtoolbox
4b98f832ec4217f46e6b53d7cb558237ab491959,lucmoreau_provtoolbox
4bb3de2062144fd68a004a2c081485c2d1a27e5d,lucmoreau_provtoolbox
4bcb5fbd93280f5b527bb41349bbc293736d2986,lucmoreau_provtoolbox
4be7fbd6e5dbcb870642388959431724c6f8ccab,lucmoreau_provtoolbox
4bf627b89c935fe049b8488bf5f03336c19551c7,lucmoreau_provtoolbox
4c08e5c4bf55bfbfdfa287a28f7b448ce48a18f2,lucmoreau_provtoolbox
4c2bb971b1fc4f256d6d75c21fa7bee9530d7751,lucmoreau_provtoolbox
4c30b3a1d8c9bd4c4041c2b216b798c1d646e44c,lucmoreau_provtoolbox
4c3e38aecb7cacadb1e5bab9a9ee010ff5d145f1,lucmoreau_provtoolbox
4c42854e668ff93b729845d7efc1757cd5e0d149,lucmoreau_provtoolbox
4c451404690697500395a2334c5f76cbae2f47fa,lucmoreau_provtoolbox
4c4cb84d8fd3bd50581d742ac18e8796b439bce4,lucmoreau_provtoolbox
4c5899cffbac64385034c53a2ea8be0a489b670f,lucmoreau_provtoolbox
4c81dde4321765dc88d8478439fde049a9b5d33f,lucmoreau_provtoolbox
4c8d01fbda3bdb203bbc7ea5e8f7eed5f487e14e,lucmoreau_provtoolbox
4c9bdf4d18e65bd18195f1fe3c886ca356bc94ea,lucmoreau_provtoolbox
4c9e7b463eff0f7233c8be519de4a45e28b7b922,lucmoreau_provtoolbox
4cd32e110d8846742d2fbcc0573ecbbcd2fc2ae9,lucmoreau_provtoolbox
4cdfc79767c472b09b2a2af7f456f289e25b390b,lucmoreau_provtoolbox
4d351a080aa0eb32726fe4981ca665bb7103ed0c,lucmoreau_provtoolbox
4d3670acef35b02545b5b1eb52c1d26e8da5cedf,lucmoreau_provtoolbox
4d394056cca847f6449e1caac7b6ba27f72100f8,lucmoreau_provtoolbox
4d3b6ef9ba28645c32b2b32aab3869afb41719f7,lucmoreau_provtoolbox
4d4db029304d39b7a949f36839f6fc39dbf78877,lucmoreau_provtoolbox
4d554c1b2c76863020c34b86702a4cab5c9b5b71,lucmoreau_provtoolbox
4d5a732dd1eec4a4649616996237ede4529af477,lucmoreau_provtoolbox
4d5c334649aef2ef321721dd4614b91eba19a8a0,lucmoreau_provtoolbox
4d80ba08bba7a2c07d9bea28a248f4782c95d235,lucmoreau_provtoolbox
4d8473e1816e7b2602361caba1917b2e5eb7f90f,lucmoreau_provtoolbox
4d8a1166e6731af0e301d7fd3f2f78fcc8620204,lucmoreau_provtoolbox
4d8aa63b7d3ad2a18e624171e8b2838f4583aeca,lucmoreau_provtoolbox
4d8c555868b8c4121969ca9c73e2f91d726b8110,lucmoreau_provtoolbox
4d9871dfad7e208cd5f55a4be3fb0ae82882a5f2,lucmoreau_provtoolbox
4d9eadc2335124eeb96e4ca4fef93aa1e72013be,lucmoreau_provtoolbox
4da32671f54cacd20ac2b7baab97326bd6a527ea,lucmoreau_provtoolbox
4dac8b814142687704cb0eb481e883de9e8faafd,lucmoreau_provtoolbox
4dd47ca676d8db4a0c22ba4533995fa681177cb1,lucmoreau_provtoolbox
4ddfb3ee6dcdc38e00963bdd176753a4fb36bc75,lucmoreau_provtoolbox
4def4a82b97ae18eb8f185fdd7dabb6039b6011b,lucmoreau_provtoolbox
4e00b437084eb75d03ace3705b41ac88b6390be9,lucmoreau_provtoolbox
4e1e39ec789f67f740c429d69d0cda0cd3996c1e,lucmoreau_provtoolbox
4e2b95f70253650d02ee02149c961f62b6a4baf5,lucmoreau_provtoolbox
4e315399f0d4750831bf4962e122fea4525da618,lucmoreau_provtoolbox
4e3554bc4d2f5978a645524c5829d17624fc5d92,lucmoreau_provtoolbox
4e379d83874f9d5c6c90711ef280712e0fa23531,lucmoreau_provtoolbox
4e4b59c8a82171f5b78c680539a36540aca7203e,lucmoreau_provtoolbox
4e4c452fdbf8021415448e727b1fdd64c870735d,lucmoreau_provtoolbox
4e4ceba8a3b235a134905ecb7d0268b5962c0aff,lucmoreau_provtoolbox
4e4d87b9f1ebc82ec28d0109055880a0eaf7e212,lucmoreau_provtoolbox
4e5dc33ce2b7630a39ab4adf1df89d5cabd904d5,lucmoreau_provtoolbox
4e5dc3d8dc831aafee3bfdad203656935e0c74d9,lucmoreau_provtoolbox
4e721c01879495879d24461c317e732aafd757ca,lucmoreau_provtoolbox
4ed16a16b36ae48ab50690cdb692473ec7b9d262,lucmoreau_provtoolbox
4f03c0065373344886a2defe8620a07025466ac7,lucmoreau_provtoolbox
4f04b67f3bee1d2f82c972694418e974eccea95d,lucmoreau_provtoolbox
4f08ecef4c6bc3c69dd165340c08b8c58e2be803,lucmoreau_provtoolbox
4f0cc66a2fa3eba4db52978b19f99698069c5ce9,lucmoreau_provtoolbox
4f186d06fc3f028628edc37a4fdac2af4156408d,lucmoreau_provtoolbox
4f35940defb90c4a59595a2c5b80323408ad289a,lucmoreau_provtoolbox
4f4bea48fc2bb7b1abd311df9b07808b4edb640b,lucmoreau_provtoolbox
4f62abbdfd0aa278aae352b17f08c2e1c35cf590,lucmoreau_provtoolbox
4f6c1991400269f7e638e8f5b065bff0a3362d21,lucmoreau_provtoolbox
4f72aa7e73d642ca48aa4baa169fc03246e9898f,lucmoreau_provtoolbox
4f7c73da116ecee4f13fe540947a1a97f09d394d,lucmoreau_provtoolbox
4f8c9e0351050d4a9f03bc6ad3c7f1ad3e5d6cf9,lucmoreau_provtoolbox
4f903b18bfcabe239507e518a1c6855347c76fdc,lucmoreau_provtoolbox
4fae5e001e47afc5ac81e4eb0c06f7880be5702c,lucmoreau_provtoolbox
4fc1c433712df9f185b343c9f3e0a0366f5e419a,lucmoreau_provtoolbox
4fe0b68011b8b2c5dac3ff449dd54a8c4ed4e027,lucmoreau_provtoolbox
4fe9f2278f0ac284233614b76b18ec4df642e4e6,lucmoreau_provtoolbox
4ff7d92538ed8db00097117342f1a6616775efd1,lucmoreau_provtoolbox
500102e08015bb4b98199cab434f944f2cd57775,lucmoreau_provtoolbox
500fde94d809c4b41a2d9141816e5a86b3ea980d,lucmoreau_provtoolbox
501b6cd94ce570b7f2d114b8c98034203c57aa45,lucmoreau_provtoolbox
502564631f6862a47f7a2e8c2ca18a60ccb320b4,lucmoreau_provtoolbox
503441fad5f61b6260c1afeed062b39c2c23f619,lucmoreau_provtoolbox
5039ad6e554241a683996cb28643e24811907ba1,lucmoreau_provtoolbox
505ea739134d8582f9886115db0b8b1393c5b0ed,lucmoreau_provtoolbox
5071847e8bde1b837920224fbae806306b647f09,lucmoreau_provtoolbox
5075be6520308f30570a96783e309ac5c658b557,lucmoreau_provtoolbox
5076c6a1f8fb94deab4ab144f96b85d8162171d2,lucmoreau_provtoolbox
5079484add6d0978825f4b211f18c840723c9afd,lucmoreau_provtoolbox
507eca7641abbd41a457380b905abd516109b2ab,lucmoreau_provtoolbox
5080b734a8cf4912817951ac6e4d2353af3341c1,lucmoreau_provtoolbox
5096bf8e9e4817d7345c7443d44d45e5bffad9d8,lucmoreau_provtoolbox
509c8e347f9997a4d752fa631a4f19943f05586c,lucmoreau_provtoolbox
50d2dc83e75db7cbf54917457d5b2987531486ae,lucmoreau_provtoolbox
5102a77e298f61fb7f0f7387b4082c1b93f8c2e6,lucmoreau_provtoolbox
512770d15183501bf9979bc0a2651ae53e163319,lucmoreau_provtoolbox
513bf1b9194330823b91892c490b1e7bbcab07ce,lucmoreau_provtoolbox
513d4a1fef923392df64b968a2c5c753cb60462d,lucmoreau_provtoolbox
51427dbe814a01a902aea665ebd81edb8c620d80,lucmoreau_provtoolbox
51647ba05bbb3bdc0c4d9393598c6d3f81a44589,lucmoreau_provtoolbox
516e3e312a5dd85a6eb2086a63617ea49d76404c,lucmoreau_provtoolbox
5180e32ee0db77821ba5e5846ef88fa61862e718,lucmoreau_provtoolbox
51831388a0898466c3cf9fbeb906001ef65db4ad,lucmoreau_provtoolbox
518a8765e6d5be8f8f849903cb31414eaa039df9,lucmoreau_provtoolbox
5194161e151d940ef225b59a0b9de7ceffaf6a32,lucmoreau_provtoolbox
51a2b04767f75c06b45a0cb71640271c45d8c3c2,lucmoreau_provtoolbox
51bb99b1008c71a96fb180ebe22cb565889ff2cb,lucmoreau_provtoolbox
51ccdac75d43cc82dcfe926d52b5a5518bb6b049,lucmoreau_provtoolbox
51fdd3def7b1bea977c81aa1501e965514100fe3,lucmoreau_provtoolbox
52003aa610a9b93a1baa4016052cfaf92a4fdd2f,lucmoreau_provtoolbox
5236d97130a463b1e4e29b7282dc5ff35b6290e8,lucmoreau_provtoolbox
5238e3afa03539eea8007d52d90833dec50d3b46,lucmoreau_provtoolbox
523a808952c9547ead7728b657b76aabd77758b9,lucmoreau_provtoolbox
525ac289c4db136bb1234f0039009c1409160016,lucmoreau_provtoolbox
52728799b7e8b184d0f1fd7c4b3fd3b738910cdf,lucmoreau_provtoolbox
52b542bf0a37fc8120bda78d4fab72c04c0cd4f4,lucmoreau_provtoolbox
52cc148d27705eaa051a47c855b92b45a56e79ea,lucmoreau_provtoolbox
52cf37e744cd2ca6d340650c2c35b4c82be27546,lucmoreau_provtoolbox
52eb6e33cb2f97d185c4b09fb76511d432b4b5f4,lucmoreau_provtoolbox
53055f0fcf5cd9d035d78c70e1c5f32b44e04de0,lucmoreau_provtoolbox
530aea25c00b9408c2604a889b29f14da57f2190,lucmoreau_provtoolbox
533434a3ea43d9d79fce2ae8f77496b5f61147dd,lucmoreau_provtoolbox
53350bbf8f79640fbac405ffb10224429402dbb9,lucmoreau_provtoolbox
5366d5e7e106c19ad70f7821c795036ea03b3cb9,lucmoreau_provtoolbox
536c0100d679023171427c4fde193026b2505b68,lucmoreau_provtoolbox
5374559745ddc4dab7a6bf5e26d6367686db8178,lucmoreau_provtoolbox
537af610d3f36c49fea1c2c268c81f650b67fc4a,lucmoreau_provtoolbox
5386b4d062e016c48fc76463344989edfa8cd121,lucmoreau_provtoolbox
538cd5f279ca6084fee499ae181101f765277919,lucmoreau_provtoolbox
5396a551b61a16554e60ff8da0896a2a003b25b6,lucmoreau_provtoolbox
53b072493dbdc052fd967d3c9927a7066666614b,lucmoreau_provtoolbox
53b5c374be2f7c8bdf280fc250e7490a34d3a6c9,lucmoreau_provtoolbox
53c604e1876f38b4b8bfb8db296384bc0e59ede1,lucmoreau_provtoolbox
53c8486a2327f07952be7570873760892d5c3ba8,lucmoreau_provtoolbox
53dd479ae25a127a1da56b6fa959c62d8d604ff8,lucmoreau_provtoolbox
53fe3d5491d565deedcaef392049a4db95e5ca25,lucmoreau_provtoolbox
540cdeb11b75d5744b502b8f31b77cd2019d8fd8,lucmoreau_provtoolbox
5417101a96e065aa1b74383599e7f5d18c3b148f,lucmoreau_provtoolbox
541e3353aa051f02260a65d57540028cab9eebe3,lucmoreau_provtoolbox
542a52d2be791cf1df14f8f800f8d1e1403cfe2f,lucmoreau_provtoolbox
5448f188c4af79cf0eb117db536d20ca22fa8dc5,lucmoreau_provtoolbox
54501b2ae77e8f8bca5584fbfa569d0f96a88104,lucmoreau_provtoolbox
5466081caab540775dbbe6ddcab52c6e91b26c8b,lucmoreau_provtoolbox
547b0a37e8afaa0bbd117b83aac1d9af7e95d647,lucmoreau_provtoolbox
548f337a1105debc1e21ace8a39531c73aebad9e,lucmoreau_provtoolbox
5496e0c3ad4ab9b4761e2673122d515d0d279d29,lucmoreau_provtoolbox
54a8447c0d40633b17be48e46ad4807492c226ca,lucmoreau_provtoolbox
54d6560abf68acac6bf539c86eaf35e562894567,lucmoreau_provtoolbox
54d87eaa941708440aff9472135e806efd631f17,lucmoreau_provtoolbox
54d90013c75a742ee258605d04c2362ba0433440,lucmoreau_provtoolbox
54eb68c00bbff653be0db7867ea74eb10ee7af77,lucmoreau_provtoolbox
54fa262f18d3d5a20547c7724a682973b8212356,lucmoreau_provtoolbox
550c5cafeb7d71a5c1d1f11ccb9430635d41dc59,lucmoreau_provtoolbox
55289918c269c3d031a5af3683073e18382f7ace,lucmoreau_provtoolbox
5538bf7af22a599a9af2924d0d7d2d9fdc201b37,lucmoreau_provtoolbox
553cd28775217664df597e29d61d1f4a74b82a5a,lucmoreau_provtoolbox
5540e1fe2635415a9c3fa4d00d45d030ab511c2d,lucmoreau_provtoolbox
554656d8985b8b279d94b28ce2d6a1269001d1a8,lucmoreau_provtoolbox
5554e29546fa4e01948011eeb54d89d45cf4af33,lucmoreau_provtoolbox
555bfc443419160cc5254e992eb609509c0d0774,lucmoreau_provtoolbox
555d1896114f0e29e4d6f1ec73db520337634371,lucmoreau_provtoolbox
55620b7b5d85912443ec8205aa6e60ccdce2355b,lucmoreau_provtoolbox
5566210966e99529e80a18fed7102be86a631ddd,lucmoreau_provtoolbox
557ae3ff195b50c1ec824d78fc1d533159adc26d,lucmoreau_provtoolbox
5595f5cb816f10fa09c4059c18a9ef391c76495c,lucmoreau_provtoolbox
5596a3b905b5d9f74a4f58434f5b1b90380e9dd6,lucmoreau_provtoolbox
55be7e62e857c4d1ffbf034e6c2ff087f615a024,lucmoreau_provtoolbox
55e7f57dfa699d0bc26181bcf6d30c82b12d3d30,lucmoreau_provtoolbox
55fac2a1ee31c42615d061652c192ea08f598214,lucmoreau_provtoolbox
561326655a6d7403c1ed4207d14b88f129a1b0bd,lucmoreau_provtoolbox
561ffa3ab6115b72d29becbdaae79836a1a9a71a,lucmoreau_provtoolbox
562b547bf7fcb19a60478be68500d0bb0510eb0c,lucmoreau_provtoolbox
56545fcba7e0a0df0c0bb8f63d94de2779634909,lucmoreau_provtoolbox
566b0702810cd772c309ab33716831427d710504,lucmoreau_provtoolbox
567feb91da3249b5ad8b284892673a723bf528fe,lucmoreau_provtoolbox
568174eaa0eefe81a07e48b5b843e53a9f86144d,lucmoreau_provtoolbox
5699ff75390c737eec113b81bade0598baac2757,lucmoreau_provtoolbox
569bd0262648c1089839c388fda98855929f2059,lucmoreau_provtoolbox
56f3b76413d30ba2134fe7097c8cfa58a77a8863,lucmoreau_provtoolbox
56f3ddc24ab0cc09f69a37ce3221f5c4e57808d2,lucmoreau_provtoolbox
57025c74b54a1ad4825b791197399e0f9e669e37,lucmoreau_provtoolbox
570340917cb547a9157a29e3d6b8631af6686f5c,lucmoreau_provtoolbox
5703973cba6dc6bc5da63f54adb2d7dfaced639d,lucmoreau_provtoolbox
570cb10a67b23ca30ef464912d4689bd560a518f,lucmoreau_provtoolbox
570e95eb2baf6faafdc61b53dcb6d4cd6cb3e992,lucmoreau_provtoolbox
57219b813d17d89fc596fd665f29672d66e09f03,lucmoreau_provtoolbox
572222dc961bd301a2121838f698036cd5c5a8cf,lucmoreau_provtoolbox
572c33a9919cf42c07698d2759bb2c2e442d278a,lucmoreau_provtoolbox
572f8e084ba80046915c7efb7f115ef3e2115b56,lucmoreau_provtoolbox
573308b392cf110fcf3227bd79c6ff011168c2a0,lucmoreau_provtoolbox
5754af8a2509e3aed32f34eaa44ba0d21c9f5837,lucmoreau_provtoolbox
576191c35fb7682b2275600f4f98083372a27a0c,lucmoreau_provtoolbox
57831e386c4f9cba8506176d77547dca23cc1576,lucmoreau_provtoolbox
5786324943bab3eaae604971fa95c08dfbba5671,lucmoreau_provtoolbox
57cb1e3edbc4a6230bd0936adb910c8d8661c62c,lucmoreau_provtoolbox
57e66935615b34457315586eb8ea8e6fe5fcac27,lucmoreau_provtoolbox
5848c75211bf586909b2f1d49b41d9b1a658cf7d,lucmoreau_provtoolbox
585d2544b3db457413f32cebb4fc299e69442f93,lucmoreau_provtoolbox
5884497953431d0dd6be89e7231a15dd42c6bbd2,lucmoreau_provtoolbox
5896c3ac696b83e9b91fb4832dd13f84226c1b78,lucmoreau_provtoolbox
5898099be6121e12b1260b768ba22148824570c2,lucmoreau_provtoolbox
58a0678ab576bf92e995db0c2426affe9c4ecc64,lucmoreau_provtoolbox
58a6f1aca3f9c119e8ef996451b4e447cd77bdb7,lucmoreau_provtoolbox
58b5e8fc406048b40437419094b1d8664b4d1e18,lucmoreau_provtoolbox
58c0e8ab2eab04a050709228895118d82577d87b,lucmoreau_provtoolbox
58d8f498a10fb3df3214363037ae0e74205e16c5,lucmoreau_provtoolbox
58e160eec912e0d4746e5524c3b1c2d9f8433df8,lucmoreau_provtoolbox
58ef2779606f192f710db33a7730dbc7bc4ec8fa,lucmoreau_provtoolbox
590db3e7884dcac217565aa4e32a16d7ceb7fbe1,lucmoreau_provtoolbox
590df9c2c191d6cb59ee17bfa653447d9a729838,lucmoreau_provtoolbox
593863b60c23fe00871c38cae87a8bde1ddefc4c,lucmoreau_provtoolbox
593a58f1dc7c94f687090f63b3c324a79ac5cfde,lucmoreau_provtoolbox
5941643b6f7dd04c00e85a9e3c9a876a93bdc8a6,lucmoreau_provtoolbox
5954cc4fa3e61423936da7407eb4d99107fe6eeb,lucmoreau_provtoolbox
5961cc6696df0d48f59ad078d0ca5e137f0201b1,lucmoreau_provtoolbox
596418af7ebb51ed06e03b74442e6193b5bcaa87,lucmoreau_provtoolbox
59771a13205f6a9fcebec9c6cbe0913c58051a1a,lucmoreau_provtoolbox
5984eded00bc6df14bb45ddddbe1c2ba3e025441,lucmoreau_provtoolbox
598d22f9c1db76a841107eda64008a5bfc72a407,lucmoreau_provtoolbox
598f73be6eefb7be2a536055dba528accf990f3b,lucmoreau_provtoolbox
599b1e6c1aead1ed8dbe1f728ac1b428cbc171be,lucmoreau_provtoolbox
59ac1cff2ebc631c7895e71ed5639ff4f4d7a16b,lucmoreau_provtoolbox
59b5be25a8efe6aa175df5d7e635e243bfd6113f,lucmoreau_provtoolbox
59dbc66ee391fb43a22d9c4290ef592a9b6b3617,lucmoreau_provtoolbox
59dd9801e7d07eaf7536dca33c1b80ee0ead6c9a,lucmoreau_provtoolbox
59eb419d65acec9a93dab65fa3b03def78f15bb3,lucmoreau_provtoolbox
59ee81a2402c4d2c5b3ee973831b7f83c26b4ecf,lucmoreau_provtoolbox
5a38fc434798cb56cbf943581d82e543ca2eb9e6,lucmoreau_provtoolbox
5a4d799d08c656617de2f2035076031143bfe82e,lucmoreau_provtoolbox
5a6f410ea2a597559204f9dc043c803f324f2c52,lucmoreau_provtoolbox
5a7ec72a26b1996aebc74863fa0eb6a741722085,lucmoreau_provtoolbox
5a91c1869a1201a1b02f59331e21c6b37c2a2312,lucmoreau_provtoolbox
5a9ab4c28caddec5e674c59aa9aed8d5f213d6af,lucmoreau_provtoolbox
5abc4d34f3bfe676969887998599772673914dec,lucmoreau_provtoolbox
5aeb5f14ad84cc4c007325924b062f95df765a4e,lucmoreau_provtoolbox
5affcacee39cd7f874cb2b4fe045c9aa0daf14f3,lucmoreau_provtoolbox
5b0167dfa1781e58140c3cf6094b22676c7407ca,lucmoreau_provtoolbox
5b031e96838036c6ac6363186bff97e689929843,lucmoreau_provtoolbox
5b05979c67947bd42a7f2ecf86d96c0ec3d5041d,lucmoreau_provtoolbox
5b08c6c2fe94d5989ff487c53c23ab4b92c28955,lucmoreau_provtoolbox
5b21e4d2879f71335f2a7cbcc2d1065523d25ea9,lucmoreau_provtoolbox
5b4d833a14cd48145e9b271f310fa6e8eac7b812,lucmoreau_provtoolbox
5b520871cb303635d38dd056f940a1456d5066ec,lucmoreau_provtoolbox
5b6c0b95272b977013a267f9c4d07b5747ff92f8,lucmoreau_provtoolbox
5b6fcd33ce8ee7b063fd05b6d2e1fc9df8cd4322,lucmoreau_provtoolbox
5b9ad9436edd0e4d99b1f97a42e9129f1c77a622,lucmoreau_provtoolbox
5bd1d866f69bbba56b76759c75c2642f1b49944c,lucmoreau_provtoolbox
5bd7d4c4ca7a3e7f4c62be0a2add9ff2b59df790,lucmoreau_provtoolbox
5c0cd23e07a1d25ea51db216ce77b3a8465e2d50,lucmoreau_provtoolbox
5c2324f0e52f8ba4189fea476bb81c30f5849d83,lucmoreau_provtoolbox
5c3664e398a6adc79774ddcab8a5a8bb327744ca,lucmoreau_provtoolbox
5c4f3a3d31a941981854cce864222970a1e6faca,lucmoreau_provtoolbox
5c4ffe380e2cfd0e82399bed4aa33b426901d9ae,lucmoreau_provtoolbox
5c50a242a63ab4f13b52d06cdbcaafedfc9b3b3e,lucmoreau_provtoolbox
5c56439b9931859a5362c1f93f3766dfe600bd3a,lucmoreau_provtoolbox
5c57c644746e77d3176dfee00d5c15bfee226311,lucmoreau_provtoolbox
5c5cf169d080de8e1697e00db78342bc78b798cc,lucmoreau_provtoolbox
5c7b63906f10ba8335166de2ca4294d1e5f5fb3f,lucmoreau_provtoolbox
5c843fc7a8457e45f25c56a18a2c0f8d467dfe3e,lucmoreau_provtoolbox
5cb3e0a2af266ee39c45416146a246ea92a5b9f3,lucmoreau_provtoolbox
5cc34a083ac26594bcec8368507204cddceebd81,lucmoreau_provtoolbox
5cd35c5c2d34cbc987751442cadb2a249f625aca,lucmoreau_provtoolbox
5cda985a3e496644b1dd66f0f0e8711db8d6c0fa,lucmoreau_provtoolbox
5ce3542facc8cc000a77491f3d803ae1258fb46e,lucmoreau_provtoolbox
5cf49e640e1da4438a274d76d6dae0e642155534,lucmoreau_provtoolbox
5d0a826ee26a1ed5f26afd87a771e4e5e11ba264,lucmoreau_provtoolbox
5d102ef9c1078ee394f77e11356d2a546db6c75a,lucmoreau_provtoolbox
5d11a250149cd26b676e48638e8993fad22e936d,lucmoreau_provtoolbox
5d122fe44aa350d4cc33aadb5319dd83a69ffba0,lucmoreau_provtoolbox
5d3c36ad866b62f7c848de8037e7a02bd9afa11b,lucmoreau_provtoolbox
5d48ab7ff4f4bcd4d1bc0ba169aff45bb3b8970e,lucmoreau_provtoolbox
5d52f67179e54d69bf76c672d5b9e0ba9765f237,lucmoreau_provtoolbox
5d55b3fbca5737b32ccfb67b118ce8e29d908815,lucmoreau_provtoolbox
5d723169b6a4b0c30f861797c98d7dd32fc3be2c,lucmoreau_provtoolbox
5da3211acf836141baee8d51cd643fa03dd907b4,lucmoreau_provtoolbox
5da5fc4cf17766f6d1c5c5ff208a7e2553024b66,lucmoreau_provtoolbox
5da9fb08854d6a25fac35fbed57b7652efeabb68,lucmoreau_provtoolbox
5dab181ef4ee0cf29706c84eca22aa55934777d4,lucmoreau_provtoolbox
5daf64a0b2ae62baa498ed4416337443c6017940,lucmoreau_provtoolbox
5db505c759a74c787d32a0fd863f0bb799c04437,lucmoreau_provtoolbox
5db9eed0a4804150df8870b60a625c548e3f11c5,lucmoreau_provtoolbox
5dc1500bc8680a43fabdb50284943fbcb99815b9,lucmoreau_provtoolbox
5dd6adc2fa3344b5abb4cb33cc2d8e2298963ecb,lucmoreau_provtoolbox
5dd74572e73e4af1b18e8bc5a68f0d5a9c5c1f0e,lucmoreau_provtoolbox
5ddbb7ba8d3b4c07901b68910b3a7c766ac4a413,lucmoreau_provtoolbox
5dded907e217d1bc51f531d80add2ce6bc28f602,lucmoreau_provtoolbox
5de04b3d65b48f617eb469f0d3e179687d5b6b38,lucmoreau_provtoolbox
5e114c9affb3fb6b0187af6ad90bdd43e9a97d09,lucmoreau_provtoolbox
5e17fc50d848747bca3874e4f0a665c7aaa3924b,lucmoreau_provtoolbox
5e235c435fb58d79e43a63294ea7ff96c466297b,lucmoreau_provtoolbox
5e330cc9fd176cb83be13232013ae5d3b8a4e998,lucmoreau_provtoolbox
5e64cddca1726eca18b128ff2dc69ca6957fcb2e,lucmoreau_provtoolbox
5e731df2ba52302f90d41f0fd68b0a9b7f8d8280,lucmoreau_provtoolbox
5e8b70f184dc9c45b92f0953cd328e25b2065370,lucmoreau_provtoolbox
5e9d0f30a3b095c2f9e4fa0dec600b64a6a4ab28,lucmoreau_provtoolbox
5ed192bc15ce98e46cc1110f07df6a7c84fa7900,lucmoreau_provtoolbox
5f1e34cf99c1f192dd4b74174070ebd748dc0a37,lucmoreau_provtoolbox
5f23c1f84f1d5119df1d980d3771eefa2dab99d4,lucmoreau_provtoolbox
5f58fbfa2d1ea1a9b44c1019ea1a6102ebc99c0e,lucmoreau_provtoolbox
5f692708d7d92ad397ece86ed91be74e1bcce368,lucmoreau_provtoolbox
5f8bf3d4c555ea775bf04941bf9d413968ca45e0,lucmoreau_provtoolbox
5f9e3ec46e46bf2a93a7d679d89b2063c60f56db,lucmoreau_provtoolbox
5fa432bebb2bd9e7a221834890d2241af8a96cba,lucmoreau_provtoolbox
5fae74a8a1455d3f1afe7911d563dcab99c302a3,lucmoreau_provtoolbox
6004590f3d01c93c74b794d7b24f3b53768ed89a,lucmoreau_provtoolbox
6018c73ac9cebab99133ffb1fc04d1d5823fa09b,lucmoreau_provtoolbox
602ad0d6f90208f39fc9a30cff0ccbe0c4d739cb,lucmoreau_provtoolbox
602b12179863107cc679419d6efcc62ff49afb5a,lucmoreau_provtoolbox
602f3ac7964b003d346d9046606aa4ad6ff13bd8,lucmoreau_provtoolbox
60385ded31b1764c3ba14190a543f505ff0b94b7,lucmoreau_provtoolbox
6039d16aa258427dfb1b7464d106e89b53186392,lucmoreau_provtoolbox
604040685896a8e2a9e9826d4b99bef5e910e1f3,lucmoreau_provtoolbox
6057c66436c4bbbdb494bcaf2858607009f3e0cc,lucmoreau_provtoolbox
605c9c43ef347f69fd904f49a175031783a4f45f,lucmoreau_provtoolbox
605ec8b82eee65b998924672008c2203f0ae3dfc,lucmoreau_provtoolbox
6072a0309cda1ae69c0155d28546bb31ff906cc5,lucmoreau_provtoolbox
60768697e54b6d2a3fce7ddbd68f7a72f80a8d90,lucmoreau_provtoolbox
607f07fc868227036cd98ada5c7a0e69045b1bbc,lucmoreau_provtoolbox
607f97db477cde02ee039309c8861e5f4aae26ee,lucmoreau_provtoolbox
60b5cfa1aef0ff77094a139739a60846a699d26c,lucmoreau_provtoolbox
60beb3263673411f91d52cde8b565edc5c96eb70,lucmoreau_provtoolbox
60c3a1a9073e4782f5231611e13897bcdcdf187e,lucmoreau_provtoolbox
60c659f600fb41daa11257649a2801cb1b9559ea,lucmoreau_provtoolbox
60d41fdaeedffb761dcbced302ed7fd39b97b0d0,lucmoreau_provtoolbox
60e51c32d03fb77a38c979ba158f7065371eef1a,lucmoreau_provtoolbox
60e8258abbb49ead8db922e9cbe1894f61194819,lucmoreau_provtoolbox
60f1e87f9f072ef390ca05c0b39dc5c0a7d17e9c,lucmoreau_provtoolbox
60f8e1c82c483ff60336302211a79e069244f515,lucmoreau_provtoolbox
61065fe53cec6d0c3ffee63815d68f30c4c7e072,lucmoreau_provtoolbox
610f19ff571c3358818c71f55f32050add8fa839,lucmoreau_provtoolbox
6111e7504edec1b77dbab5a55673818104bcd4fb,lucmoreau_provtoolbox
611f1b12b2f8fa888a7163ca85a6b97975d8627b,lucmoreau_provtoolbox
613a1a23c3150b7866a685ab55eb9780ae36b7a6,lucmoreau_provtoolbox
618fc24456aecddf98dc93c127045c2484edb6c4,lucmoreau_provtoolbox
61a4213399123ae5f4d018cf304929d7204ddc64,lucmoreau_provtoolbox
61cfb4721500a3c7bda26e8241d7f37e06e5433d,lucmoreau_provtoolbox
61d25e9911f629b0db266aa9cb7c417f4d361f66,lucmoreau_provtoolbox
61da4408c0850e468b4ff36e5fbe7272d5174531,lucmoreau_provtoolbox
61de437d6ebdd9b7ffe3b69a2e762c3c6b3d3fda,lucmoreau_provtoolbox
61e455447115c0214eaf2bb17ebbe777721b1a10,lucmoreau_provtoolbox
624e296571d938192fdef6262b9bd44b772d954e,lucmoreau_provtoolbox
625236e2e466e228a1baace236899136507ceb8d,lucmoreau_provtoolbox
6282244d11b3c53f43cbf6a73643f78995411783,lucmoreau_provtoolbox
6282b12efe22234e959c55df9292a7f6c4f01976,lucmoreau_provtoolbox
628b52d39498be4d289499861e58ebf5f1e8efdd,lucmoreau_provtoolbox
628b6496aba4b928e563bceed5766265ba450bcf,lucmoreau_provtoolbox
62c0e62e22c228812626676bddf0d11f3521e20c,lucmoreau_provtoolbox
62c1dfee88e7f899c6dc24bdcf6639e613dfedc6,lucmoreau_provtoolbox
62c69e642c24328c2e38763b4a597ef956e5087d,lucmoreau_provtoolbox
62dd60a9f45a10c8b242274c2bf66de60fb941b9,lucmoreau_provtoolbox
62e699f0ddf8c583ef88842167ad5110955377a3,lucmoreau_provtoolbox
62ff954f06d3a0ae2223bb4ef47380023cffad0a,lucmoreau_provtoolbox
6304934ffe32bab93ea21315f11ab20f77829577,lucmoreau_provtoolbox
631b9395c88d3c4b2a2fc2b78ba58489134ceac6,lucmoreau_provtoolbox
6335b1b108b0d5617fd0db929af989e4cb7ee05a,lucmoreau_provtoolbox
63485145d1d1fb9dec6e4aef9b020c02661a4199,lucmoreau_provtoolbox
634a30fb95c33bb1cf35123fdd73b89e46fc8b00,lucmoreau_provtoolbox
634e606111436aa35d93bd24a9abbdd56d14dba2,lucmoreau_provtoolbox
6356377d5055a7c707495abd88885d33937409a1,lucmoreau_provtoolbox
638140321b0dbaa3532fe1f34eba704864ca3051,lucmoreau_provtoolbox
6384c84403ded021d2a6d006628adf4ce05ed9e3,lucmoreau_provtoolbox
6396d247490dac46a05ef3a2b1f6f7840a9f4261,lucmoreau_provtoolbox
63b6cd44852bd50d466b008804034af5f54dbc26,lucmoreau_provtoolbox
63bf4bab357ac24e11cc6a135aff8da4d98484e2,lucmoreau_provtoolbox
63d6b7a0ed8b4ba9f72067de2d3c08cd4176f164,lucmoreau_provtoolbox
63f7443e04dbfdad6246468305bc33013967e125,lucmoreau_provtoolbox
63fd6bcf586e34ec5ec24e621a4d280c8ccf1228,lucmoreau_provtoolbox
6418f64873a8ee6e7044f68d017712868eb5070c,lucmoreau_provtoolbox
642fbf611e30397d112bceeb6ae80760e01adc01,lucmoreau_provtoolbox
643ba873f91e88b888101b03260b636bf774ef4a,lucmoreau_provtoolbox
644e3a2bf5c89441bd96df53af27b73f8dc97700,lucmoreau_provtoolbox
644e4f78bab0a7f55108b60bfb1b059c5b8d1f8a,lucmoreau_provtoolbox
6458e7f7d37754f6ba120c8ce06de19b3f8fd755,lucmoreau_provtoolbox
6467ba5dfe59572122830a1fe80ac36d7bb96c1b,lucmoreau_provtoolbox
6479dee77a05c84c9ba2565c14af078ffcec8cfb,lucmoreau_provtoolbox
648edad5ef715bef0069c4cf1e8b98911554cbe9,lucmoreau_provtoolbox
649aaee59f4c17b76e3950a53b8c981e8ab259f8,lucmoreau_provtoolbox
64baab585364d2000b12cea1eba203d36d9c0658,lucmoreau_provtoolbox
64d18b79ccde6a563720bf44724c5ad1cfb7d5b5,lucmoreau_provtoolbox
64e0eb30ed9e8185e57eab9f7816d1c393b1adf3,lucmoreau_provtoolbox
64f48f1a0479fe5f4a3afebc1088095360b32a38,lucmoreau_provtoolbox
651bed117a00bba508817784894a438f56609a9f,lucmoreau_provtoolbox
652b1f3b35efa378c5ef3c2d6cb5180b12b11ca3,lucmoreau_provtoolbox
655e36e33778a10c8662a4456d08f5de5791ccc6,lucmoreau_provtoolbox
656fa7ee2bdb06b66494a6116c6b5101609837be,lucmoreau_provtoolbox
658729189f25bbe9401c8283af60882b82a75469,lucmoreau_provtoolbox
658b162832ecb21b652fb8ece9540b4dd31767d3,lucmoreau_provtoolbox
658c22c06fa5587b14be95b709c7a3fed93981f8,lucmoreau_provtoolbox
659448b52ef1433c234ecef9ee3a0f7aa1bc2ea0,lucmoreau_provtoolbox
65c35f2980b853bd14c9c82bb810ca0eed4e3086,lucmoreau_provtoolbox
65c9305b50a0a47a22ef7676d5400795d4993c25,lucmoreau_provtoolbox
65cef23aa37bc36b40d7faf9a4432c753e873f35,lucmoreau_provtoolbox
65db14e088c6f0feeab2237dcd3d219bfab84ba9,lucmoreau_provtoolbox
65e898e72ad4b8cbc2e6feffb02375af9145136e,lucmoreau_provtoolbox
65ecc3084f273e80e2b3b36f8ae4e438e3053efb,lucmoreau_provtoolbox
660237fbbaf453eedcf5576e71c7efd9664f1052,lucmoreau_provtoolbox
66059811bb653f76555c0919cb6f71e54ff32119,lucmoreau_provtoolbox
662e985f9d96ad62684350970ee6e95a7835e802,lucmoreau_provtoolbox
66353c4b57ee78f942fe2d117d5d34d554f644ce,lucmoreau_provtoolbox
6642197503179daeffbc2421d03dd4b7fc786d52,lucmoreau_provtoolbox
66520b95a9f43c7394216adb0273eac8222dc407,lucmoreau_provtoolbox
66562ff0f92a6ea46bfbf3f944289f5c86a29d6d,lucmoreau_provtoolbox
667524c3992be49187442a8a660ead838717f6c0,lucmoreau_provtoolbox
668afaf2b74364c6b36f1a0fa9c9b929309c4e2b,lucmoreau_provtoolbox
668e7802da5c8fa0e90b68291224ea99aa87796c,lucmoreau_provtoolbox
669ad3a0ea104a5dbe767f9550c960fdaf724876,lucmoreau_provtoolbox
66a08818cc691a3c3ae2fc04835683074611d02e,lucmoreau_provtoolbox
66c52d158d6166086836fec228d6342c697ff581,lucmoreau_provtoolbox
66d33561732a6ad7b55db96eac06cad40f41ce80,lucmoreau_provtoolbox
66d5e17282529df2c161053c1b1e4a1417058909,lucmoreau_provtoolbox
66d63fdae6476a103dc825819cfc3d3b02e10dac,lucmoreau_provtoolbox
66f09de5c0334559bbf554d52a6355a66154733d,lucmoreau_provtoolbox
6704878f1168db190767d1d0a7e5826ccefe0192,lucmoreau_provtoolbox
671138d06a30404191354d844db516afe1a77565,lucmoreau_provtoolbox
671bddb638563444aa0cba058dab21eaa3b5d857,lucmoreau_provtoolbox
6720bb5995a64234da257e9358a71ea96a8695d3,lucmoreau_provtoolbox
6723c5389597b8a88acf0444d707b3f01848b3c0,lucmoreau_provtoolbox
673282bbfa44c1d0747cd93b83c79e999b03b3f1,lucmoreau_provtoolbox
6750b1a263bd4108ca41bbcea056c65f82441d5d,lucmoreau_provtoolbox
675a3d9e6d853f86b2c3b365ac6f305172371511,lucmoreau_provtoolbox
67c8a5a6c061c7ce5d727ac01b59a73b7e82f0fc,lucmoreau_provtoolbox
67d6d1ade322981f2188f35649bfd2d61591a1cf,lucmoreau_provtoolbox
67d981596a160cef8ee13eb639e1b712ff914158,lucmoreau_provtoolbox
67e94a7cfac6f7d27522a6583887ff99c89f120d,lucmoreau_provtoolbox
67f55e83510d5ea4ea240f1500d45567a9d6d304,lucmoreau_provtoolbox
681e8d5967c18d57b06a96fae583337706c4adbf,lucmoreau_provtoolbox
68258b319c9c9746efbcca18d841ed62544490ad,lucmoreau_provtoolbox
682718acc7a658f19db8721cc2a4845c56ea8396,lucmoreau_provtoolbox
68289e93c472fc13222add6d4cb41f8ea20cf746,lucmoreau_provtoolbox
68419f3ef18353eb2746a0df857d034661c24c8c,lucmoreau_provtoolbox
6853d1a74842b9ed781a16f8075b6a9b074180e6,lucmoreau_provtoolbox
686fbb69dff3299c6c84cd682566bce8cb80c2f2,lucmoreau_provtoolbox
68701b68945002c3a530c67575652faac7731f5a,lucmoreau_provtoolbox
688b68c388d2b1a341b6ff392652532302b73021,lucmoreau_provtoolbox
6896c24d066b23cb06821dab44a89f3f338c26e6,lucmoreau_provtoolbox
689e0813f25278399c1a15bbf700998b616411ff,lucmoreau_provtoolbox
68d394e89b0618c8f574f94eee223f9bd9695027,lucmoreau_provtoolbox
68d6a3d79d9e1493d39286b16b47220d1312854d,lucmoreau_provtoolbox
68ed275fafb5fde7b01ed5f7d8c020da40787fa5,lucmoreau_provtoolbox
68f0e2cedea8c26640e54c6a2869d5cd7ac506c9,lucmoreau_provtoolbox
68f2a37b6541b3ed9945f527cf0ccdc81d2a31cd,lucmoreau_provtoolbox
68f6f7fa2ef5e6b544a3faeb1839463729c1827d,lucmoreau_provtoolbox
68ffab7198d15751afccad975341f296460367b0,lucmoreau_provtoolbox
690a85bf4eda19b62065652349930224f853358d,lucmoreau_provtoolbox
690e73ecc31f4e72b60c5c3d4d0615a8b439ddd5,lucmoreau_provtoolbox
691114b4a16c9681d9dcaae8c5673c4d78110370,lucmoreau_provtoolbox
694d44b24e721450cfaf968b1a27d6a97a170657,lucmoreau_provtoolbox
695d803429168123f19775f6ead5a07d93a6ac2d,lucmoreau_provtoolbox
69a933bb488c3a76362650c6bbba140ba516d499,lucmoreau_provtoolbox
69b3eeb03502b3983c3f9ea09a166441cd07df06,lucmoreau_provtoolbox
69ba79d31106881994f94725e0df4f0968eb36a3,lucmoreau_provtoolbox
69c082d00b55b95ab188ec1fd32621c9cafba46c,lucmoreau_provtoolbox
69c901989c18296746832c2cd5d0a090ca991ca7,lucmoreau_provtoolbox
6a06472b7a20e196a9d24b31c2fe039c11752372,lucmoreau_provtoolbox
6a8635065c7d33b9e221726b55c731c10402bf3c,lucmoreau_provtoolbox
6a9244dd51a05d2c4f8eb829ce73c6349fe07bc6,lucmoreau_provtoolbox
6a973b74a670ef5ce13c50715faacf3e67971753,lucmoreau_provtoolbox
6aad4b9abc0aa6268947f4a28ad49d6694fdd3e4,lucmoreau_provtoolbox
6abc2753b986d3c4dc8576e83824ef996935e1e8,lucmoreau_provtoolbox
6b1317b61a793231c2913be1599686b63c0e3420,lucmoreau_provtoolbox
6b193d4d1933f29090a5cf2f6e9c562561222ade,lucmoreau_provtoolbox
6b28d06b47cdb304c1eaa2cf7ec59df4aa50ab14,lucmoreau_provtoolbox
6b663485e622a927ebf602125a9653e4dc0f12d5,lucmoreau_provtoolbox
6b6bcab75ac0dd7dc5df7f97509c92565cf1b84a,lucmoreau_provtoolbox
6ba137e1da2159607b327596c86a1ee99871e663,lucmoreau_provtoolbox
6ba991cbfa9480995cc7a5ee057d74c00175dd1c,lucmoreau_provtoolbox
6bbdaf5582e54bc3f2b482f22b9513f3a0a4cb73,lucmoreau_provtoolbox
6bd04fcb3e5accef32c9d2a356bc85ede3fc26f0,lucmoreau_provtoolbox
6be3e7cbd234926a7ca5e325046eed7ec5b4a9b5,lucmoreau_provtoolbox
6bf310cb6b589a3a4577ad076c1b060c8276e994,lucmoreau_provtoolbox
6c11f7b84fee4b587f9c03ad1c8466785b6c2dea,lucmoreau_provtoolbox
6c42aba0554785e5b694d93b8bd141704df4c21f,lucmoreau_provtoolbox
6c5542baa737fe658fdfb0e5bde31352883e17bc,lucmoreau_provtoolbox
6c5dddea12de3757790e7f17dc21addf7f611e41,lucmoreau_provtoolbox
6c62250c4f511a2fc9e6331dc19a81cf39c0be7b,lucmoreau_provtoolbox
6c95f639ecda606db39b06e18bd96a0157f1ac58,lucmoreau_provtoolbox
6c97f532a4baad5891c67f03761357d25ecab42a,lucmoreau_provtoolbox
6caa4bc7db553ddf5f49c715e87cb9bb0938775c,lucmoreau_provtoolbox
6cc23829d4cb7343f352b28cec2090a837038273,lucmoreau_provtoolbox
6cee9804d60d723e68307a9ee62e5efaf03e341a,lucmoreau_provtoolbox
6d05ac67e1e292a60498955271ce3e8f5a2ac6e3,lucmoreau_provtoolbox
6d385767579b4414a654cd9673a8538fc6109f60,lucmoreau_provtoolbox
6d3b4ce62824bd75f1f1e755ba5a8b3485d021cc,lucmoreau_provtoolbox
6d3ef3863d7efcedb5ff3a72e3d78b0a229ebdc1,lucmoreau_provtoolbox
6d6ddfa3ccb9acab452bfea8a1436258097faf1c,lucmoreau_provtoolbox
6d786bc7300004bb1b77c9b124ccdc10c9eb0759,lucmoreau_provtoolbox
6d7bd7fcb304eb15c238f837d30c4dd45483dae8,lucmoreau_provtoolbox
6d7f32cf58e0390c08b37dd27c629a2f37771ab6,lucmoreau_provtoolbox
6d8e5d075c6eba51a2f98f285e4327486d327922,lucmoreau_provtoolbox
6da347731973e378b66ab4ecea772c7eee1a039c,lucmoreau_provtoolbox
6db591af9974255b171d0ee679b86772686b9545,lucmoreau_provtoolbox
6dc7a2825a8f0bd51244d5e6d1a235931fe424fe,lucmoreau_provtoolbox
6dd7abc249e06d0b234dafc568f958e658ba784a,lucmoreau_provtoolbox
6de91baa1a8c06d3964ead269d4579b163d4d227,lucmoreau_provtoolbox
6e002c81e849dfa04032fff8f8af67e6cc06a1f2,lucmoreau_provtoolbox
6e09b78e3b0572f2ddc0d42b67f6e29ca7779c6e,lucmoreau_provtoolbox
6e23729402e84798cd93002bafe70f60ac0cb3ea,lucmoreau_provtoolbox
6e26f6dc644bdb6c3bf70dc0b6fb7f52821162d3,lucmoreau_provtoolbox
6e4dd113223d1a11cdf6ab14c55a0347fe18a58d,lucmoreau_provtoolbox
6e4e644b829aa903ff99f95a9462a43d02efd1a6,lucmoreau_provtoolbox
6e8051630fc947db350d02a5599c275885479085,lucmoreau_provtoolbox
6e82754d387b4a35239800171879cdc3cae42dd3,lucmoreau_provtoolbox
6e9408b488a93015736ae05d5c9a89e0ddc21ad2,lucmoreau_provtoolbox
6eab2a14e0b9c918b4a815baf88e4fe6261df1ce,lucmoreau_provtoolbox
6ed2f79e7dc76a6658c2928c417301e7cdebf9fc,lucmoreau_provtoolbox
6ed6e0a9056c4a44a24c4ffb36eb93d0d4c71290,lucmoreau_provtoolbox
6ef0dac64a009522aff8ed165adc60c88dac985b,lucmoreau_provtoolbox
6ef29460fb5751204206daadf550213d7503cd0c,lucmoreau_provtoolbox
6ef6a833490e230fbb7af5f65cf7de9b04f65086,lucmoreau_provtoolbox
6f086285950f330d8a07b4a0f6b2f69afde9f5c1,lucmoreau_provtoolbox
6f09e8c1ec35b003653cf6441c18d6f0ac6c7a92,lucmoreau_provtoolbox
6f0c5d5b7bd458340cae8fa45e5a6b7b2c5cef16,lucmoreau_provtoolbox
6f1bfe462bb9c936edd40eb522c9128833c19085,lucmoreau_provtoolbox
6f43b59241b1a4aea649c9d79bc83795baf72f01,lucmoreau_provtoolbox
6f45cf4296960dc4fb7e6339f69e23b0c2e4dd3e,lucmoreau_provtoolbox
6f4e226eb2b5cecb38130ece216e9567c2ec9c2b,lucmoreau_provtoolbox
6f59035047200f01a83b5742e370d7d5d6bbdb98,lucmoreau_provtoolbox
6f5f7cfa922e1491a725b3722421f9659462feef,lucmoreau_provtoolbox
6f798092ce975d671f2f8500c421f0546579976e,lucmoreau_provtoolbox
6fa3815e0863e1bf5d5255398b8240b1fef38bf2,lucmoreau_provtoolbox
6fa4cef70edb09f29619e202a65714c0cdea0821,lucmoreau_provtoolbox
6fc12e130bd16d5848a1b32c883b0d16ecb2b571,lucmoreau_provtoolbox
6fffba9d82879185b0dcef63d64965c8efb2064b,lucmoreau_provtoolbox
700499d04442c921651c7300b17ee0299c699ce5,lucmoreau_provtoolbox
70113c2a3e4cd1ea5f9ec32ba18cf5c8ec8fd7b1,lucmoreau_provtoolbox
70229d8e0e0eebf30f24ec4641e2484c581e6e2e,lucmoreau_provtoolbox
703f3aac2fafee443c586edf7844423e22966a2b,lucmoreau_provtoolbox
70504fa16cf5e07a18a4f10334690a8c5ea92e14,lucmoreau_provtoolbox
705a522e3f9fa475e42b4bc49a9c1387798ffac4,lucmoreau_provtoolbox
705affdcf8cdd3e32710f98b663bf9e450da230f,lucmoreau_provtoolbox
708105dc1b2acceb8f3709740d894e5397f035b9,lucmoreau_provtoolbox
709cb5b925a1542f9ec5da551c83cd955a69a18b,lucmoreau_provtoolbox
70aeb90adf420fb686f170035255b32b88dc4cca,lucmoreau_provtoolbox
70b35dc41765537531207b91c097eafeb104b5ed,lucmoreau_provtoolbox
70c4aa43a4deae11771ce16482f0bfbf2800f730,lucmoreau_provtoolbox
70d05e3efcce7ac6449501ea6f252691953e2329,lucmoreau_provtoolbox
70d1f09778e47013027e6316ad19c23f9bbcba16,lucmoreau_provtoolbox
70ec42a1158c2d112e11278f7b168ce46dc88f60,lucmoreau_provtoolbox
70f013b6266187d29dde0533f810ef99c6310907,lucmoreau_provtoolbox
7113e31d52477ea264775ad02b6dad71d853baaa,lucmoreau_provtoolbox
7114140e5cd0d86b154572a3f8296ca5d54bd696,lucmoreau_provtoolbox
71241f55352edd6b64316d7547246088ad075146,lucmoreau_provtoolbox
713f04d71513a4479c1e633f48f7a0972a0c2716,lucmoreau_provtoolbox
71651c56453bcfed467e1941aa4d1e0781ad6e99,lucmoreau_provtoolbox
716e73f686f3bd0caec79b415fb6d74772f1c49c,lucmoreau_provtoolbox
717a8d9df4d946e8899073f8a54173ff3aff2e9e,lucmoreau_provtoolbox
717f6b96b2b323caed1c7a8a200b9add93858290,lucmoreau_provtoolbox
717f8fa357ab294b092a1de6939b482d28e3f9d0,lucmoreau_provtoolbox
71a787faee13eb61895a6a52e23b974124dfe46a,lucmoreau_provtoolbox
71b28783b757a1eda058d75ed15c61efad19ed35,lucmoreau_provtoolbox
71c331ca29a08199aa40753b8bd200d33027519e,lucmoreau_provtoolbox
71ccd27755bc960d61f2750b728ab77cc9eb4697,lucmoreau_provtoolbox
71e395421f7870e487ab6a719b638fd3f4e4b375,lucmoreau_provtoolbox
71e3a501193a38a9726b17e3d3b250bc37b5f1c3,lucmoreau_provtoolbox
71f00a824544f86460009f2692cf5307148d5292,lucmoreau_provtoolbox
71f8acccad1f1810af75a66e3e6f049873205f3d,lucmoreau_provtoolbox
7206647ad5278625af2e9e13ced24ea219ebe230,lucmoreau_provtoolbox
720a3033cd9cc9c944a00ea2bbb645d0ea6533ea,lucmoreau_provtoolbox
722bc0ff2a9d65cdec5929ba5fd0b7775fb79bd4,lucmoreau_provtoolbox
7275ee6b6f79502d179fb4b6b3bdb2f3670daccf,lucmoreau_provtoolbox
727831b8e4c08ef06369843f338909d373c12ab7,lucmoreau_provtoolbox
72b30681d204a6d4a384bb7b89cddeb760d903d9,lucmoreau_provtoolbox
72e63fff56c9480dc653402e7c8357ec7beea5f5,lucmoreau_provtoolbox
731a12766529dda1230807b205eaedd34bb4db7e,lucmoreau_provtoolbox
731d67aea5c56926eafe9cd338095cfa9b6fa3f6,lucmoreau_provtoolbox
731f1d1f69aa273fb6c6ce8ab3c144966d843c2d,lucmoreau_provtoolbox
7373a6fccadae388664e0d075dc7bb9108193874,lucmoreau_provtoolbox
739f6af1f9b7c0968ae9fda2ec9d550697edd0ac,lucmoreau_provtoolbox
73a22f25af03f0bd8599ab54d275965bcb58d29d,lucmoreau_provtoolbox
73a4371f8ce278d62bd91d0e8a08e137b542ed13,lucmoreau_provtoolbox
73a4f43d5297ab6416f74b7e71f44811c8c754b2,lucmoreau_provtoolbox
73a829f686cf90acc4e7561d414fb4188f112f25,lucmoreau_provtoolbox
73c40a9e9e67c075d53200f1145746a77f19fde8,lucmoreau_provtoolbox
73cb0d4ceb59d7a2d67a1ce8c9580f441d22d510,lucmoreau_provtoolbox
73dfc5e9745ab880886c33943c76b2e265e777a8,lucmoreau_provtoolbox
7421c54c874c85b6df8c49300d7a8b26d5c40179,lucmoreau_provtoolbox
742b0acf92803f67378e3b769fc4d368ebd7db54,lucmoreau_provtoolbox
745ef6ba7b005c308c5dd5cd90379d0228ebb9f4,lucmoreau_provtoolbox
74635ba3d7eb752ccb74a0b904f5f8183b575b10,lucmoreau_provtoolbox
747773dcbc33f19c5a39358e45ec20b1b5f9b0f8,lucmoreau_provtoolbox
747a8a94d152681ea70d476a54616d5a9f091981,lucmoreau_provtoolbox
74907805fae0877e6314edbee751c05ca08fbf7d,lucmoreau_provtoolbox
749c06a3e2595e5f3d52e6bb47470d15a34fb1d2,lucmoreau_provtoolbox
74a16c5d4e71b61c17d819f9c2e661d926ff9cde,lucmoreau_provtoolbox
74b91f29c1fb0db0fa2494d62ead0eba50b5eb25,lucmoreau_provtoolbox
74d7bf795d2073406e58cf654d8b60d1ff944062,lucmoreau_provtoolbox
74dcad5cf508485483981842e7aebbba2421aab7,lucmoreau_provtoolbox
74e551b6a5f1004474080cd0f9515ee184260e74,lucmoreau_provtoolbox
74f89cedf17da335320ea06fa8814e1696fac818,lucmoreau_provtoolbox
7512d820f031ded0ff60ea3b3a9f43a2bd9c3ead,lucmoreau_provtoolbox
75150b1ff0e5d524a5c35d2732c1cf475d53fc6f,lucmoreau_provtoolbox
7542174b5e3f4caab0576cc01600bf259281d804,lucmoreau_provtoolbox
757bd595177af177b01257cfefc805d8bec5adf2,lucmoreau_provtoolbox
7596975ecd019a9caf536a9bb3d7a52c6fd76607,lucmoreau_provtoolbox
759fd69db2b36e8aa8dfa5aab97aba6a59913de8,lucmoreau_provtoolbox
75b97c72f3d449749de3a93bcd1dad4a229c0840,lucmoreau_provtoolbox
75bdd4410466bdcfa352bbcb67184ee67b08967c,lucmoreau_provtoolbox
75c35492001a0551f0a9f69d6bbfb1df9e19cd31,lucmoreau_provtoolbox
75c9bfe7dc24d68b0580089a90e3c944a4a09eee,lucmoreau_provtoolbox
75da590c0643c7a18d2095ecadd2d63274b51b79,lucmoreau_provtoolbox
75e69d91dd9e047acf23b846a9bffc5a390febe6,lucmoreau_provtoolbox
75ec2cdccfd609abcb3eadd0384a44748a7f7a98,lucmoreau_provtoolbox
76088a418856c3878e9fd06feb932a0399e64e92,lucmoreau_provtoolbox
764a112a19f944d2795e7ed73fc5c60a151ecf45,lucmoreau_provtoolbox
766e96b65972de31697b9a3f6b226d17bd315e77,lucmoreau_provtoolbox
767103ecee9b90cd637e89f27a169e16ac81b1d7,lucmoreau_provtoolbox
768048e7fd5560688829e2fa81e9d925234e002a,lucmoreau_provtoolbox
7688885e5c2c7a1f0afa88fdd782848e085c226c,lucmoreau_provtoolbox
7688b1e3c2e6c6ce11c7cf36f096ac82b0fb8834,lucmoreau_provtoolbox
769261b585a610b129c310bbc033728f11b03f6f,lucmoreau_provtoolbox
7695bccaa37bce888ba2bee9612ad6a7b5c49673,lucmoreau_provtoolbox
76aaa66be022aca8b471c45d74c9366f8d56edcc,lucmoreau_provtoolbox
76cd7ad518e33a56d8d72467a8b7eec702a15566,lucmoreau_provtoolbox
76de75e2b9b368f8381d8c1e5d91ba24964c3cd8,lucmoreau_provtoolbox
76e963c4a72702df0db2355954ef5a80b5418fa9,lucmoreau_provtoolbox
76eda89e5f87a4e4159186d7269ee85930203062,lucmoreau_provtoolbox
770010d784364282fb1bba6bd313e4bd9a017bd2,lucmoreau_provtoolbox
7705f848d28aa23c98397ce9e8ab6776f383a7e2,lucmoreau_provtoolbox
77263e2c6b8c2bf22295a67872b7a5ec4115f178,lucmoreau_provtoolbox
773e5a22968d88c15b29b86e52dad0834ce04c64,lucmoreau_provtoolbox
773f47522bc7029aa4007318307ce6ba4a7bb418,lucmoreau_provtoolbox
7762c35dc3f1cb1a0759e0f3b4e3dc9a4cef4e7b,lucmoreau_provtoolbox
77718449c780e773c2f1e4c490d395f2c89024fa,lucmoreau_provtoolbox
7775c6ab728f1b7edd8c689e15f1a2615d5ecb46,lucmoreau_provtoolbox
7796a39a68be57d08f6cdf6d95ae758201118505,lucmoreau_provtoolbox
77bc625c282532655284805356fdaebd642b7068,lucmoreau_provtoolbox
77f217770e9e06f956811ee7b690bef13c0f25d9,lucmoreau_provtoolbox
77f91f567e386bcd9a7a021bb3b4bee9c1aaf48c,lucmoreau_provtoolbox
78515420fa0b524d6978b8d41492ed026ac3ae3f,lucmoreau_provtoolbox
78668fb890f99e8e28537ce98aa349cc3b22fc5d,lucmoreau_provtoolbox
7898fcd655fca16bec54d8aca758c7333f063f0a,lucmoreau_provtoolbox
78a6043ae6aad5681a7207003dd710e96a33b3d9,lucmoreau_provtoolbox
78a6d8ddb91c1a850d32741c5f8781aab86b53e1,lucmoreau_provtoolbox
78d3ef5bef044be0bf2451c70daea5d611137085,lucmoreau_provtoolbox
78d5cef91fbc7e79e16b0f07e52d0a750412a891,lucmoreau_provtoolbox
78f922d8fc154ded5fdb4f2d4e7501b42d2fd5f6,lucmoreau_provtoolbox
78fda32e033032e9213c4f830146b3e703ba357a,lucmoreau_provtoolbox
78fe23b1e3fe31b7fb43baee6b077664845cde96,lucmoreau_provtoolbox
79103beb3ed0c475dd1ddfb60c4871eaf6ba4822,lucmoreau_provtoolbox
7917e3cb94376ba4f333ed67d61cf1fd8f160add,lucmoreau_provtoolbox
792020c8707c76a4d38fbbec61bd01955d8f9c14,lucmoreau_provtoolbox
7922d44685eef85f9322983c865a1918fc8aef35,lucmoreau_provtoolbox
7924cc407417880c56c13922aae8762fd97d2c1c,lucmoreau_provtoolbox
79250ec5bd5e9da6d2922797dafa2401ab6d266b,lucmoreau_provtoolbox
7925bed09380c4af29d7f1b720860819cd9d97ec,lucmoreau_provtoolbox
79286d3bab0fc5a20b6286c8f257cff8ce4d2ea2,lucmoreau_provtoolbox
79916a7e9f60a39ac1ea21066d5285accefb1719,lucmoreau_provtoolbox
79b26b8d6aa1133e807894938c6eeac554595adb,lucmoreau_provtoolbox
79b51fba8c355b0a211e5063825945251c78a8cd,lucmoreau_provtoolbox
79b63e6ee54e243771a6ea4d389e3fa5efb2f2d2,lucmoreau_provtoolbox
79b6570365efdc189df8e5f3203b5240d3c299d4,lucmoreau_provtoolbox
79c1b2a26e1f84147ea99cae1ddfce7fd2838d8e,lucmoreau_provtoolbox
79c48f3823898c1ba25ba2bad8470fa3758861ce,lucmoreau_provtoolbox
79c93e464f5e2185754899d9a947992592ac4dd8,lucmoreau_provtoolbox
79d4830b6e6e1492d7ff3827c1828737f4efd912,lucmoreau_provtoolbox
79f0423edbc4a38aba082c785e18ee0f347c77c6,lucmoreau_provtoolbox
79fd17c50f77744c9176b3bba266bf4152b94040,lucmoreau_provtoolbox
79fe2d11ab12e587b610ebf3328d1c15e869636a,lucmoreau_provtoolbox
7a00946184d9439ceddeda9b66c383abede090c9,lucmoreau_provtoolbox
7a06dd5e892eabe4e88557ea805a26504928a89e,lucmoreau_provtoolbox
7a1073f073e18d782701c43589abf6228890494e,lucmoreau_provtoolbox
7a2960635b971586227a7c15bc8ec56d8af450bf,lucmoreau_provtoolbox
7a29a491aff1179b89d67c801c35df9e47eeeb97,lucmoreau_provtoolbox
7a42bf6744c6ff6e11f2bacb66dabaa5a46bd3b0,lucmoreau_provtoolbox
7a66dc675f9a69f21c9c86dbdb0503ff5b506cd5,lucmoreau_provtoolbox
7a6ab524812adc8804b28c1c41ecc42791fd23ae,lucmoreau_provtoolbox
7a94e65e8b1d6eb184195369301e6c8b07ee7ec0,lucmoreau_provtoolbox
7ab6fba68d796416341bd5b51b2690ab4bd1dddd,lucmoreau_provtoolbox
7ac08035c4461fce82420b8d30eddff572bfe09b,lucmoreau_provtoolbox
7ade75c4be5c596a60ac72464f6a1ca44ea7c114,lucmoreau_provtoolbox
7afa4afa4f8f5c30d31f279b042614911bc53150,lucmoreau_provtoolbox
7b133a0e1a0d85b219bc6decbe8682df3fab19d3,lucmoreau_provtoolbox
7b1586565d5e891440cadb216769777862cf0dc0,lucmoreau_provtoolbox
7b1e2ff3d5274f90a0b20ccfcd2fe6d827da41b5,lucmoreau_provtoolbox
7b2409120203112d439ac064b4cc44fe6d1492fd,lucmoreau_provtoolbox
7b2ea14ecd8323017d94a9496a87eaa5caf4a6e7,lucmoreau_provtoolbox
7b42267edb6e1c89611639f0daa425d073d14475,lucmoreau_provtoolbox
7b54a9d81ddab8649df3fe62adbd02fb3bef86af,lucmoreau_provtoolbox
7b65713f196ca5c36627e044d724453474345393,lucmoreau_provtoolbox
7b66bf28930edd7de5d3c5e9e69d21105569b017,lucmoreau_provtoolbox
7b72fcf9c13c1c6ec944008043e5745a74a3111e,lucmoreau_provtoolbox
7b7e69eb3d65204020a15176ffa9f1e98d9f8d7c,lucmoreau_provtoolbox
7bafd3f2e98673c265bcc013f7b559ed98d35d41,lucmoreau_provtoolbox
7bb5aae94978a45e7a98ef41f2a1ab5cce2fff84,lucmoreau_provtoolbox
7bb82e55490d5e87a5ce2f79d680a6902605d562,lucmoreau_provtoolbox
7bcb38a5513f2ac8e922a856a0bc29661c2c26d3,lucmoreau_provtoolbox
7be79c41c0780ae1129e6f35defae5bf7e285c74,lucmoreau_provtoolbox
7c0a5d9bd902bb945d8508557ed830caa7f6a671,lucmoreau_provtoolbox
7c10ef63f83369c8fd3165029da56f974c55cf0f,lucmoreau_provtoolbox
7c24c933f38d87e170c1becc8f8c512d45073b9f,lucmoreau_provtoolbox
7c33da9d914c41299d2a0678fc433e0147c91ef9,lucmoreau_provtoolbox
7c3c78d1a20b78e55b35009d6e315505ab40be06,lucmoreau_provtoolbox
7c42972ef551287402c80461cb4da6cef9aadd56,lucmoreau_provtoolbox
7c45cf4da1e01afdff969fa57370fcf28fe9237d,lucmoreau_provtoolbox
7c45f8f555efa6324dfbd0cc06e279dd4f111d92,lucmoreau_provtoolbox
7c4a214e0e7ad0fe82e21d64a666afa45be3632e,lucmoreau_provtoolbox
7c570cd839531f12262eecbb77ff51c933174127,lucmoreau_provtoolbox
7c63571298081505ec95b840f8a8fb98f9104575,lucmoreau_provtoolbox
7c66f180b3e64e3f075e49f5eda46c24f07ba459,lucmoreau_provtoolbox
7c6ffbf9c536cf45ce03fa4a575c41ada5c9fc6e,lucmoreau_provtoolbox
7c73074439cd831a136320eded56193522c59490,lucmoreau_provtoolbox
7c87613625d3226ddede9f523cd8a65df39fc2ae,lucmoreau_provtoolbox
7c9a889feef31c228053999a6064e45ac5ef0b6c,lucmoreau_provtoolbox
7c9ef7b4a79941666b00827eff2943fd64fb19ee,lucmoreau_provtoolbox
7ca1de116e425d5e8bb58e7a6f9713fc7e3e1d1e,lucmoreau_provtoolbox
7ca95c4d49377f6a9b84a03cce6bbdd6cf8bb1a3,lucmoreau_provtoolbox
7cadf3825efe0749390910ffaa46714112e9334a,lucmoreau_provtoolbox
7cae128cdec3bdd6101fac9f64686125cffce836,lucmoreau_provtoolbox
7cb1981cfb2826b4396cf915695cf201b4ae73bd,lucmoreau_provtoolbox
7cc60e114b2e68d55f1808f87ef202296d2b0acc,lucmoreau_provtoolbox
7cdc290281a9f486da78297701ca06f4dbe173bf,lucmoreau_provtoolbox
7ce88b4799bfe6d4f44e01ad1ac51efb37131082,lucmoreau_provtoolbox
7d07c65be459f55a04c64fcf8e3f2586a5b5e00c,lucmoreau_provtoolbox
7d0eed8e6683807c9173db40dd01a6e04a7d75af,lucmoreau_provtoolbox
7d49b1f123e5884c35b1d5dca05f17a539d9ec73,lucmoreau_provtoolbox
7d5437f3a5004fee9ca45a4416c1dc7d8d73216b,lucmoreau_provtoolbox
7d549943ad4b15b37a84a63417e2f7b4ed962c08,lucmoreau_provtoolbox
7d74d6f0f60f802dc4b36041cc431de3377cca7f,lucmoreau_provtoolbox
7d95e5e5c700775eb9006c9887f63b45e9e4a865,lucmoreau_provtoolbox
7d9c0cba34ad73ef696b7ed5126abbfc42cd945f,lucmoreau_provtoolbox
7dae2489dae141311635ea01000a08f6c71daa04,lucmoreau_provtoolbox
7e049cbd4c7304c5591ed50669f343853b2ad4b1,lucmoreau_provtoolbox
7e04e71e893c9b429b131ca1a69dfe6fd0c2f71f,lucmoreau_provtoolbox
7e18803461e8e184989de4a6728510d1eebfd471,lucmoreau_provtoolbox
7e1efd97b50c67597a9244ca010ba5a4bfa637ee,lucmoreau_provtoolbox
7e251acd36d335e0ad78a7c1b45403c0e048a340,lucmoreau_provtoolbox
7e2ccb8d7091b24b80536a28eead5e7ae7f4f71c,lucmoreau_provtoolbox
7e43fa817296b6b393d5683a0e8dfb00815932ee,lucmoreau_provtoolbox
7e4581bcd6f39a340ffa729c7a724172f7f894f2,lucmoreau_provtoolbox
7e49d6ffbea08ae90f9d93ea8e3d64f0006af7f1,lucmoreau_provtoolbox
7e7bb139853456888b421dd7ca6d65f5e51b7a25,lucmoreau_provtoolbox
7e898eb8e1cf4ba010142e3dc44463df49f5de78,lucmoreau_provtoolbox
7e9bb275344f6eb37181341ccc98a9310218424d,lucmoreau_provtoolbox
7eab9c4461a0eca1cfc712221ce70e99b9b12e6b,lucmoreau_provtoolbox
7eac8b69c7f3ce88cb9d28be997820fa60d5b4f0,lucmoreau_provtoolbox
7eaca9bd867b0c1fb4e4375b73eaed015418f412,lucmoreau_provtoolbox
7ebc9ea3da469cdb040edfcb2ecf35ac20abdf92,lucmoreau_provtoolbox
7ed61b13495ea85020a949a9b83f9d57c96682cb,lucmoreau_provtoolbox
7ed75f788773968de410691bb3ac638f7e9e33a2,lucmoreau_provtoolbox
7ef7b1fd50b564421c524314c7e7f25b3da92493,lucmoreau_provtoolbox
7eff2d2aa6f2c8b586e6aa89080901e37bf35f75,lucmoreau_provtoolbox
7f0a51146e6e0564d7a11b382e9082861d33c462,lucmoreau_provtoolbox
7f134b547d1893690a5e69ac0fbaf9bbc4d2bae9,lucmoreau_provtoolbox
7f22e49070c43d73ee0128651430a5da16ea9454,lucmoreau_provtoolbox
7f345f7441cb80f9677ebb9554eaab5fea2736ea,lucmoreau_provtoolbox
7f34a1a7780b01d1ee826d419927ce0bcf8bfe2e,lucmoreau_provtoolbox
7f369cc3a3db3cbf31f0575a10db7928efd2ced2,lucmoreau_provtoolbox
7f4377c4a835c84e0e0dcb4c53dcd7684ecca945,lucmoreau_provtoolbox
7f45c6cf9d7e0068fe761afd5e41ac46e3803660,lucmoreau_provtoolbox
7f4be7ef68c409cb73124ea0a59922924106a6a5,lucmoreau_provtoolbox
7f4eda5dc1f346474c6519fabde2f6322e40157e,lucmoreau_provtoolbox
7f678c672f9fa64683f2616829ae6ba04a851498,lucmoreau_provtoolbox
7f7e88b33868c3564ecee66056009145552881a3,lucmoreau_provtoolbox
7f965ac7af052b2da13875e57980e1d36265fc77,lucmoreau_provtoolbox
7f9a55f1cfe23121325257b36648271b03346e99,lucmoreau_provtoolbox
7f9caf9cd846bd1ca77e4940806c3fadd77a9ba0,lucmoreau_provtoolbox
7fd5297d548b36b7935691fe0783a2b1e7d8657e,lucmoreau_provtoolbox
7fdb2a7d9cbc95e2668b70093057c547a6a87209,lucmoreau_provtoolbox
80139e8b345286f693edd669367537445f2d1d07,lucmoreau_provtoolbox
801b4d670474eb768412e14de79bd5ddfb631efe,lucmoreau_provtoolbox
8068b287972cbcaef2154847673f2a08b9525f75,lucmoreau_provtoolbox
806b54e5172cc9487092965ffb5c37ec0bd52b5b,lucmoreau_provtoolbox
8072351a362305265681be9454fd20a54ddb9178,lucmoreau_provtoolbox
808ca8c44c47e7d19b5b5697f3bd3f0a6fd5179a,lucmoreau_provtoolbox
808e8b8db940135e51535d6b68678591627514c7,lucmoreau_provtoolbox
80905c67ad14cd89a97a61aeb815f97abfe055b3,lucmoreau_provtoolbox
8093b1facebbec1dc84aaee2470e2e7cfce44462,lucmoreau_provtoolbox
80a2952e9c9ea87c1238acf8e2a7a2ccf9efcffa,lucmoreau_provtoolbox
80a5888df99a8bcea4bb9df632fd3899e3be6f8f,lucmoreau_provtoolbox
80c0f3728f0ffc174159d78599ab617713c19c7d,lucmoreau_provtoolbox
80c1b22500a019a0b75ab69b61d4cfb1a5fd2bb9,lucmoreau_provtoolbox
80cc9d5d8fef09705cddcc87b579d86fee1e450e,lucmoreau_provtoolbox
80cfd249b68910ab31045fb75b77c6ac8f5d840e,lucmoreau_provtoolbox
80e38de2a84df87ae44b5a7963738b29d1ef718c,lucmoreau_provtoolbox
81004d3ae079601049de10a849bfeabaf63aaa6d,lucmoreau_provtoolbox
811866a8bacff83a9687cb321da2352cdfa42b0c,lucmoreau_provtoolbox
813394439538cc03f97b25cefa8e96ac0b94a59e,lucmoreau_provtoolbox
814d899c46fa2b86259a094ced22e935f29c49ae,lucmoreau_provtoolbox
814dfe2af0ffb6c32af7a7af7c7f9b48b4953400,lucmoreau_provtoolbox
8162e98b1fcc6fd81aa9a5f15e5a138f625fe07c,lucmoreau_provtoolbox
81785413d2bd944f13047cdc03b4e17f2159b614,lucmoreau_provtoolbox
81997e29062a6c134911331e568d6229e4aa88aa,lucmoreau_provtoolbox
81a8a8439e187b40e51810bcf84ecc5c1e86963b,lucmoreau_provtoolbox
81adb78a9353dc5c45c47726e8d9a980d19291cc,lucmoreau_provtoolbox
81ae02f2ec45e4b0bb28f4afed7a0324b8be6303,lucmoreau_provtoolbox
81debd84b626d715b3970eefc5bcfa600e3461dc,lucmoreau_provtoolbox
81deca1e78e2d82e6982c06d59575e708eaa6a02,lucmoreau_provtoolbox
81f5c8bf04d1984873eb3008e2bb3e9cef8bda44,lucmoreau_provtoolbox
81fb3e950947c679c8b4634f70c8f6bfa6a0e5cf,lucmoreau_provtoolbox
81fefe9a55fbfe92548928835db3b57c33455e26,lucmoreau_provtoolbox
821f2d8e2fe438c370bceaa57c65c9fc2b585a14,lucmoreau_provtoolbox
82213a4dc33e64642ae931357a68a73662399f63,lucmoreau_provtoolbox
8221b49cdfb57affb5f637a1e26044558df69a2f,lucmoreau_provtoolbox
822e84ee9472b9a05b1745c964eabad31e598262,lucmoreau_provtoolbox
82424168073795028b8d78939e130482746e17b6,lucmoreau_provtoolbox
8255ca240f2fb5b7a63f6b3375eed558ced995c2,lucmoreau_provtoolbox
825eae8f62d26e350850807f51e9240c01aa2cc5,lucmoreau_provtoolbox
8281e3cd8e83721cf49d6bbd7d2154ad17ab6bcd,lucmoreau_provtoolbox
82875a7143d586e4061da85e12a781a0a233727e,lucmoreau_provtoolbox
829996e8463dbe1ea977c422f5a660dec6819c4c,lucmoreau_provtoolbox
82dba42fa566bac8636ba86f45017660b2f4d999,lucmoreau_provtoolbox
82fedc0928eae4331c87f45efdc67e582b5a7221,lucmoreau_provtoolbox
830bddf40ad1b83ce58ed582f09c11b977042aa6,lucmoreau_provtoolbox
8314ab49d1e70afb46bc65dfbaaaec807839adcf,lucmoreau_provtoolbox
831d46d5b90ad20482bea1c8ebbf708c1e0e1998,lucmoreau_provtoolbox
83262908e90faa17eec3165425869524fec5293e,lucmoreau_provtoolbox
8331326f1270ac27966caeb29b36c2b92422551e,lucmoreau_provtoolbox
8388568b1a9eb01b9425360d46848b06765f2ca0,lucmoreau_provtoolbox
839b52538eb99f26059315a2cc659ca2a72da316,lucmoreau_provtoolbox
83a716f3ba77f82cd6db26333be451df06a3aaea,lucmoreau_provtoolbox
83b837b16220ac7bc811fd2eb1bd248aae822ddb,lucmoreau_provtoolbox
83cad7fb790837ba92c7a50ed4be72397dbe0392,lucmoreau_provtoolbox
83cc02502674643c841dc9f0956ce9bcae7c7550,lucmoreau_provtoolbox
83cd26cad02c1742b0bd830cdaed75eec239f75c,lucmoreau_provtoolbox
83d9264f86193cf2215612b3571268aeffcf0e30,lucmoreau_provtoolbox
83e3409bd1e439aff6c762696a716ed7e55bf0c7,lucmoreau_provtoolbox
83fafc5122b0c5abf00d7c2a114629cb95e4b4b0,lucmoreau_provtoolbox
8404ab50f4d427e7eef8d260b53a5b7a2a48d758,lucmoreau_provtoolbox
8414d8fdee9a848c9f8fe201f78cf70f84f95680,lucmoreau_provtoolbox
841e7491b31112ecf90c328fdd3c05ee7f26be28,lucmoreau_provtoolbox
843388a09810ac70b2ed958127826526ce87ea45,lucmoreau_provtoolbox
844cff26a9f5d9047759ceb2c8bed9895b941f1e,lucmoreau_provtoolbox
846079a74d5b432d774df1535bddf42d01f0783a,lucmoreau_provtoolbox
8484dc28db3eb967babc758c0d58237abb0f5c7b,lucmoreau_provtoolbox
848be4361818ee167da1fe96b0e616065f71e8fb,lucmoreau_provtoolbox
848cf1b85f47e130099c771634170b7501f57626,lucmoreau_provtoolbox
8495f9381dd7e43de709dbb71c7d934b0db1adbb,lucmoreau_provtoolbox
84aa7b3bc835d32150178c45f96723b965b1b3ce,lucmoreau_provtoolbox
84adebd7df5e0e0005c241a2224bb182da714436,lucmoreau_provtoolbox
84af657558adc8ada601b3f1ea20718ec0bc257b,lucmoreau_provtoolbox
84cacbb1da9b889946d50e3feb68c38d03ac5fc1,lucmoreau_provtoolbox
84d06644d30b2c469f35fb9098e1dcc652a0a843,lucmoreau_provtoolbox
84d92d37b05b2faede29693f1905d6c0e96ef4d3,lucmoreau_provtoolbox
84d9dfc358af0acf3f2b9e67b25d25406a2f92fe,lucmoreau_provtoolbox
84ec3b8aa4b363f82079f117a08965d3ddff4943,lucmoreau_provtoolbox
84ee58e594350fdedb4ee1476f1203b932031df8,lucmoreau_provtoolbox
84f37f02904cc927aabda9afa6ccfce23a3391c7,lucmoreau_provtoolbox
84fe3f2c3ed4d80e9202a9de4ef56e4fec9c3e3c,lucmoreau_provtoolbox
851ac040689f3bb6374a8197e1d9791573c6eba9,lucmoreau_provtoolbox
852140562b2fefb13301f4797854e8874c6b0efb,lucmoreau_provtoolbox
85226fecd89dbcaf3407f1172cc3115b6c454c50,lucmoreau_provtoolbox
8531b5fe6a5f930406f080311791b0c26c5c45d9,lucmoreau_provtoolbox
8537f070b8df829ee745fce2a0c1cc7ac4c60146,lucmoreau_provtoolbox
854cb34a6e07c1120101b1f11bbb55cb9ae7bc0f,lucmoreau_provtoolbox
8553a8fa931aed30aee9fd469997f95568b49b97,lucmoreau_provtoolbox
8564c5da25eb02eda218604619452b408153e6a1,lucmoreau_provtoolbox
857834ed8dd6d41dd15076f3fe43843411888d59,lucmoreau_provtoolbox
857f11211bbf7293bcbcd998024bed0b36af528d,lucmoreau_provtoolbox
8585c461cc1ad54287b9f44390685aea0e291f76,lucmoreau_provtoolbox
8593f7676793e0faa088681232fa923651b955de,lucmoreau_provtoolbox
85ad64cfcc54f4da7cd7410dece8bc90c0e3c8c6,lucmoreau_provtoolbox
85afafaa86150719b1e0dc6b80aa5906f469cda9,lucmoreau_provtoolbox
85d7a00da35a07572457f0749e1349f134663604,lucmoreau_provtoolbox
85da4ffcb41cf62035bb577ecc121d32d01543e5,lucmoreau_provtoolbox
85f6a7baa9a8b60de7313122ff286a0ad6ce48a9,lucmoreau_provtoolbox
860938a25dbdc76a6e8ba1a534e4d560a94c06b6,lucmoreau_provtoolbox
860d5977fcc84a9b029acc393d7fcad0a6b2ddb7,lucmoreau_provtoolbox
861333e44a5a349b841f1e50e335d2d78d373059,lucmoreau_provtoolbox
861dfb1bc3e4e5324166ade24cf8ee4578e6b42d,lucmoreau_provtoolbox
8620a0c128add61ce4afa9b21c8ca92327220a30,lucmoreau_provtoolbox
862b3a3073744625a4592a69bb24edc18759aefc,lucmoreau_provtoolbox
867e0fe173d5e4269fa40e71a9ab4daa8c2e057a,lucmoreau_provtoolbox
8688876881d1aa9a6e2ec43d60825fb9369e62a6,lucmoreau_provtoolbox
868973a6eaf8c793151043c257fdb9a53e32e0d4,lucmoreau_provtoolbox
86920352e7b01648e401c098c61a14576f234f4c,lucmoreau_provtoolbox
86aa3722c67b93d06e96111e8d6eda2b8e1c6513,lucmoreau_provtoolbox
86b1d6013622617317cec4cd11672b02bdf102b0,lucmoreau_provtoolbox
86dc72714aa39cc69b0593abef07782f73360144,lucmoreau_provtoolbox
86e35b8d4b2910cfdabcb66d7c842b4a6f9c6d96,lucmoreau_provtoolbox
86ff24ff224ffc2089bedf0ebf656d1a08d9bf45,lucmoreau_provtoolbox
870fc605ff29f11c3228499f30758942912fb117,lucmoreau_provtoolbox
8724ce5cdc685efe6173c9b10ff65f83f2d0f1e8,lucmoreau_provtoolbox
87348aef5bfde75ea0facda5643829b435cc0cdc,lucmoreau_provtoolbox
873e934da69fd95af6c12f0d546da414e227f9a0,lucmoreau_provtoolbox
875c49455871047db6758b3289808e07f900b213,lucmoreau_provtoolbox
876c38d9c6cfce8db8fff8f5a3582fcb16e43285,lucmoreau_provtoolbox
878471872e672ca3fb483182a9ed5cd72bf7b076,lucmoreau_provtoolbox
87979732735ef82185ddb207a9f42554c0ce7e81,lucmoreau_provtoolbox
87a5856f0600ceff33aaf012a0000af8a92b3225,lucmoreau_provtoolbox
87a9f85f65e009b077c6b37e559e80e73100f383,lucmoreau_provtoolbox
87bf81c0dfa721680e8703283b6d9a354d705b7d,lucmoreau_provtoolbox
87d6b514eb4e3972c98bc5c0166dc8cca1eb77ff,lucmoreau_provtoolbox
87de7187ebba7e40ac99dc98b1bd4b89b6fc19fd,lucmoreau_provtoolbox
87fb2a50a4079d07432fabbb0ed756efe9729365,lucmoreau_provtoolbox
87fe0b0729810727b379ecc489fb2122c8d5dc31,lucmoreau_provtoolbox
88020162f1cb65c0d468e31bb9e640eac48759f1,lucmoreau_provtoolbox
880782cc14af4f19cd472a489d9af2354104dd7f,lucmoreau_provtoolbox
88264dd0aaef7a3db2cac77d9de005211c8933b3,lucmoreau_provtoolbox
8836728efc9633fb0c4c6e663d2f149ae346fe0d,lucmoreau_provtoolbox
8858405de81a945c9a1b2374d966dbcd0f340d47,lucmoreau_provtoolbox
885f24b7a408063f5fd642b0b075e26f7c1c6e83,lucmoreau_provtoolbox
886b426671e8854238a80052fa62e5ee8669c3da,lucmoreau_provtoolbox
88854049d12f3175dff30bc05e1c2c2e9d9db52e,lucmoreau_provtoolbox
888775cb820fb9f3d5440abfe180159fd803ec4b,lucmoreau_provtoolbox
88990fe22676f816b65430fbbb75655736ef96c7,lucmoreau_provtoolbox
88a5269aa078b4a666796f13e9e55cb5721968e6,lucmoreau_provtoolbox
88b461ed39cc50f36a9fab97fc89d0332cd13931,lucmoreau_provtoolbox
88c6e9a71d030c82d0e4c853587a90c1f4b5deec,lucmoreau_provtoolbox
88cd87ec8c9bd33eaba04ea4e9727f2ee526b372,lucmoreau_provtoolbox
88ef34187a6a3a978c0e30f744cb9b70b048ec7e,lucmoreau_provtoolbox
89245ab816ec150b1c00228b9d8b22291b9940e9,lucmoreau_provtoolbox
895cf3014fd32fda07ae25bee13f92c543964ba8,lucmoreau_provtoolbox
895e716734d9b3de89fbcf6aa9f575e273242b55,lucmoreau_provtoolbox
8965f4a13d3366688cf722c1069ecec886bcce2f,lucmoreau_provtoolbox
899214cfa8b2563548a5b63aaf15fd840895cee0,lucmoreau_provtoolbox
899a17e4833d26121d10c99325486af84cebe070,lucmoreau_provtoolbox
89c2c231aefcc75c2d595a5435ad3f4fafc23a6d,lucmoreau_provtoolbox
89c4103a47397f81db12429d33b4e82e92ae4f3d,lucmoreau_provtoolbox
89dffc7e4e225da2921f8e52c78f570d76e5b889,lucmoreau_provtoolbox
8a0a31edd59bf2b2bfc753ef0dae581aacaf1024,lucmoreau_provtoolbox
8a0eb56ebe1e639d9d0717e5c78bdbde695f134a,lucmoreau_provtoolbox
8a10ffd261468716c78fb19f8f6ed8b0659c0858,lucmoreau_provtoolbox
8a303b082d0ebb12d49f84c4520d1225cd5bdc4c,lucmoreau_provtoolbox
8a3093654a9e0fa6c3109f526c7bf325f1655535,lucmoreau_provtoolbox
8a6359cb2403e09f1b984b00a956799524359ae4,lucmoreau_provtoolbox
8a643f94333814dd50230c4e2e404351271e8a57,lucmoreau_provtoolbox
8a7b6082abbbad3209c5a73cb26ab1415ffa44d9,lucmoreau_provtoolbox
8a83242a212b69847496d3ffaa3a3a5ec23bb842,lucmoreau_provtoolbox
8a9a09dbb749de32e5b1a4b155453acbe6f70203,lucmoreau_provtoolbox
8aa6c155a45014536e889cadf59458efd95925cf,lucmoreau_provtoolbox
8aae19441b8a6dd46ce85ea4c3b8d6c598bc131b,lucmoreau_provtoolbox
8ab23e33201616c7a243a46e08198a57cad43f66,lucmoreau_provtoolbox
8af35a6e934cc7c0a3e748c22c468a04b44a9a9b,lucmoreau_provtoolbox
8b10e6b78997caa307fcfa9c38ca45e2dafdfc55,lucmoreau_provtoolbox
8b1846e8763530207b70fe7daf81797536333e86,lucmoreau_provtoolbox
8b35e876dbda7f55a95dd182b78f7a28a5147a21,lucmoreau_provtoolbox
8b48b7c349aa478a626a137883fd447b9eadfcc0,lucmoreau_provtoolbox
8b58607e094003786a549adb6d22d592224493cd,lucmoreau_provtoolbox
8b61b972130ae4aa03e05e6008c0d65a114b062f,lucmoreau_provtoolbox
8b627533eaf3710fc2f29e4c3364f4cf6bf08acd,lucmoreau_provtoolbox
8b75827a6623ca638f3c4358837de8d8acc5931e,lucmoreau_provtoolbox
8b8a4052f4d87772f82934f86e341987ef674876,lucmoreau_provtoolbox
8b987e823065bf655105870f18107ad30c3b5fae,lucmoreau_provtoolbox
8ba3619a28941d28fdd04dd86b6c1edf1c2c6f00,lucmoreau_provtoolbox
8ba79773974b0be5ee6502b1da03f009e5edc41c,lucmoreau_provtoolbox
8bb078850acb3ad8d6a0878db759ae5182acffdb,lucmoreau_provtoolbox
8bd52ed7b26b043191d1f49e92a2fe7286f8c8ea,lucmoreau_provtoolbox
8be306d1fef461508b4f8b23a74e51351aa5990d,lucmoreau_provtoolbox
8be4736941b9b6673f930dc6d1601d39e8abc216,lucmoreau_provtoolbox
8bf53c0f6714f2f58a5bcf5078d297b04a50eb21,lucmoreau_provtoolbox
8c1cd72a0fc2908639171d351a00ddaf5fd5c8d5,lucmoreau_provtoolbox
8c1d1b7a1fed7496bf07cb58ae6049066e30b109,lucmoreau_provtoolbox
8c701b2a7878f9e41deffd48586ec0733fd420f9,lucmoreau_provtoolbox
8c7e6571f30d8f596a39e34e882f366050e6fc41,lucmoreau_provtoolbox
8cb6f8aff48c2a0aca0cedca29c0553375eceed6,lucmoreau_provtoolbox
8cc492ee470b5a34e621e035e24487bb57a0a78c,lucmoreau_provtoolbox
8cdc202e67234bb4fff29a7577108a373e52fc3f,lucmoreau_provtoolbox
8ce47ee4824e428024500dcd702284b79ed2283e,lucmoreau_provtoolbox
8ce71d0691e06027aef1c322bf36d7f1b86c823d,lucmoreau_provtoolbox
8ceaa388f502e33f354b062d6096870a392d8e6a,lucmoreau_provtoolbox
8d08002a1a925ae9576add264463246bf5ce802b,lucmoreau_provtoolbox
8d2d77ac44b3903fe71cd6aa92a38e51b0a2d1ec,lucmoreau_provtoolbox
8d348c8b87920aa447192e55577f2474b6b41621,lucmoreau_provtoolbox
8d450e5b66c873d3e942bda00fba088598b16bc3,lucmoreau_provtoolbox
8d51a9e95ebf1f93c42b3106ce13189bb34151a6,lucmoreau_provtoolbox
8d7ed097df83f7ecdae24465555ebe5ca1bf1e92,lucmoreau_provtoolbox
8d865d7f03c99eae41338d3a14c98d1edb08a573,lucmoreau_provtoolbox
8d8aa4e7e1c5d1c27385a8137237d7fe768dd977,lucmoreau_provtoolbox
8da1258100f8ba17a4b40ca2f7b32d104c0247a9,lucmoreau_provtoolbox
8dad3e0a85d30b6c945e99981154d4680620c04d,lucmoreau_provtoolbox
8db7dc857b8ab90f73f552aacee734e62d3840ee,lucmoreau_provtoolbox
8dc148eb907336bdd1221e079be270ec3927f919,lucmoreau_provtoolbox
8dd45f4f9ea61faac22eeff9043cb720b5a970cb,lucmoreau_provtoolbox
8ddbe8dec6f400b6cda50e2012af126d185967db,lucmoreau_provtoolbox
8de9f1a474d8ffc7576cd7a031a8f77342b0614a,lucmoreau_provtoolbox
8dee44a16b771242f84f560d3ccf7c92a71a8511,lucmoreau_provtoolbox
8e3bc1c17d3b0f82d4cdbd59f09a5d7e6ad2b6c4,lucmoreau_provtoolbox
8e3c2a15be62d8425a4fe18c23a20deb703f9146,lucmoreau_provtoolbox
8e4841b233cb3077fd706c8b7cc5816526be2a73,lucmoreau_provtoolbox
8e957586d492e9ab49f102b320ba16eefaf29dcd,lucmoreau_provtoolbox
8ea16ed4b022259c78717b6f55af17e33dab078f,lucmoreau_provtoolbox
8eb0efc9b44cd18cfd58b71bf908cf9d6c4d1546,lucmoreau_provtoolbox
8eb56ab29cbcfaa6ab1b040c42f344bf1518b985,lucmoreau_provtoolbox
8eb66aaebbc77c92bae0af05ea8929b6b8335eee,lucmoreau_provtoolbox
8eb9731657f4659f16f43e3c891953be0f1604e2,lucmoreau_provtoolbox
8ed187244baf91ec01f57e6cd884aeb392bd3f83,lucmoreau_provtoolbox
8f467a9f06b3b4fbc15dff846d00957a48ee200d,lucmoreau_provtoolbox
8f4a0602a06d09f5dec727d2402ff9547ae72fd0,lucmoreau_provtoolbox
8f4ba58548881ba9f9ef95821e967180733b8974,lucmoreau_provtoolbox
8f581c7988591aaa4964d31a04f4d5f44f1abc5e,lucmoreau_provtoolbox
8f5dc7c4a765aa68d4d5ec57c5c7b1842a4ba971,lucmoreau_provtoolbox
8f5eaaf50b890acca99cee7ffc359b47c0a46a22,lucmoreau_provtoolbox
8f726ef09abb78c5e8f464026f4e0fb0c7ac7c8c,lucmoreau_provtoolbox
8f93f9d750c09284f898cb0bf4fd9e768981ffc5,lucmoreau_provtoolbox
8fb30ad87365c31bedf238cb31570d77e158dcb4,lucmoreau_provtoolbox
8fe5dec07ea1e500843d33e253c2d47081810765,lucmoreau_provtoolbox
8ff3aafad71d566cbf0c6fc4e378866daf9fef6f,lucmoreau_provtoolbox
9000fd6d6aa98d59357cb0751564fbd8d07472ca,lucmoreau_provtoolbox
90093dfd6ba78f4360263cd00b0e5346b6b5ee9e,lucmoreau_provtoolbox
903a41c6ab0a2a18ac079ca5dd3394f0784f9259,lucmoreau_provtoolbox
9059778c2e7d36d008c229673f9eb7c7f0421d15,lucmoreau_provtoolbox
9080c3405c9d053058967034a63bbc137c0b4765,lucmoreau_provtoolbox
908edf6eb3c951583d1b5ee17f462a85cc3a812a,lucmoreau_provtoolbox
9097afc4197b82ceffc22cf7ab003d2bc9bda2ff,lucmoreau_provtoolbox
90d0e0c23a3e26617d04763d2010d22a588254d9,lucmoreau_provtoolbox
90f8efc6cf6a0028eebf41ba45246882da617b8f,lucmoreau_provtoolbox
916a863fa2bb7f8c1da575184d04ff160d2e49ef,lucmoreau_provtoolbox
916b368f3591e02bd71f1dc606de5d5a548a9705,lucmoreau_provtoolbox
91844519707d37a51394ca32530ac57ca1248c1c,lucmoreau_provtoolbox
9186cd20347e61f869eb58da99d6b2028c65e6e5,lucmoreau_provtoolbox
918ac24c5541839460e58fad2f3a8d4f2f11ba80,lucmoreau_provtoolbox
91b1097873b056c1602c497bbed06c7643861771,lucmoreau_provtoolbox
91ea89bc9f22eca309c844ca75ca341db25f6a94,lucmoreau_provtoolbox
91feaf04189363d7317cbb545409b5b7b9232663,lucmoreau_provtoolbox
92135e7a6fee27cbf3fe47546a7af2c12809d517,lucmoreau_provtoolbox
92136416e3e31c502588b2bb0032c3d1853231a9,lucmoreau_provtoolbox
921c61392eaebd6761124b5ac4b1b7d1dc6970f8,lucmoreau_provtoolbox
921ede714801dd351d17ab47a7cbf1a45f181955,lucmoreau_provtoolbox
923048c76553c8bcf9b755843265f8747f89a5fa,lucmoreau_provtoolbox
92333b508ee99ace59bb21351c31c95169fe9b18,lucmoreau_provtoolbox
9236d90eaa840cb28ba26b9ce3a7028102fb90fc,lucmoreau_provtoolbox
9264b7ba6a324f9f679e32a67fb04ddf9b34fe53,lucmoreau_provtoolbox
927c2061a7a2cf6b6eb7aff7dedb1e55cb644381,lucmoreau_provtoolbox
928150d0e6bb2267796e94e12d6493e0db7de994,lucmoreau_provtoolbox
929b8e566e2a181f19a7f49864e7d3e9e1312fe8,lucmoreau_provtoolbox
929bfc81cd4afb875e66254947a16d382c8587c5,lucmoreau_provtoolbox
929d1efe58ce25d53a25e067485a0081b335feb9,lucmoreau_provtoolbox
92b773105fb514be586fe2c3ef2851e7c9e4d7ae,lucmoreau_provtoolbox
930c1c32b8132a7152f7e5d7954a05747ccaaea3,lucmoreau_provtoolbox
93119dd647d6516538034c22d1774d27234fda37,lucmoreau_provtoolbox
932dccd46186c906905db85cc903609450f69d61,lucmoreau_provtoolbox
9334e1c3e30c7385b78d69677c338df58d21ee46,lucmoreau_provtoolbox
9344c094a460b212db9dc6d86c16dd3d06779954,lucmoreau_provtoolbox
934f1baf76e27ffc464932400eb5756632205845,lucmoreau_provtoolbox
9353cbbe8b38ab32866f2bf905c7e3c5c9b57567,lucmoreau_provtoolbox
93724c17dae53c05a9c1182b2d50e40ba8b7e145,lucmoreau_provtoolbox
937808e717d206cf7b9d2cf79a7c93bf44e11c23,lucmoreau_provtoolbox
9380d01d83cd51b6d84f6d227b0aa5547a3468e6,lucmoreau_provtoolbox
939db6d3b7d7a5a255c1de161a609c4e51a987e4,lucmoreau_provtoolbox
93a3938b48d9d2c223371d05fce4ec72d5c38ce3,lucmoreau_provtoolbox
93b85ca309dbe320d499a870146a526a9964c82e,lucmoreau_provtoolbox
93ba9a6189856e53ec840ecbeece7cb883a381c9,lucmoreau_provtoolbox
93bbdb2f35443a6629515d6e421870ceeabb3f51,lucmoreau_provtoolbox
93fe9c6d0aa9ab02dfc997e88e6b283b4161e21c,lucmoreau_provtoolbox
9410ae01e757b46c53f970deca27aa487e4b7edd,lucmoreau_provtoolbox
9413e49cf562ed66cb7a9ccd16d7d98e5f0bb573,lucmoreau_provtoolbox
9419f02d9fe48258fe90e3d18864ec1f71648ebf,lucmoreau_provtoolbox
942d629db03e46860dd1ce7049c4072861ff047e,lucmoreau_provtoolbox
9441f16ba244ff6d3f95c7a701ff3e274d1f8293,lucmoreau_provtoolbox
94461df213d1214ee43bf61ae2807cbda07c5545,lucmoreau_provtoolbox
944be5dba0afdae25c1617795a4be83455454f76,lucmoreau_provtoolbox
94535a31f7ba2d518af4e48e0e4a54d16407e8ad,lucmoreau_provtoolbox
9471af4638f45b94c65df86ac136ba56434f1b10,lucmoreau_provtoolbox
9474123218fd25779112781e6e02ef981b0a0739,lucmoreau_provtoolbox
94797423781f66b422e0007c06bf70fbbf02c868,lucmoreau_provtoolbox
949bb7f50771f2563daadb8e85e89b590b4e21d6,lucmoreau_provtoolbox
94aa5fc2e4e99c28a7d210aa9b87ecde315f718e,lucmoreau_provtoolbox
94be6c81d40d008e1ce78f19cf39bdc27743c6b7,lucmoreau_provtoolbox
94c3878b787da9af94e23227395af002b50cc317,lucmoreau_provtoolbox
94e3bb3af8d09a7558f82ee5548960f3d8103cfc,lucmoreau_provtoolbox
95161e5597b7de1cc12d73e51b2418211b12b530,lucmoreau_provtoolbox
951f697ef0bd2dd7ce1a6d475908df4b2bcba3f4,lucmoreau_provtoolbox
955fd391b8f41920e85ad57b9ac58c8212757142,lucmoreau_provtoolbox
95ae532d5beba0982ba26bc7afd01dab06904009,lucmoreau_provtoolbox
95cc95d3fbd4ae7abdb140f5bdcb89537b670ddd,lucmoreau_provtoolbox
963b0cf706d3314861a1fcaac3450aa87da0ff62,lucmoreau_provtoolbox
964d8e02e11685dc71e351eda671ad034dbc87b2,lucmoreau_provtoolbox
96557f5246d684eb746f1c9dfa3e4d8c4b878973,lucmoreau_provtoolbox
965aa84e0d910830f3905550371735248b562d37,lucmoreau_provtoolbox
9662a2018f25e2adc763b84012029a0db9c16ab7,lucmoreau_provtoolbox
969063f8bc0f4cfdf40b3ad14b2bd93e3c0e613e,lucmoreau_provtoolbox
969762e1592d976f94db340680e0237143173be2,lucmoreau_provtoolbox
969ae54c57f1d106985f3e89fdff8caf57c8b831,lucmoreau_provtoolbox
969de6895785d340093ab5507ecf57b688207672,lucmoreau_provtoolbox
96a0017425c6fcba92f909eeadd785b5a0fe23f3,lucmoreau_provtoolbox
96a466f393be220992ec19bac4861e42d4591e75,lucmoreau_provtoolbox
96d2f6db42823f96dc976c9588f73f2199d66689,lucmoreau_provtoolbox
96dd235aba6072c6e7671929b57b61088b9f6a38,lucmoreau_provtoolbox
96f58d5c9c0b90a2ad29a8afa2c5d01b2191d037,lucmoreau_provtoolbox
96fbea95d1761692bdbae98f10e70d435ba7bade,lucmoreau_provtoolbox
96fbf79d2e41463e0a21e447848e9804c1b97ec6,lucmoreau_provtoolbox
96ff07dd0ee6fca27085289129fbe57b409b2614,lucmoreau_provtoolbox
970184e637d14d677b686d14254936e8efd28020,lucmoreau_provtoolbox
9707db7367e2d69d9961584877e869da9a033fcd,lucmoreau_provtoolbox
9711a1e884257e14f518d0fb1a7a0f5eddffd55e,lucmoreau_provtoolbox
97407512e96ecb2ac44a6cf34467ee452863894c,lucmoreau_provtoolbox
974208486c9009f6313e1c21d462720ef72a7acd,lucmoreau_provtoolbox
977956f4d68b720b50d7bd02e6693834c9f40f47,lucmoreau_provtoolbox
97979553c7d875e1bd71d7d6310df2d7c2e696ab,lucmoreau_provtoolbox
97bf51f43c57bc376852e97ecabe1fdee278afa8,lucmoreau_provtoolbox
97c13246d6915b45cca43a0c6b0836f22d299f38,lucmoreau_provtoolbox
97ca63c298b90660ae477458a5fa5d4f9f102eb1,lucmoreau_provtoolbox
97cf9fc4b7667a381fede89bde51bf985dfcc4be,lucmoreau_provtoolbox
9802e9f41810a79e1c9a47df8b5eba96ccc79632,lucmoreau_provtoolbox
980abad3427d1bfb97e1345a4631d9b4a9734e27,lucmoreau_provtoolbox
98148a9c3f8b58f3cc1998b0073778c398f348ef,lucmoreau_provtoolbox
9836f7f3690630d22e73c65407c1d18b2333663b,lucmoreau_provtoolbox
98433d4954c0b8d1bb2e6a4fabd795a4626664c3,lucmoreau_provtoolbox
984cf8a4f34bf2d0b9c59954c6f413e9bf4f75ab,lucmoreau_provtoolbox
986d6ac293de641e89a51a894fa4447924b04cd7,lucmoreau_provtoolbox
988aea2f979822e042a0455f2274ef6192b00b58,lucmoreau_provtoolbox
989e1757822e94296d9cd44375ef06f295ed27c0,lucmoreau_provtoolbox
98a5fe683247a4f5999f1e59fa9528dcdf795a6a,lucmoreau_provtoolbox
98ab1f665b3ea4cbdba440e814f5a72b1ba0fadc,lucmoreau_provtoolbox
98c49cd709f6c58d6a165caa547f0cb38b178236,lucmoreau_provtoolbox
98ca85d79e55c1c40af4448789a93b7f5006a229,lucmoreau_provtoolbox
9937abfb34aab565281606c9a8927119f1dbc015,lucmoreau_provtoolbox
993ab6926eed4026713b1a9ff533ef85286af387,lucmoreau_provtoolbox
99464c3017eb7ce4ee6d39b810afd94442068bfa,lucmoreau_provtoolbox
994b3518aadd2610cb09f86c965e7e073de372f8,lucmoreau_provtoolbox
995645bafa66de94db020562e6c1726c2b7553d1,lucmoreau_provtoolbox
99575a7e48d6c66055f89ef33832da5968286458,lucmoreau_provtoolbox
9962a0b92450a5cd5eb3707fbce7b73b3b338aa2,lucmoreau_provtoolbox
99711349bf2b09d83b38a7f949bd06ae7511c86b,lucmoreau_provtoolbox
99e64d38218c6933d04adcb01408d67e66fc0f6a,lucmoreau_provtoolbox
99fa90c005e595f032dd06ec55af7e300bb5c407,lucmoreau_provtoolbox
99fcb5190f469d0be504d59b53234b65f670ed51,lucmoreau_provtoolbox
9a07b2801244fc2209a453e0b42078313189f1e7,lucmoreau_provtoolbox
9a21c28ca9ee53b0e6e278c7c8016e01a0134be9,lucmoreau_provtoolbox
9a26b7c073c6fbaa931a66706750ec6b46ec7d4b,lucmoreau_provtoolbox
9a2afebf84fbafb0b2e36481bfd03288d1c088b3,lucmoreau_provtoolbox
9a3f11c7ec04ee8c9193589df3ddbd5d31d56fdb,lucmoreau_provtoolbox
9a5027c92a1d78d3b38bab727e483e25b7346744,lucmoreau_provtoolbox
9a5c840eb0ce1aaab86bcb265a1afb539caaba9a,lucmoreau_provtoolbox
9a73a850a9b39d28f853c7331549f7939199546b,lucmoreau_provtoolbox
9a741a486f10a9358e41fc69a11c9a98d6b490a7,lucmoreau_provtoolbox
9a787f0200fb65e96013b23edc7d1e51a0b5d353,lucmoreau_provtoolbox
9a7ee03d4ee4916659d4b926b32d2c4296f26e34,lucmoreau_provtoolbox
9a81fe306c745b5472f501a4585510f86eaaf3ac,lucmoreau_provtoolbox
9a87ce13fc9c4eb72f386b3044c1aaaaea8ea8ca,lucmoreau_provtoolbox
9a8b985e541861138802378d1511ecc86797b006,lucmoreau_provtoolbox
9a8f714d695ba621082dfc98dfa1cfd5c1235af4,lucmoreau_provtoolbox
9a95f9d8fd5971476074f8a36f37015a6f552163,lucmoreau_provtoolbox
9a9693507ce64223cee2f5f87e21641cef13772a,lucmoreau_provtoolbox
9aaa29461ec493aa7dd4e448181dd1cd1c3f1f99,lucmoreau_provtoolbox
9abd0c4c8178d524a6fbbc29f70aaf7fd0d793d6,lucmoreau_provtoolbox
9b0643ad9d05ea081782c381d4d8a9db619dc51d,lucmoreau_provtoolbox
9b2a976f2e863d712df5db128e3e3e0c5b16bb04,lucmoreau_provtoolbox
9b2c50287f4e7d32c27d331b0b0757a8a43b4f4c,lucmoreau_provtoolbox
9b3ef07de1ba6314c535e798bb7409323de37ff9,lucmoreau_provtoolbox
9b66c274ff7fe3da8f6a433749515562660e27cc,lucmoreau_provtoolbox
9b8278633b27cbaf284b74693526b0d9e89b7c42,lucmoreau_provtoolbox
9b9b92d3fdc281cda89604f9e353577d3aed7dc0,lucmoreau_provtoolbox
9ba0a0b3eef989d0c2f60ffbd55d3e94cf8f8d34,lucmoreau_provtoolbox
9bac07f11ae2422d01e56a127889a9f135064439,lucmoreau_provtoolbox
9bb89c41a89d29168ad30a17c22a02f1c77fc2c2,lucmoreau_provtoolbox
9bdf8552d1f36e52f83f055d627a046782f2dab4,lucmoreau_provtoolbox
9be177cb96aff257a5c8283b9ba804f92ad2d3dd,lucmoreau_provtoolbox
9bee1581348be0ff97f9ad1ec240e26e3ce137c3,lucmoreau_provtoolbox
9c72acfc509ccbe47cd01fa914bed4a2587c391e,lucmoreau_provtoolbox
9c75bcc120a854f8e399695ece9bbee3ac7480e2,lucmoreau_provtoolbox
9c9cc3aff69d14787d8342e5f9de56af4f3a401a,lucmoreau_provtoolbox
9c9deac806da675030abe143108a56de659210f2,lucmoreau_provtoolbox
9caaee4995069d8e74a0ce602d1d4f1226a5f33e,lucmoreau_provtoolbox
9cbd50cb55a4111c1c1125f8025c6cd409db8c01,lucmoreau_provtoolbox
9d1894bb27727417244d218dfb462130f37ab7fe,lucmoreau_provtoolbox
9d312c6dfb7afd43c469ca922f8995f98ebd103f,lucmoreau_provtoolbox
9d57a749d6c7d4f2a7bf091ae9ffb2191e031119,lucmoreau_provtoolbox
9d64546168d4f2d1c5008d0c28c7eaea1d316393,lucmoreau_provtoolbox
9d6480f29d1fa4125aed945a5b05f73e247bf92b,lucmoreau_provtoolbox
9d6a22ac562949a1ac4d8bd1e94ef2996ef80f9d,lucmoreau_provtoolbox
9d6d6826bacf0523d28ffb0b26659086f40695d0,lucmoreau_provtoolbox
9db74cfad638ab5a460c99aeb651379d7ab32fb9,lucmoreau_provtoolbox
9de3ed8390dd8e4ee2e2fa5d50beb5fa46a72b56,lucmoreau_provtoolbox
9ded14f4fd0dda96c366572332e51d1e7289003f,lucmoreau_provtoolbox
9df85fbb60dabcac9f5bf37a225e72004c013ca4,lucmoreau_provtoolbox
9e01a768ff3d4d9767cfd771b6acdf0a49631786,lucmoreau_provtoolbox
9e33a87514d58df6c090a0ec787d6b7d26ff5dcf,lucmoreau_provtoolbox
9e43ff93cc81bc6d9a49bb3fcb9e7b453ebe4fde,lucmoreau_provtoolbox
9e7b74e013c0e531d5e7b11f7203ab91277911b1,lucmoreau_provtoolbox
9e8175bacbd3c617356e90d5bc70ef68f368e2eb,lucmoreau_provtoolbox
9e8ec4e893d58bc09b87e512e461779f4377ffd6,lucmoreau_provtoolbox
9e93d975db6c66953dbae9ff3f90702d3aea1b71,lucmoreau_provtoolbox
9ea43c06a81a42fdc34cc7cba25cbd78f2522162,lucmoreau_provtoolbox
9ea734f72aff4f4d42ecd0bf6aaeae7915689594,lucmoreau_provtoolbox
9eaa9bb054124a281d1f408990f88ef723a066fe,lucmoreau_provtoolbox
9ebbb6f15c494008272947eb556fd5126ebd06f5,lucmoreau_provtoolbox
9eca725db7339441520b3d360c4577e516fd661f,lucmoreau_provtoolbox
9ed1513bf1267565ba2e1f1910a63accb7014763,lucmoreau_provtoolbox
9eea8df02c99f6dee7d87117709bff3259d9fb73,lucmoreau_provtoolbox
9effaa85079ecb4710cd73b3337382fbe6474852,lucmoreau_provtoolbox
9f173a23c2d1cc42a5211ff94c312d6bc83153e1,lucmoreau_provtoolbox
9f269aed391e424886274c6c054dbf7ddd3a6c8f,lucmoreau_provtoolbox
9f29d73c9aaa40413fb1cb0606dad01f0442ce36,lucmoreau_provtoolbox
9f397246291280402c6692606dca7f248b56d33c,lucmoreau_provtoolbox
9f3b9aa857035390eaf2fa996ca2af41474ef1aa,lucmoreau_provtoolbox
9f4320e6d261612838c1f1aa324b3fe7cb1f2345,lucmoreau_provtoolbox
9f76928b2849d717429b2135fca89c0f06f9e948,lucmoreau_provtoolbox
9f771896ecfc6c257267b859434cd906df431675,lucmoreau_provtoolbox
9f77b1cedd27cf1836997d1100ac9169add794e0,lucmoreau_provtoolbox
9f8a354867c682ada0ad7133eedb220d030dd565,lucmoreau_provtoolbox
9f9abd38e184f933aea441313e9169c23b8c3ebd,lucmoreau_provtoolbox
9fa0364f4fae740edbc4699c58190016e2f143dc,lucmoreau_provtoolbox
9fab86ac6e3377fbac742bc03a68e29e6c2c1199,lucmoreau_provtoolbox
a019a4e00a5badf8410c803fea2a5f49813f70be,lucmoreau_provtoolbox
a02d536b41397671b5f2e7b6e0f77511bb4c862a,lucmoreau_provtoolbox
a04a269447be073fc2f7beab9ee9da3c76cb0795,lucmoreau_provtoolbox
a051e6411fe0e0dba3daabbdb5e41f646e4cd210,lucmoreau_provtoolbox
a074034f80b819a74b96fbb5522d039ec0d771fc,lucmoreau_provtoolbox
a07595e6eb5d2c6193b2a826a5550883e93e8225,lucmoreau_provtoolbox
a076251c64a56e5ea94db7d9a49bb2efd9868b5d,lucmoreau_provtoolbox
a07956c4a060c0df266319bf548ec0f92f6f9e43,lucmoreau_provtoolbox
a08496a58d6492e3a0bb8a4a78bef160470784a3,lucmoreau_provtoolbox
a0a29356d276fc9fdc85babc82833a8375fe5c0f,lucmoreau_provtoolbox
a0ad6f4fbea4520f66df66102267fb1ac39c87ad,lucmoreau_provtoolbox
a0c8168e6a8c5ccbec04a170e500de27abdfb72d,lucmoreau_provtoolbox
a0cf6f87556da4e6110809c6e7c09702835c6e09,lucmoreau_provtoolbox
a100a4ddabccdc0d38015fef51e0b58bdd7969cb,lucmoreau_provtoolbox
a10a8006a9bcd162c9a4dd2edc7bddc298b993e2,lucmoreau_provtoolbox
a10c196cb68fc85bd57481da35dde83b9c811ffe,lucmoreau_provtoolbox
a11036b5f5d29575b51247e6e71072c4e5daecf1,lucmoreau_provtoolbox
a126ab3cc77ed06669a935195ebae6cf2add94fd,lucmoreau_provtoolbox
a12afe9dcc42a78bc419a287a9d9064c4cf6d56e,lucmoreau_provtoolbox
a14508c5e34f7e0e7c9b74bffc78820d0a5e1980,lucmoreau_provtoolbox
a145a9e2daa55bb48dc7eb0209b56154423d0740,lucmoreau_provtoolbox
a14f931dc3dd47ec655a6f9fac972c2192d3ce44,lucmoreau_provtoolbox
a165a1123c9c70cd0eb4bd61b6fd98b94bdfd334,lucmoreau_provtoolbox
a16e7432d59a14ac04d0243259d31d2c8afec58d,lucmoreau_provtoolbox
a17c847653ca2dc0b38068a63b03c89c0ef29bd3,lucmoreau_provtoolbox
a19ada1f31ee9b921381235564dbfba132124e83,lucmoreau_provtoolbox
a19db67587cec50954fc7d3898880a331515f8a7,lucmoreau_provtoolbox
a1a39234199e1bb7bf6dc52df69954fd057c38dd,lucmoreau_provtoolbox
a1a66aa4a7746ce2a6553ba101ef8a732df73580,lucmoreau_provtoolbox
a1aaa4296222f8fecb71ed5057bbbd5378aeadb4,lucmoreau_provtoolbox
a1af3ed6852aa582ada4db76884fb10b5815fb8f,lucmoreau_provtoolbox
a1be7443872d4a95842594d870bb3b01a1c0d52f,lucmoreau_provtoolbox
a1c34e0b936b9a1070295f91ab840bfe34b5e303,lucmoreau_provtoolbox
a1cb22cbddc60cd4563512f66f03caf58f9f068b,lucmoreau_provtoolbox
a1ee84774b9d639195650c068eab4a5c715967da,lucmoreau_provtoolbox
a2446a43b78c1e1d6e1a4ec6d12e59de487f1126,lucmoreau_provtoolbox
a249f778c71978aa6d5963315dd13b96382807bb,lucmoreau_provtoolbox
a27fba97c491b96281bf6ca962f350f6d3b47036,lucmoreau_provtoolbox
a289b6fa38761223f13af3de87a15f1ae90a0e29,lucmoreau_provtoolbox
a28ea037f9ef02b0a35b861bf0098f22ca68af1f,lucmoreau_provtoolbox
a2d333b4c878a84d8cacdf610cded698abfeb6c7,lucmoreau_provtoolbox
a2d4e74da011a2a7db48c9a223a3cbdea115c7ed,lucmoreau_provtoolbox
a2df92099d376ab01753dc64ce80308685354c43,lucmoreau_provtoolbox
a336cec7d4952f99806fab519b759e0cf02ff780,lucmoreau_provtoolbox
a33a2bf2ac57ca69d6c4bd6b46865f81219d98be,lucmoreau_provtoolbox
a33ad370995ef4a48f1a62279b0d1ab535bc5f8c,lucmoreau_provtoolbox
a33e152f9cf4ac814a27fc7775d2b2316a83467b,lucmoreau_provtoolbox
a33f95ecd040d295b3a094bbbdeee61c0596c434,lucmoreau_provtoolbox
a3682ce02c2eac8b400f228f8977912918d84d12,lucmoreau_provtoolbox
a37ec565405c26f698faa70c83b245b09dd45d2c,lucmoreau_provtoolbox
a37f800939890ae987f5c4886df03202e8f910ff,lucmoreau_provtoolbox
a3ba4e08fdd21bac9aba08caefc815103bd5acd0,lucmoreau_provtoolbox
a3f4259e0a2c39dc29b7fdc5c03de6f238487cfa,lucmoreau_provtoolbox
a3fc26f22417a4ea99788876ef8e7d87d8e47072,lucmoreau_provtoolbox
a4045fc0e4f6b38c9b78ec50dd4c7272cad044a0,lucmoreau_provtoolbox
a456015c755bf1abd3832e96f458d7bfce71fee5,lucmoreau_provtoolbox
a4578c4e72973bea849d7414fdb68711dad7b8ec,lucmoreau_provtoolbox
a45da2ed29790e53b6169731413cc2ac40be59bd,lucmoreau_provtoolbox
a46b1b085b58e1294dc4a7b3bf6ef81492b23e1b,lucmoreau_provtoolbox
a4785e80d9babf43e19bb90d559ee088a4674f5a,lucmoreau_provtoolbox
a489c991c11deb0083da39c320df0bb0604cc43a,lucmoreau_provtoolbox
a49345246931ed12e33b42a33d134ae8d171742c,lucmoreau_provtoolbox
a49f1f7474297382adef0e74f95cc7300a6e3a75,lucmoreau_provtoolbox
a4b9b3acdc243e082cf02ce9a30fd648b2657cee,lucmoreau_provtoolbox
a4dce96c76d171daa9c7a1f9b93270730fadb4f5,lucmoreau_provtoolbox
a4ddcf40644a0d983ca6c808fe4e096ff8d34bfb,lucmoreau_provtoolbox
a4fac9831c701ee8176379c317d1e2ecb03f1dc9,lucmoreau_provtoolbox
a5410dfc6fdb5b1726dc0e3bd0e6b91c3affca3f,lucmoreau_provtoolbox
a54cf2c18276aa0a8db45b7cdc49a877d49fc954,lucmoreau_provtoolbox
a55450c6539508d5d29060b99f50a55171a1f66d,lucmoreau_provtoolbox
a5687b561bebdce82befc7283dc9e51f5d71c5b6,lucmoreau_provtoolbox
a56a1099806fd1af308666ad90f28342989729c1,lucmoreau_provtoolbox
a57a5f9e4bb0a88dabd235609342489804483ed9,lucmoreau_provtoolbox
a5874c80b5cfd193622f775dbf97e542e2493cf2,lucmoreau_provtoolbox
a58a5d78050ec90180d984fde027585459c002bc,lucmoreau_provtoolbox
a5adf63581e97a6a7f1f20e13d25d4baf52473c3,lucmoreau_provtoolbox
a5b13d2b7162d99d5ed813328f899daf1c17df0f,lucmoreau_provtoolbox
a5baa56a671d7f8ee1d67f03c1cdceec8dd0283c,lucmoreau_provtoolbox
a5d747809e046beb61b6618ba712fdbc6ee18fa2,lucmoreau_provtoolbox
a5da18903c10ea36f9898350a117a6ff600a7ac3,lucmoreau_provtoolbox
a5db51403d23960633ea2348cbce0bd3221d68cb,lucmoreau_provtoolbox
a5df5bbab319b2182ee4d65f9fe5dacd0edc875f,lucmoreau_provtoolbox
a5f913ccc599023b32ca2cdd593e9bad1bf9fd14,lucmoreau_provtoolbox
a603242a3c0d317da7be065e68d8df396adf2e2e,lucmoreau_provtoolbox
a606fd1605509fff621fbf17ecaffa31c92299da,lucmoreau_provtoolbox
a60c22c94da96b7f634913395d9310bd33c49522,lucmoreau_provtoolbox
a619476774a2fe2345d467b7b295c8e1dca1d7e3,lucmoreau_provtoolbox
a620a2b91478436d2c104c2093d81372efebf0f5,lucmoreau_provtoolbox
a63624c40c7d9e3a9ffa8c8ad31eaf6fd045bfa4,lucmoreau_provtoolbox
a6391fcf1507ef0049e5662424c996d57d89c3eb,lucmoreau_provtoolbox
a644d748e5268705c3dd8727b87521336649f3e6,lucmoreau_provtoolbox
a645b002b6246f5e39a049a0978ba03557d305c7,lucmoreau_provtoolbox
a647893e6e287287cc8605c752289953a32bc068,lucmoreau_provtoolbox
a66117b4bdc54aac597effde0cf36405b536c7de,lucmoreau_provtoolbox
a66456b76916c78888038ec6ba49b3459a009901,lucmoreau_provtoolbox
a670e9f4f825859d2dc28c9606bb0f3d67e3914e,lucmoreau_provtoolbox
a68079e4adc9e144c8d5ef7951111167a6ae4053,lucmoreau_provtoolbox
a69f1483f977c1859c3fabab744c54a62a47d940,lucmoreau_provtoolbox
a6a4e11263cfd68fc4779f631e11dcd2cc2c18d3,lucmoreau_provtoolbox
a6b0b240a6d6d0e1ca17b5439b746d809b1609e9,lucmoreau_provtoolbox
a6bf6ae0a798fe20b239f2c5909e92d434c3bd05,lucmoreau_provtoolbox
a6cb0d79aeddc748e329d79f610a54f718ab1814,lucmoreau_provtoolbox
a6e3902eb330c647d059a58d1084e8ab788341e9,lucmoreau_provtoolbox
a6fd34aca677745e7992e9e0a201ce9d62fd5b6e,lucmoreau_provtoolbox
a703021de8e91c42e55f9f6aab037876e67b2d04,lucmoreau_provtoolbox
a71aaa60cb2b109d5bce76ad8570030be2fe575f,lucmoreau_provtoolbox
a758bc61e4290f4482e76c9290316ba370c31cec,lucmoreau_provtoolbox
a77b1ca4cedb84b4587c50fa0f4c4d411ac70b34,lucmoreau_provtoolbox
a78c30f705103bba6fccd13cb89792949306a397,lucmoreau_provtoolbox
a79a49d34578fa0b4274e20879747523d3da8e82,lucmoreau_provtoolbox
a7a52ca27dbbc67217396c472e55ee297d0dbd2b,lucmoreau_provtoolbox
a7ab592b30e6f9ccb123997e4b3d80df59a0f7c0,lucmoreau_provtoolbox
a7aca96aeed5da2d190ea5e0ba7ad4c704586a55,lucmoreau_provtoolbox
a7b92743546cc399880cf731afa506001090098f,lucmoreau_provtoolbox
a7c82e75fc7362be57164825d41539ca22e394ac,lucmoreau_provtoolbox
a7d182b70e456f9a6764adc77b68c2a549f1c32c,lucmoreau_provtoolbox
a7e2f9408600a04722fa1fce3495f372aef0373b,lucmoreau_provtoolbox
a7f9ac0f21d17dd2835b47ebe6746ab4a1d6709f,lucmoreau_provtoolbox
a8137b795c9730a3f0c881243b3cc1dbf5de17e9,lucmoreau_provtoolbox
a82081a3f9850a1b3a63aec9dfa54662841596ec,lucmoreau_provtoolbox
a82188c8fb667a673b59d4fcc76d85b43588aa78,lucmoreau_provtoolbox
a84467d74b061bec6ddc9ddb307c979767f7c56e,lucmoreau_provtoolbox
a85979d417b889bd54179703cd81a41fb0304c9e,lucmoreau_provtoolbox
a86ed4b9ce235715c2bb129e3ac00b0b2f5aa31a,lucmoreau_provtoolbox
a8b34c782e1394fbf2b894291067894d5e1e3445,lucmoreau_provtoolbox
a8bbd77f394932a5af68701636154e8b5ef1ab8a,lucmoreau_provtoolbox
a8c2127dc0b651a7396477fc18607af21c2c2feb,lucmoreau_provtoolbox
a8d17d1c5e7d0f166ac7908eb7086afc82800594,lucmoreau_provtoolbox
a8d9c534c64fd6b94cf291fe03232fa50eee0f3f,lucmoreau_provtoolbox
a8e0b30ff436593849079bb8d127757d9596f629,lucmoreau_provtoolbox
a8e1647a0d78c4fa8ea4e19e0492930cc093e885,lucmoreau_provtoolbox
a8eee5abd7277aaef9abf2067f8c2d601676c22e,lucmoreau_provtoolbox
a929289a3813370d1e19b0d927ec4357bffd2975,lucmoreau_provtoolbox
a947d43d9e322852efaeb553498cdac4720f1c43,lucmoreau_provtoolbox
a963d46cca6b6b3b6898d3c22d8f9464b71507b5,lucmoreau_provtoolbox
a9701322bba872f7ee2cd6c641fc1c63de6c5bfd,lucmoreau_provtoolbox
a976c3d3e3b971aa5a864f7c152389dd673b690c,lucmoreau_provtoolbox
a97ae6d654e959f9823dbf83242f71873d45ce35,lucmoreau_provtoolbox
a9855bd7dbbc9636c6de355541bbbe9a8313cfd7,lucmoreau_provtoolbox
a988a93d589f94fddd7d1ad19cad9e37f859a9b3,lucmoreau_provtoolbox
a9b112642fea57f5f51a4a54e5b56a016e4d89a6,lucmoreau_provtoolbox
a9cc35f359bfdd7384007b753e848cd9026a1b25,lucmoreau_provtoolbox
a9d73ae6919373fd5c98e7df36d682d3e4606379,lucmoreau_provtoolbox
a9de7defce2b40ea56b2dbe67cb37313ebae25bc,lucmoreau_provtoolbox
a9e5d39b693794e44fddb683ab7d993de08b39c4,lucmoreau_provtoolbox
a9eb1c9c42a2390fe2556160698a78233bf06760,lucmoreau_provtoolbox
a9f604ee72e38eea8670e23ec4f01f93a22dccd3,lucmoreau_provtoolbox
aa0f2a8fea821ff72e938d8916aae22bb8c64690,lucmoreau_provtoolbox
aa1659c8145449e5bf34bfb58f2c1b4b3ebee0bd,lucmoreau_provtoolbox
aa18c4f893cecc18c53f54116fb25093654a89b4,lucmoreau_provtoolbox
aa3fa0fad57115eb7cc7e12a7b227b31c173a487,lucmoreau_provtoolbox
aa58481a885058e677d9b6df9fe69f654080b45a,lucmoreau_provtoolbox
aa6cee7dbc7e5c9bd465630ef63007bf78fb3512,lucmoreau_provtoolbox
aa9c0d0f677bf194712f9fd15874abc09549912c,lucmoreau_provtoolbox
aaa2d7ce256cc842b84d50c4853148364f2c1d47,lucmoreau_provtoolbox
aaaf205650f11692fd06d68fe84833d52342fdc9,lucmoreau_provtoolbox
aac1a7140c9284efb5cc47cd15d8126c495d76d8,lucmoreau_provtoolbox
aad4ef8bcbddc09a579cdbb32843924356f63caa,lucmoreau_provtoolbox
aaddb359c0e6182d3ac8e66ac764aae97bf43a83,lucmoreau_provtoolbox
aade105587f23dfa504c01e88dff7683dfd1ab48,lucmoreau_provtoolbox
aae2c488685e379195bb9d874d17425f7386c89e,lucmoreau_provtoolbox
aae879cf51c70b58967af3e89883356dd630f284,lucmoreau_provtoolbox
aaefd982e0703912a38e826d85c85919d0a68beb,lucmoreau_provtoolbox
ab028d00a3cef4f5375ece902a774640220035d3,lucmoreau_provtoolbox
ab178317b826bdd07f8aa1fd64e86fcfa8a5f592,lucmoreau_provtoolbox
ab2143977d30efad17bd1ef83016aec93f9a5d54,lucmoreau_provtoolbox
ab233c8f66274c3024c45ca7dd25e7e8fda61930,lucmoreau_provtoolbox
ab2ebdbf164b50444be36415f75b7e83faecaadc,lucmoreau_provtoolbox
ab6acc94fb809e0ed267b9731c41f4c6470e0867,lucmoreau_provtoolbox
ab8988b838ecdc06a9ce79b6fd59ea664eb41bdf,lucmoreau_provtoolbox
ab9522185c67ef408d82d17b269dce68f1023f7e,lucmoreau_provtoolbox
ab9d730f0203a44e69620cde065d23d407161c11,lucmoreau_provtoolbox
aba806e53df50c1f37877c0d1cb2b9171325b810,lucmoreau_provtoolbox
aba891dfe34579743256098d6e17735bc8a4a4e0,lucmoreau_provtoolbox
abb8c474d558063a5bc65b5fd7615563fd1a8356,lucmoreau_provtoolbox
abd2f32227c7de906453ea810d6f516b795cb3c8,lucmoreau_provtoolbox
abf35e85862e039a2459330bf921c01991544419,lucmoreau_provtoolbox
abfb02174e51c19a8c621dedc83eba753f8123a8,lucmoreau_provtoolbox
ac6289b6673e02c156e71789700ed972d66fb891,lucmoreau_provtoolbox
ac7ab2b5bee2bbb534d60254413f2059416ae7cc,lucmoreau_provtoolbox
ac8672d41a00a17d8853dd6da44d94bb717d6887,lucmoreau_provtoolbox
ac9c0b000b502512e965bd1203273dffdfe5ecf0,lucmoreau_provtoolbox
aca1f33a4326b3a19c34f21bd9fcb8aec036932d,lucmoreau_provtoolbox
accafd57e1fb4953e05bb2c6ecc8ec82eb210b6f,lucmoreau_provtoolbox
accb41723b2887b27b80aae6bdcd822c17b7fbb3,lucmoreau_provtoolbox
acd908a3b41eed5c6e86a1028ab766880054a51c,lucmoreau_provtoolbox
acdc2added37f08cef737af2447b72cfa4dce354,lucmoreau_provtoolbox
acdc70bb02f66b0087efee9c046400cd61ae3f55,lucmoreau_provtoolbox
acdfcebf4b9679776e466f00e566323a168199f9,lucmoreau_provtoolbox
acf8fb47c460241eb830a19bf0d8e2d55914798e,lucmoreau_provtoolbox
ad1d97b568b9e32ba268c151065c5f23e11bad75,lucmoreau_provtoolbox
ad3237e9c5656965bf7ce4363b134eabf35961bf,lucmoreau_provtoolbox
ad5a5b470299bbf06b75ebdc5808bd122f468673,lucmoreau_provtoolbox
ad5ca5c266f354fb276ac80ad048d161a38a3377,lucmoreau_provtoolbox
ad5e89768584e1df593888c64d45c721c1ca33b6,lucmoreau_provtoolbox
ad624c30f8864f367e4bb21efe31ad0772f81308,lucmoreau_provtoolbox
ad6414d11ea927e97803dd29ac08dea24743f318,lucmoreau_provtoolbox
ad68f982a0e0f99c0779b21b23f0066e7a90d3fc,lucmoreau_provtoolbox
ad694e1f880d0769d514193610889fe5bea7c2f1,lucmoreau_provtoolbox
ad9f9a1a704dab2a9863dc1a53cbc74474c4392a,lucmoreau_provtoolbox
addaa91de95c82a301c00e966abdfe017f306d4f,lucmoreau_provtoolbox
adf1e19592864234ac47914346d8714933a3a71e,lucmoreau_provtoolbox
adff61898906527cd2545deba2d881f0525b89db,lucmoreau_provtoolbox
ae1b0d9ae9e9d11d1ede6ba0779e6dc6d3085459,lucmoreau_provtoolbox
ae1e4b472ba0d1d475547dc7bfd40d338f7fe3a4,lucmoreau_provtoolbox
ae1f4e84ea3273c8b0894eacc91be791da5387aa,lucmoreau_provtoolbox
ae31ea22aba9b004e7012d205eb8334a532121d6,lucmoreau_provtoolbox
ae330e2afedba3596236af750117e4c75fbbcd13,lucmoreau_provtoolbox
ae50fb4eee8249745b7a97bfe885fd918a466737,lucmoreau_provtoolbox
ae530daae8f0908d9fb8330ef39d7f171c7b5ccb,lucmoreau_provtoolbox
ae565d3e89c9fc311c34c91e8890e447906fb43e,lucmoreau_provtoolbox
ae5cf677ca27d3ca93801737539a23322270288c,lucmoreau_provtoolbox
ae678df5dba0643fe6af52b3af080ceefffd25c1,lucmoreau_provtoolbox
ae741389f3172e02226f4b9a335e4891bcee92dd,lucmoreau_provtoolbox
ae888ef11105ed6b4b3ac6804c2f287dace492fa,lucmoreau_provtoolbox
ae8c56bc58197095bd3dc409a065563baf022210,lucmoreau_provtoolbox
ae8cc4fae7514ea80074be5f5ccb2ea4d276dbbb,lucmoreau_provtoolbox
aeb13478965ed1a867abe5c81c414b2167e522aa,lucmoreau_provtoolbox
aeb65af550fc789bf3e8d693de4b16b2ba27ee8d,lucmoreau_provtoolbox
aebebc9139f7149aee10d7e79496951e3d839830,lucmoreau_provtoolbox
aec69c1a108091e2bd69911f956e48baf0c1ffbf,lucmoreau_provtoolbox
aec8682b41c00b277ba63a9ddee7a7d8178c8ada,lucmoreau_provtoolbox
aede2995ff6cabe88c444e97ae8334c7817b2556,lucmoreau_provtoolbox
aee882befdde92c571f14d14c9765c9b6df38d27,lucmoreau_provtoolbox
af1ac566258366a5a0a6c3d97c2fb7a63b93b06a,lucmoreau_provtoolbox
af1c6b7de33c8a42d10663508a49a4f827633a55,lucmoreau_provtoolbox
af433e8a84264a8cc6656ae44229c7f699115f32,lucmoreau_provtoolbox
af43b9dd498a4c27f84fd60bf1aad34dabbeb57a,lucmoreau_provtoolbox
af81f47fd3043b29e1f321e24ce960b53e4d6553,lucmoreau_provtoolbox
af875197c17883dcd2facd8ed5ea51ee3f62bf61,lucmoreau_provtoolbox
af88d62e698e7ed6cb035aeca151e473ba351b1b,lucmoreau_provtoolbox
af88f692f1f58c1a6c0f43816347e10a76eb903b,lucmoreau_provtoolbox
af9c10d93aae34bee8c6bbcc21f962a70cb90e98,lucmoreau_provtoolbox
afa5227566d9a94714c560743ab8dff002377d60,lucmoreau_provtoolbox
afb0e267edb5987ef7d2e8796b78adcea3e4ea82,lucmoreau_provtoolbox
afb93d3719d61a55e6cf87b23ca2de800373855b,lucmoreau_provtoolbox
afbb342dc054722e97aa9dfeb4afede497bb0189,lucmoreau_provtoolbox
afc0196460b40827758c92815c15096ecffba31a,lucmoreau_provtoolbox
afee9a8e3f23b0277ac622306b16a60c05b89fc1,lucmoreau_provtoolbox
afefec5940b20de7d22e19c1c4426b64b64de8cd,lucmoreau_provtoolbox
aff71e5b442a79d381eacf856ddffdd6073d3088,lucmoreau_provtoolbox
b00fee3ab6aa3c4910e3bcb6c11b0eef0c519a13,lucmoreau_provtoolbox
b018b3852d4a2c06efafb183a38264842e3e47c2,lucmoreau_provtoolbox
b02343ec40b15216301a985b345ac2ad23994a80,lucmoreau_provtoolbox
b02e35609152343d499792e57ebb870c98aaf751,lucmoreau_provtoolbox
b05ddee80d2c93222303d86e76306d3bd3d48ec3,lucmoreau_provtoolbox
b067fa2cff9ca70f10be2933cba1280df9dd0cef,lucmoreau_provtoolbox
b06ea2e5b54f21ed3b5acb00f937a5b43311cc95,lucmoreau_provtoolbox
b08b743634be98519e292d7716719bb98a8079b0,lucmoreau_provtoolbox
b09ae18c5bab8cafc193ef641b54068d08e150ca,lucmoreau_provtoolbox
b0c7a15e32d5c3ce961154fe26fe7b3256b148ba,lucmoreau_provtoolbox
b0f2b386381ce5d651403f8793695e285ef0b015,lucmoreau_provtoolbox
b10a9d9fd3440c11e5a477b38ef0877cac34b261,lucmoreau_provtoolbox
b10e8ae4fe0dc651108efa3c1c5c7be504cc1ad9,lucmoreau_provtoolbox
b113d08a6db6dbea9bed04b72181e1b9fdd7a906,lucmoreau_provtoolbox
b11aed76020d57a729a29e8017756d3b22088d58,lucmoreau_provtoolbox
b12578b115dc62a5999f661043466d873de45425,lucmoreau_provtoolbox
b12e8344968c4c629d3376f71a0f9aedc2992d8c,lucmoreau_provtoolbox
b13b56cbacd8726bfb12bf789d6870209a18a24b,lucmoreau_provtoolbox
b145e20f9f503a17c96f8619b9687d2cb7c6ea9f,lucmoreau_provtoolbox
b149a35a5a84abc8d09cacc290ee55c4407daa26,lucmoreau_provtoolbox
b14dcb64b0138b1fef63b273da85e9f6eb061697,lucmoreau_provtoolbox
b161a6f64c525975926e6b67ca6d803c63f4a2d5,lucmoreau_provtoolbox
b169644cdb09046b90ecaa82eb68c51540a51e02,lucmoreau_provtoolbox
b16ab63d64a2243e1387b385c7d0b15104f83abe,lucmoreau_provtoolbox
b1b5a88eac8a133c321c3ed5714aa1c0e9404219,lucmoreau_provtoolbox
b1bcd3006e51120b69cdf2881645abca4b2a99dc,lucmoreau_provtoolbox
b1c5b98a8fa0d4172ae401a72551b7bed388b847,lucmoreau_provtoolbox
b1c884b9709c9228606c548b15a2bd6662039514,lucmoreau_provtoolbox
b1f44f65871ed1d9f10a4dbb4e9883252434e701,lucmoreau_provtoolbox
b1fbdf70c18d3d7d408c9761b5fdd4316b450854,lucmoreau_provtoolbox
b20c397260e16ad1d2151bdd59fc76cf771bb53c,lucmoreau_provtoolbox
b234b38f0a907cb10e5227d5d84d6ca2ca3c7e80,lucmoreau_provtoolbox
b24b018795fd64900ee4fb47123e6503caf45f0e,lucmoreau_provtoolbox
b253951cb3137def102d197d7e83157d4c0e1c2a,lucmoreau_provtoolbox
b258e0266d428469c0a2134a68350a324948b283,lucmoreau_provtoolbox
b280782ec3045c6b46f750680a19bd96b250734a,lucmoreau_provtoolbox
b2862704177755f5b5c215b48c3692dc6ffb78cd,lucmoreau_provtoolbox
b28ea5234573cc79a6ac7bc338f07ddd099886b2,lucmoreau_provtoolbox
b2b2940fcc9cdba4fd2b2a8134476293dde9c2a3,lucmoreau_provtoolbox
b2d649f65dfade65ab1b2e6bdac0ba80af0f8af2,lucmoreau_provtoolbox
b31a0b740a8a08608bd9a102ec82a04e2cbebb2a,lucmoreau_provtoolbox
b31be015a820c407c3a88df701267a34d8a684df,lucmoreau_provtoolbox
b3326d82a8d9011d98ef9d1a9e35746b10bd0610,lucmoreau_provtoolbox
b332e9ef7d9b36126f874a51f6c3ca148037b486,lucmoreau_provtoolbox
b35aba1dcece9df994544d3c090dd46fd1408060,lucmoreau_provtoolbox
b36f624703947a79dba0a9a152fac66c7ded2829,lucmoreau_provtoolbox
b378bfbd4ea12bdd65b96c73f8660cf5f3e04e9f,lucmoreau_provtoolbox
b3971dcb47959bf43970d4590b93b73ae5979f3e,lucmoreau_provtoolbox
b39890c16cdcd0c1d8a7d132ca0cb3f36436e678,lucmoreau_provtoolbox
b3b6d1a260cd2e0353e7c28b4d43dd96bfb250ab,lucmoreau_provtoolbox
b3bc1be05e5a5910690be0c8a6b778443af3a5d7,lucmoreau_provtoolbox
b3c248ba4e95be0f10a15ac9cf109a77b38dfeba,lucmoreau_provtoolbox
b3c4c376284ec97048744e278435e2b38412b85a,lucmoreau_provtoolbox
b3df50acb123698e4aeff38b40aebd674dd1ce18,lucmoreau_provtoolbox
b3e2f567c5b429a996d025c57c281d3dcb76541b,lucmoreau_provtoolbox
b3e59e8d31536b2c0bf767fff79eb8a7d64f1632,lucmoreau_provtoolbox
b3f142987893fc8c85ac329742c5d490e2831121,lucmoreau_provtoolbox
b3f221f72c16ec0f419289adf3eb23511a24d832,lucmoreau_provtoolbox
b3f52b5e24caf6ba95e2da7cf5cd7e889edc7130,lucmoreau_provtoolbox
b4523d5b3f74b669c773d3195a66886cf47d1afa,lucmoreau_provtoolbox
b456f052d214212bf66a6deb1a3d0e8cbe104259,lucmoreau_provtoolbox
b45a940b970eaaccfcc97553d5693554a5591f2d,lucmoreau_provtoolbox
b488c0b82535669c11afa1168a9c919f132336a1,lucmoreau_provtoolbox
b49d5b70adc9b5aaed6a3f4d8ab6610ff4618580,lucmoreau_provtoolbox
b4b9947d66abe15369923dc35502fe6683e6ed9b,lucmoreau_provtoolbox
b4be780ccc920d3112008ca93fc56f3ca5027e46,lucmoreau_provtoolbox
b4c23787ae7294d37701f61a7f5cf64d1a61f9bc,lucmoreau_provtoolbox
b4c800f01ad3735b41c0b93ded2855781ed804a1,lucmoreau_provtoolbox
b52b477cb39bb39347daf6c600a4d73fec999dc4,lucmoreau_provtoolbox
b532224dc0cdaf149d0fca7d8eabfdfa07731c85,lucmoreau_provtoolbox
b53a0bbe26df3d941ab824de2e0fc2e6f5afbef7,lucmoreau_provtoolbox
b54008d3a37d1a75d41a58dd41e653b0a998d077,lucmoreau_provtoolbox
b544d55cf854865fd1b761695d54eb0c0ed5b5fc,lucmoreau_provtoolbox
b56bc8d4e5e0a1fb31fa85f1ee989a32ea56da23,lucmoreau_provtoolbox
b56c64e9e5562df757eb1a4c39ebd9acf3f1130a,lucmoreau_provtoolbox
b56e372291d68fe1bfdde560806a7e56c55eb8ae,lucmoreau_provtoolbox
b574063f842314cc2c729b74d156ef7b78a9c94d,lucmoreau_provtoolbox
b57d7c369ba3b79556e5d6a2a9ecc79a3b71311b,lucmoreau_provtoolbox
b58e47774c9f7e70e31424b3ebc11c3a2ad41521,lucmoreau_provtoolbox
b59e31e3e57c4cf4e7d6c8a7ddd5bafb5308b353,lucmoreau_provtoolbox
b5ae2fb89a30fc09ab3ca80bbbe8e540e586575d,lucmoreau_provtoolbox
b5b0e0e81ad23f495e59d6ea6e2cd35b90f6814a,lucmoreau_provtoolbox
b5c703a98286c1e25a8056a68f03e70faa522623,lucmoreau_provtoolbox
b5db2ad28f69ebfdf097bfdfc7c1226663cef5e9,lucmoreau_provtoolbox
b601727391e4fc2e56031610c87e4cc45608ddb0,lucmoreau_provtoolbox
b6053f8ba8f5762c1d7d64aae79a5d7f0de2046a,lucmoreau_provtoolbox
b61250a8ea960bbb63ea7cd1648780240667978b,lucmoreau_provtoolbox
b629e485923f5266fa8f712389eac2c1b487e5d0,lucmoreau_provtoolbox
b62bb8b390be23e0bf7fb07af00630da70383062,lucmoreau_provtoolbox
b63a63c4f95acfac8d5c7f44fa0a5369fa3a696d,lucmoreau_provtoolbox
b67539ee2fccf7c5229fb3b8ac9d9a0c72a0bc3b,lucmoreau_provtoolbox
b681ce3e281607deaa3a611dd817f8e6ca431b46,lucmoreau_provtoolbox
b693c1bd32964b5b5e4d75437a75e4db3af1da5a,lucmoreau_provtoolbox
b6d718383808e54d73d95ad53ee2a32fb8623fc9,lucmoreau_provtoolbox
b6e182ac598e9b121e4d1ecacf01235cbca1dda2,lucmoreau_provtoolbox
b6e4c0ab44b3979d49fd8dfd67805a4599f871cf,lucmoreau_provtoolbox
b6eb860094d1f5921aabdda7ca5b2bbb7c76687b,lucmoreau_provtoolbox
b6f287543b28122da4e5a170db832881bbfbe93b,lucmoreau_provtoolbox
b6f67cf3e272a5afe40c5c269ed665e404715bdf,lucmoreau_provtoolbox
b6facfbd2c1c689b434d58ec9f5b0bfa2e397798,lucmoreau_provtoolbox
b70d82a4749c0ab8231d82399e967b4dc8455753,lucmoreau_provtoolbox
b75064f0b13287dcb14cf640a73b1482b4a74b2d,lucmoreau_provtoolbox
b760ba1351a8deb96e09415feb200451aa1a1745,lucmoreau_provtoolbox
b76b15483b7f47572432bb95e9d05088de9d23ee,lucmoreau_provtoolbox
b770197dedb10a4a8ef8ce4c385f55397d1944b0,lucmoreau_provtoolbox
b7948352390f1175409cfbaf5ddf5803dea83444,lucmoreau_provtoolbox
b7acc1dcfa4e2e4cda0615eaf8a529f46f6297ad,lucmoreau_provtoolbox
b7b78abfc4d36348b78410dcd5e33c8255c06a8b,lucmoreau_provtoolbox
b7d17e907c309bd7430436ebfd9db2121d3d9fd8,lucmoreau_provtoolbox
b7d21228cb413a65bf75efe1a64f1f849b145304,lucmoreau_provtoolbox
b7da7085071ea7e3b1532d3d9a4585204651d106,lucmoreau_provtoolbox
b7e417fcd0c3a1e7da77ad5e49f258e511cabde5,lucmoreau_provtoolbox
b7e96833930d574080b732488e08da34717bc249,lucmoreau_provtoolbox
b7fa443b915153f6450d9d101bb440c8ddbca442,lucmoreau_provtoolbox
b83d748ed02fbf0eab91930d2ef1f7ee0754acf2,lucmoreau_provtoolbox
b843df3ff14d4ddad28dd813168740a0779e16b5,lucmoreau_provtoolbox
b8646b25579cda03381046edd07f5e9a442d432c,lucmoreau_provtoolbox
b8649893fb1ede814d8ed7a5e2d2334bdde31688,lucmoreau_provtoolbox
b874c0951024f5a3ee4522bf8138c0f444433dfd,lucmoreau_provtoolbox
b882e884d25e1a75d4aeeab50466989aa27e87a4,lucmoreau_provtoolbox
b88737be253134e34ad01faa9174b3a62669bdb5,lucmoreau_provtoolbox
b8a82d4542746b78dd3a549c878ecf758240f776,lucmoreau_provtoolbox
b8a9038323299648f66b519b46d01a0f26a49423,lucmoreau_provtoolbox
b8b7f451896da8f9d9e123522e510e9dce3e3cd5,lucmoreau_provtoolbox
b8c06c74542b929a37c094c6e5cf4601a70c9212,lucmoreau_provtoolbox
b8df37b1af66c8bb3af6f98222072524953a1170,lucmoreau_provtoolbox
b8fa7f1a94c6397480dfc509a163e7bca404cb27,lucmoreau_provtoolbox
b9058c2f2389105dd277fb79c7d11099b3f386f8,lucmoreau_provtoolbox
b90a71db93fba6e4c312905692281b080f50c179,lucmoreau_provtoolbox
b912fb04fbfcdd4bcfee4ce71756fdc8e0268850,lucmoreau_provtoolbox
b9d22e49f8513413736a2e78d1cecbb5fb57b3d1,lucmoreau_provtoolbox
b9e2e9e060738072e8308094491fe4d770ab4257,lucmoreau_provtoolbox
ba135f64899300148bdca285f6d3809d4f8bf2e7,lucmoreau_provtoolbox
ba1ad6fbcc14fb4c3773f10974abb7506fb9c249,lucmoreau_provtoolbox
ba2b26fb0f252eca895b2fa0512ab6d0d5bd1746,lucmoreau_provtoolbox
ba301a6d0eb36378ede802e1e7df36b429dc7786,lucmoreau_provtoolbox
ba43776f4383633c7b84089e759378d9059037aa,lucmoreau_provtoolbox
ba625e7fd46e61acb6841236ddc2ce2a46372747,lucmoreau_provtoolbox
ba7249173c1f50e6fd2339b25b03fb0dd7b6a1d9,lucmoreau_provtoolbox
ba7a1ce6b0144288c3d5cdcdd806a5b0dd1f5e5e,lucmoreau_provtoolbox
ba9b57b74d56005b7751ba9e7bfd16e7e6663069,lucmoreau_provtoolbox
babd21e5b32a6f4753aae4db0326734f70ea1ccb,lucmoreau_provtoolbox
bacc52ae534434ce69f0a28840e4147a4c44b035,lucmoreau_provtoolbox
bacdff0687fa594a5ed40bef2273b1c06e3d116d,lucmoreau_provtoolbox
badc621b63015a97d6d8d30cee67f1da22ba1bf7,lucmoreau_provtoolbox
baf9e8bab118d1d9f5a3703b7e19517991a69b24,lucmoreau_provtoolbox
bafb2cb879f53856c8adc531343b2cc344df5551,lucmoreau_provtoolbox
bb323073efb5033fe710a5ada2ce8cf6b57b6ee7,lucmoreau_provtoolbox
bb3a21fd3145fe3ae6fd310ecb6358441c0b7ea6,lucmoreau_provtoolbox
bb4d865f4adaf94994daf88b4d26dfa7549cf1b3,lucmoreau_provtoolbox
bb59921e1870182039a9e7be34361e10842cf806,lucmoreau_provtoolbox
bb8ba9e2324ab67ff481131dbf5d24da4399badd,lucmoreau_provtoolbox
bb8fc3c1739f782cd96c5648cb889d3e3aa1c3ea,lucmoreau_provtoolbox
bb90f6365f18440c854d51b757f133f46e46bdc7,lucmoreau_provtoolbox
bb971b8d67c053825c816f43d7a5599d67c366a2,lucmoreau_provtoolbox
bb9c2a2aeff8a2260aec60680abf5588d4079813,lucmoreau_provtoolbox
bba1078f25ec530e8c8614dd236704eeaa582a5e,lucmoreau_provtoolbox
bba3f81133da25a901231c10964f99e5666a20ee,lucmoreau_provtoolbox
bbba2e50c5ebf63bd8d91b0150e922a4d08aa8b7,lucmoreau_provtoolbox
bbc9f7742f560f5610758be8f1fe2c0fdb41bcb7,lucmoreau_provtoolbox
bbd13625ec28c2bff92a58d0633d9ecc2feb41ad,lucmoreau_provtoolbox
bbe3b6934a33eb15b2d7a2672962989170fb0a00,lucmoreau_provtoolbox
bc057d9ab2713949c006350dc9eb6a01962ca86c,lucmoreau_provtoolbox
bc0bf091b2e2c0391ab9b04ec785389e94044c89,lucmoreau_provtoolbox
bc16e9b98c9d4b2482f617e5cbd696f09d644e70,lucmoreau_provtoolbox
bc1eeba00b39df1052feeaeb65ad29acd55bb60d,lucmoreau_provtoolbox
bc60a6de5035131d5093900a3b197214f96f654e,lucmoreau_provtoolbox
bc67b324c249d32ff6b9dd8a288516b666b51ed0,lucmoreau_provtoolbox
bc6a58a4ef6c1472ebadd7b6d1c6e2f5bce2f514,lucmoreau_provtoolbox
bc6c39dff7e1167727d6a4130bbeab942e76affc,lucmoreau_provtoolbox
bc6fa6a29e551d82fbde4df5da4c5a6640c6e8ef,lucmoreau_provtoolbox
bc72426489cb722c04dbb6c480f89213d34986bc,lucmoreau_provtoolbox
bc83054d10629d4308358dc71b6877409de659a1,lucmoreau_provtoolbox
bc8fb37c55f27564d9c046e461ec833810a513aa,lucmoreau_provtoolbox
bc95635b86848343bb835805e6d70f31c8c253d9,lucmoreau_provtoolbox
bcb165e6419fbff8535fbcf70f96a2237d453e6c,lucmoreau_provtoolbox
bcc448fde5042ecd91269d735d8c514095972855,lucmoreau_provtoolbox
bd1fe0495cae6845ec7a6e92caa7091951d4b969,lucmoreau_provtoolbox
bd2ff69184e7497aeddf2531d094d2f891279d0e,lucmoreau_provtoolbox
bd5595b1bf496df3afab77f5d89d7e9c7b657d13,lucmoreau_provtoolbox
bd620844114ce714d0e51afa738c4dcd1e8e7881,lucmoreau_provtoolbox
bd988ec1458c646192ceefc8fe1b097ea0a45912,lucmoreau_provtoolbox
bda0c6a892ed233b690a4d65c4c37c1a1b8ebf4a,lucmoreau_provtoolbox
bda1062dba1d26eb06d9f5a193ab35aa72bdbca4,lucmoreau_provtoolbox
bdab4c63a9d999b88c4b84cb4775346f12c3adef,lucmoreau_provtoolbox
bdc226634a5606ee6965616d8187b6199e3668e6,lucmoreau_provtoolbox
bde70419bcbc6cc5a7003fca3ca6adb7562ed8c5,lucmoreau_provtoolbox
be03bc6d11106506ace7d54041c7fd9bbe442e97,lucmoreau_provtoolbox
be32e72a0b877e95b03b43f8f2506c947e5df471,lucmoreau_provtoolbox
be3677bcd2ab1bd9d10e4888444a2e849c19e6a9,lucmoreau_provtoolbox
be3778fb3e6537f7cf8754e659c1a6bf7436efe9,lucmoreau_provtoolbox
be466ed4719e1b25ec68629ca1c85c963d83c738,lucmoreau_provtoolbox
be6fefaf2e8afac9ffcbacc2dd22a486bac36eb4,lucmoreau_provtoolbox
be85053a2869fbadd2289ddb975f607bff72b06e,lucmoreau_provtoolbox
beb46161b827c9360f5b23e9b4fe730c1a8f0756,lucmoreau_provtoolbox
bebd3b9a78ebe4f40536561d99f4178d6b78afa6,lucmoreau_provtoolbox
bed01ad8d13e9ee043b5b9c33b11577a89c5c5c9,lucmoreau_provtoolbox
bed476c56200e3ed3ee8c0c5b5c4a950e57df9a7,lucmoreau_provtoolbox
bed6ddb0d29b991160e77069b4b795134ec329fb,lucmoreau_provtoolbox
bf0bd3923acaf9d6fbdc7a909b9d5dcd38d663c4,lucmoreau_provtoolbox
bf0c8385d016627be5350991ac00214601c72fb6,lucmoreau_provtoolbox
bf0e55c9819e971b998aeb32d2df7638a675d3cb,lucmoreau_provtoolbox
bf6fe8d0601b8c80cd9c5ca2cf1227e8ec55e9da,lucmoreau_provtoolbox
bf72b51b0e792a847bccf78187417fdbdde21143,lucmoreau_provtoolbox
bfacf63941d3bcdd72273ec7ae0ea82b72d3dccc,lucmoreau_provtoolbox
bfb10f8fd503fbc246b55970e5303920445d3b2c,lucmoreau_provtoolbox
bfb9bdfd056511be64a60158e2dae833fa95f9f3,lucmoreau_provtoolbox
bfcaa46554c0ef4bd3989766cd119a82f435e936,lucmoreau_provtoolbox
bfd3ab6f3d413c97f8737980a557aed5e630ed71,lucmoreau_provtoolbox
bfe3d77d2961428e13f5a48258565021d93b4e52,lucmoreau_provtoolbox
bfeb4c66357eaeb83f2e0356d6d84167ea7b16c7,lucmoreau_provtoolbox
c00de58756689d8a54a66cdbefb464955804751f,lucmoreau_provtoolbox
c055fc8dfc4e7193cf5375b7ca8c4da8749d9a5c,lucmoreau_provtoolbox
c06458087ef92bceaf64f5c4d82978ea3ac102cb,lucmoreau_provtoolbox
c0877a1d46fd64f802839615ea67167d59744c35,lucmoreau_provtoolbox
c08fab38480682edf79bc5bbae474c5eaa624c4e,lucmoreau_provtoolbox
c0900a46a453c03750807c0fe2a84922ec257f97,lucmoreau_provtoolbox
c09d93d7611b865d673a62fe41ffda9f7d347325,lucmoreau_provtoolbox
c0aa02724955b102e74fc7c0bc5cb15f26528e0f,lucmoreau_provtoolbox
c0b14ef0f04064a0403a08ec4d4953ca9e2ecaef,lucmoreau_provtoolbox
c0b448a9776e923bb6b0da5709be0b8a39ae4cd0,lucmoreau_provtoolbox
c0b531a6dfc809c433ca2ce8bdbf022bcc584712,lucmoreau_provtoolbox
c0bd4f3bef82a358eef5d642f27f543fecd1018b,lucmoreau_provtoolbox
c0c69626c084d48153a7b08de2b3c674756a21c8,lucmoreau_provtoolbox
c0d2c39455623cf90ac218a1aadc4aa3a8070068,lucmoreau_provtoolbox
c114263903eab8e73384d73ea9a75b29b0e723be,lucmoreau_provtoolbox
c11b6dd91836f91c623c9ca16cb972fb971b5e32,lucmoreau_provtoolbox
c12b86438a28b29723988396849ef85aaa5d49bb,lucmoreau_provtoolbox
c12c137fa152aabb46df5f762764054381cc0fdc,lucmoreau_provtoolbox
c12fca3cae510e49e879ec55b0ba73c35f7aa801,lucmoreau_provtoolbox
c13dce32f0d747ba9f66a7e7eb9f3fe9ebe80a9d,lucmoreau_provtoolbox
c1456b67be8a081cb7f3da2899705342ba777f81,lucmoreau_provtoolbox
c1547fb9e06ce8069c7016a0ff6e104399bd9334,lucmoreau_provtoolbox
c160f023f7350156b22da0d2b0e3a7bbd79ee542,lucmoreau_provtoolbox
c17f45b1e94c46546430e412592ccf4dff478325,lucmoreau_provtoolbox
c1a8328a2275e0d63ea6a1ea3359c5ff6863dc83,lucmoreau_provtoolbox
c1b52de432e5480d95b8d09b3900996c737e10a6,lucmoreau_provtoolbox
c1e93d5b287db04b1c2aefac302b80ca7b59dd35,lucmoreau_provtoolbox
c1eb7d0ddb43c5013ce1e666ee264b419db5c577,lucmoreau_provtoolbox
c226fc765459ddfc61bbc2a891ebb1e3c025996b,lucmoreau_provtoolbox
c22928e274040f2a387d4b78a325044c0ddbb315,lucmoreau_provtoolbox
c24217949a395f5f691045c4f1821149ba1de65e,lucmoreau_provtoolbox
c24de8e23dec2f05b0bb9689d3c277305e3e5239,lucmoreau_provtoolbox
c255a4aa966e1de24407dc3861bc1b5c2927b719,lucmoreau_provtoolbox
c2597893698b512aaa9a18bcbb817598c69a0b97,lucmoreau_provtoolbox
c25fefb3f8d35ab109949aabb5558af190127292,lucmoreau_provtoolbox
c27b0be7dede512310462880de1191b271ba2239,lucmoreau_provtoolbox
c2922dd0fbba20ec1a112d252054ff28d152540d,lucmoreau_provtoolbox
c29870c677fc93d01c02a2e58818cd7f7c485ca3,lucmoreau_provtoolbox
c29bfdc82070a052a0a073736f534f262509c263,lucmoreau_provtoolbox
c2b661f39ce6555d06a9052a9ab6e692ce3c4bb6,lucmoreau_provtoolbox
c2d4dfc2cc54b518b14c60cf3f44d17f3cd3cc97,lucmoreau_provtoolbox
c2dc29bc614ab37680f0dd8cdebed9f04ab20135,lucmoreau_provtoolbox
c2dd2a82d8efc1dee2b2b242c0ae7bbd562b7ac0,lucmoreau_provtoolbox
c2e742c48f5d7df38a955361f269d9f19a81c1cf,lucmoreau_provtoolbox
c2e799de2e10021dad14074e839e39f80bbb65fe,lucmoreau_provtoolbox
c2ead45cc6b64965e66565ea6807cc1f982bf932,lucmoreau_provtoolbox
c2eb72ba5f4bb0d0b5691a35a6d448bf792ae534,lucmoreau_provtoolbox
c2ee3ae6233a01385abdf6d85671a0f32372185e,lucmoreau_provtoolbox
c3058b02a0c2cc93fd584ea943c980971c40a991,lucmoreau_provtoolbox
c36acbaa53e48cb9e7d44e42d51a9e7e8bf8a911,lucmoreau_provtoolbox
c38a11c051f38a9040b0f007bc9e15e7997a82fa,lucmoreau_provtoolbox
c3901a8402ac25d30bb903ed7449395d78eb796b,lucmoreau_provtoolbox
c394b5cee456f218430965e24f1b8899de30d249,lucmoreau_provtoolbox
c396a335e188aa078c42cf9a029a89278f6bd9f0,lucmoreau_provtoolbox
c3af3c23da106cfb074d8babcacfe50663c4dc87,lucmoreau_provtoolbox
c3bd6ab6849e7fa9078140f3e9a7043400e9ddc3,lucmoreau_provtoolbox
c3bfe8d7f0e24c1323d68a6ab52441927d8dfe59,lucmoreau_provtoolbox
c3d1e9b80c62550d674214e7744a7cedcf18d00d,lucmoreau_provtoolbox
c3e95e6c0233acf9bc265d9b995a29f8c43f09bd,lucmoreau_provtoolbox
c3ffa942c7a08529d29f6d842ae71b2ee599ddbb,lucmoreau_provtoolbox
c401af02f408aa784fd68a0b80583f77ff98a065,lucmoreau_provtoolbox
c41196972644f0cd0d9d50d4536d70688fdbc6a9,lucmoreau_provtoolbox
c4231d298ebc46adc128ef9a00f5cbad590778a4,lucmoreau_provtoolbox
c445aae56179d2d791e0e8964b67dee11faddba2,lucmoreau_provtoolbox
c461ed7348dca67e6dca2c3ae0315b2b2f10e836,lucmoreau_provtoolbox
c4b547873af75a4d228c5bc7f3fe0ada9aa041c1,lucmoreau_provtoolbox
c4dfdb02b5ddffc47ce3cdc742d17bd8205189f8,lucmoreau_provtoolbox
c4e16b0dc9a819dddd49b5edf46832e3f1f09b66,lucmoreau_provtoolbox
c4ef44ca7dd2fca287fc0c71ac377cbfdbf081eb,lucmoreau_provtoolbox
c4f6936d942f801e791a1026e75e1297ef6a3558,lucmoreau_provtoolbox
c4fbced8d3c76df47f905e92b8c30c01528b3f42,lucmoreau_provtoolbox
c50627cc9f541d17dc1e1cd1a3b2d3db80196628,lucmoreau_provtoolbox
c50adf514fce46aed994d1d815f408fca54256c9,lucmoreau_provtoolbox
c51a87b941310e395299781043faf41086104db8,lucmoreau_provtoolbox
c52fa815844f92f08887be8af824d08039884843,lucmoreau_provtoolbox
c53240e56830b4dfca6b6ec4d4a3b4138eec3b62,lucmoreau_provtoolbox
c56a29dcf1d29e289cbdee21262d1855f7b782da,lucmoreau_provtoolbox
c5725626ea4178628bd66641f1d2fcda01b2b19f,lucmoreau_provtoolbox
c57b259fdde1093f0de6b1d714237745c01766aa,lucmoreau_provtoolbox
c5802a8b92848b0288115984b984a455d70d59ba,lucmoreau_provtoolbox
c58144bfe83f17a5106d11830f9eb24163030036,lucmoreau_provtoolbox
c598e151167d18f48e59df7981f1f03a142808e3,lucmoreau_provtoolbox
c5ab35fc44c8f8db22a8df74d65e41e1f360ebd4,lucmoreau_provtoolbox
c5afeb5321d3832ad40527715cf0d06804ee8058,lucmoreau_provtoolbox
c5b3c8fc15fac7368e01386f15d87ec3fa6445e0,lucmoreau_provtoolbox
c5bdd4ae3417c5a981c5cfc99881cf824d9ed3df,lucmoreau_provtoolbox
c5cbca717cf90a4141fdffb541e419f2af173caf,lucmoreau_provtoolbox
c5d1154cbb8963fea2f6596292255289302aabf3,lucmoreau_provtoolbox
c5f07c7ecdd92e5bfb75bd27be7123904e796268,lucmoreau_provtoolbox
c5fc224b5f28a61ad702f8b4feafd17b2bd84ab3,lucmoreau_provtoolbox
c5fee58b40a62f137a99c6ae140d45f4b98457db,lucmoreau_provtoolbox
c5fff524e444d77fcdc34d3e18b1bd52df971c37,lucmoreau_provtoolbox
c60738dcbff5f98c9f20734e65ab6f99b8e464d9,lucmoreau_provtoolbox
c61642a860a596d0adaff55dca5428a26ba714ce,lucmoreau_provtoolbox
c618d774482bae98eb74f89833cec93d14532bc9,lucmoreau_provtoolbox
c64cb39ac70d7ac800dce927e7d0b5f88fe81a87,lucmoreau_provtoolbox
c6507cbd82eb08886c4096e9e4bbb83e711d1ea1,lucmoreau_provtoolbox
c6583eadc68af04fef5b382d282a340b19595c4e,lucmoreau_provtoolbox
c66ad688ac3e0fb48ad3884e5b6bb2be17415d8c,lucmoreau_provtoolbox
c674a682c9ef46183e3538c62180e3c582050fb6,lucmoreau_provtoolbox
c67ab3431626325aa069e3c989474356f4ac1b94,lucmoreau_provtoolbox
c68de60ca0411b0f2a05fd5592a9a763d50aa783,lucmoreau_provtoolbox
c68f3636a67329921db96b8158acba2ab9fb0989,lucmoreau_provtoolbox
c698ebf1b27efa89ea47143dd2d2d391ff479a06,lucmoreau_provtoolbox
c6b2c445702d13bd6b6f57906990fcfd3f978e7c,lucmoreau_provtoolbox
c6b3e8fc9e062c761a5484faa1d9b50078bdb776,lucmoreau_provtoolbox
c6c285fd1f7ce316fd5fe3e732c61d3378666a2d,lucmoreau_provtoolbox
c6c55315b9e1789a9dfaa73fee2a6f740eae55a1,lucmoreau_provtoolbox
c6e370d701f1a3d58811223a934e2387a67a95c7,lucmoreau_provtoolbox
c6e3fcc0949ef5b815631f6f67aafd2ae3a56caf,lucmoreau_provtoolbox
c6eff879059a4fc922c6a84725370dd5660c4239,lucmoreau_provtoolbox
c708bbf83016fcffbe00988db1e14e787152c722,lucmoreau_provtoolbox
c71d2ddd79b269274f51ccb1fabf6ed483eef0cd,lucmoreau_provtoolbox
c73a47e0fa7393e60f9802f517ec711ebded6637,lucmoreau_provtoolbox
c73fdcb5a8ce1d15842bd528d9f6c6a68f96ebed,lucmoreau_provtoolbox
c7504b4becbb47a94f9912c9aac51af7bd0e58e0,lucmoreau_provtoolbox
c76d0c4410efb8db4c99ed9e339a4a1c4d005d99,lucmoreau_provtoolbox
c7919d70a235e45c267cc50055bbd10d44c1b320,lucmoreau_provtoolbox
c79581c384a53b58ec48cd07fff327cd808def07,lucmoreau_provtoolbox
c795e4cf5f54adf45d0908fcf5922ee3fd91b7f4,lucmoreau_provtoolbox
c7a2984b878cdc7ced4a80ed14201c1df5d617df,lucmoreau_provtoolbox
c7c2be5b40c2dabb596b0a82401e81b1904af737,lucmoreau_provtoolbox
c7d3fb41f9655a311a257ec7c53f78609350f69e,lucmoreau_provtoolbox
c7d5fd579bc68bd241f7a888f0ac351a91ab684d,lucmoreau_provtoolbox
c7eb61169f2f7bde86d83bf89bce0892772a1b90,lucmoreau_provtoolbox
c7ef5435e7be1f3529f2419b62b9ea97e2dd6cdf,lucmoreau_provtoolbox
c805a02f3e6c668dd7d469f945f24cf56638910a,lucmoreau_provtoolbox
c84e3f48ca446870ed5ab1625b76cb101f3cb239,lucmoreau_provtoolbox
c85553a1e88cb288c701f3ab3167fc94def81e47,lucmoreau_provtoolbox
c8812a93f87f00f09a7f5e68b64eb48f3d9b21bc,lucmoreau_provtoolbox
c8a93f5191d4147ec0b7aa5fed81cb09e94adda6,lucmoreau_provtoolbox
c8cd553d494e7b426de74e1cc8813b4433e5a849,lucmoreau_provtoolbox
c903eacc7331ac3677553658173981886078cf11,lucmoreau_provtoolbox
c90b6936f45ac7e083cf9e8f4cb2abcb06b149d4,lucmoreau_provtoolbox
c9193d64b9ea794e0f89d0821a729e2f6ee26664,lucmoreau_provtoolbox
c95690fcd836988e43cfe3fb38681e56b5195573,lucmoreau_provtoolbox
c9597e0ae742018e84a5474c94a6fd9786ab7c43,lucmoreau_provtoolbox
c96786c2af8d908e42979a968f49ece9531da96c,lucmoreau_provtoolbox
c972c1423049fd26c09acc93661432f29d11b712,lucmoreau_provtoolbox
c98e5737456b7b9d445c8c50b60e675337310192,lucmoreau_provtoolbox
c98f9bdc0c4c73bec09e50689ce97f84a00de857,lucmoreau_provtoolbox
c992a4be26ec3dece068b1a666dfb4fe54ed62b7,lucmoreau_provtoolbox
c992f7266dd51769d8dda356af9cf215c5114a74,lucmoreau_provtoolbox
c99d94639d8f8ce48ea375e0ccfc053b45d64566,lucmoreau_provtoolbox
c99f731d2f78f48da668779600cd68bc7671e28f,lucmoreau_provtoolbox
c9a8fc179d0de3683b6999c2c0b2cb89ff747b80,lucmoreau_provtoolbox
c9dacaa341a3b703e1aeea2043fb7aad1be2236e,lucmoreau_provtoolbox
c9ff1803167f5e24e824038ded05f6d390be63e2,lucmoreau_provtoolbox
ca05849c88a84aae736355569a8bdae78c68b072,lucmoreau_provtoolbox
ca15467e691b120b52952cc97619cc9924e3f013,lucmoreau_provtoolbox
ca1695ad7e6604ccb1fbb8a789a44f37e9cab6e5,lucmoreau_provtoolbox
ca2299afe425136ac2a556b9bee2bcebaa8a5d73,lucmoreau_provtoolbox
ca26810b4e4c382cce65a56e91d40bc13e0629b2,lucmoreau_provtoolbox
ca322301f08d898043b611bd3199d5ce47e56bf1,lucmoreau_provtoolbox
ca33b63d0294c052d28a591f05a9842ce27be11a,lucmoreau_provtoolbox
ca363e930bcae3f6f372ac6898373dc299f4e2fe,lucmoreau_provtoolbox
ca453c3ed32c4280fe8d4a4d795c0a6c0942bcb8,lucmoreau_provtoolbox
ca4b9299f9e1393d9119c6e5dfa82ebc900115bc,lucmoreau_provtoolbox
ca6b8930bb4275efbbe7b1ce2a2fb04deaa82267,lucmoreau_provtoolbox
ca6ec8572ede2ee773bc221e5496f34cbd3e2299,lucmoreau_provtoolbox
ca819ffd0cabf11f9a472cbfea1654f26af68ad8,lucmoreau_provtoolbox
ca90983748ed346b2f11298e9881804f6f94b48b,lucmoreau_provtoolbox
ca9aca6211d438f77cbd2eb9403c719215918e20,lucmoreau_provtoolbox
caa7bcbd1e4ca616eb1ff225b91e9179b0f2ab05,lucmoreau_provtoolbox
caab035205fa5715703f95f3103d9bc68d8b5144,lucmoreau_provtoolbox
cacd3896759f3018178f05a2e86565d32a3f1525,lucmoreau_provtoolbox
cad043a5aadb471bd0a460ac7957d4c440962c64,lucmoreau_provtoolbox
cad420cd40e6c0621cf1a46a48f6f190418f8f99,lucmoreau_provtoolbox
cadfdf0e229ae7fd4dbaf008c5480feda064bcc4,lucmoreau_provtoolbox
cae6c99a5ad3eb76de6a6fc656cd2f700594d7f9,lucmoreau_provtoolbox
cae7677a93fcdfaf1d2b71544d2295665ab61007,lucmoreau_provtoolbox
cb40f496209731b113680ac70c38e85414496586,lucmoreau_provtoolbox
cb4e7d459a77bbe1787680aaa405556173158dcc,lucmoreau_provtoolbox
cb5833cfbc980976689021d94fdeaea7957408ec,lucmoreau_provtoolbox
cb5893f983ad9130acdaeada09e1eca0be77cbc8,lucmoreau_provtoolbox
cb590aa640f419e4e023d711973ae8ea64903be1,lucmoreau_provtoolbox
cb61cef33837c81390cf5eaf78343314d4c2bae9,lucmoreau_provtoolbox
cb68f0c192ad5a8678120bf65ddc5a8a991abfc4,lucmoreau_provtoolbox
cb76b458565b0c4634084b43be3c329c63fbd2d0,lucmoreau_provtoolbox
cb7b54b554592c3e1076d6155709c6cac8227f51,lucmoreau_provtoolbox
cb7d6234f0c98033f3eb094a3a9e7726cbe97ac2,lucmoreau_provtoolbox
cb85ebf3ff29d4ba24bf7c49f30455ca9c8f7fb3,lucmoreau_provtoolbox
cb8760786e6ccf56c3ca0de35463f49af0309e17,lucmoreau_provtoolbox
cb8d50de9d38ad9d4f3dfbde8417e16d510cfbf3,lucmoreau_provtoolbox
cb94849209873045f6af55877ca2d7d146ed59e7,lucmoreau_provtoolbox
cba01ad144674a198b6e08f7005328957f7efc4e,lucmoreau_provtoolbox
cbac6912cf51ee96af79ade9d573ae97350d967d,lucmoreau_provtoolbox
cbd64de819e6a52a6356ba48b40485c304bfb7b3,lucmoreau_provtoolbox
cbe213e3e3e3fe0048733df947d3716bdff77f44,lucmoreau_provtoolbox
cbf4518b56e3d9288488345ecf26cfe7c66bba5b,lucmoreau_provtoolbox
cc03bef556bf87afe1ba06f0d86bd6a5c39c5471,lucmoreau_provtoolbox
cc0d76e043bd84bf12aa30750be842db748e80ea,lucmoreau_provtoolbox
cc162bb461c96b18eac93e1d84d0aa6c6f257241,lucmoreau_provtoolbox
cc1a6a3b38d7a7cb54bbaa4bc7fcbda124b5019c,lucmoreau_provtoolbox
cc2dae97201c6b2762fbe35ee064e56b8ca84421,lucmoreau_provtoolbox
cc30bbf60f948db57997f130c837d6733ed1be22,lucmoreau_provtoolbox
cc382387d90420535d3b05a4557e3887314d8238,lucmoreau_provtoolbox
cc40dcbf95101430f9546dedabf11e107a058bc4,lucmoreau_provtoolbox
cc41156cab5cf6061a68b751b4a3bfbd1a2744e9,lucmoreau_provtoolbox
cc540642800e278ad17cf70fbe5093bbfa97925f,lucmoreau_provtoolbox
cc62910acef47666f566056b066550429a7e0d6c,lucmoreau_provtoolbox
cc94c73323187b709c2c9ac93999c86a798c1678,lucmoreau_provtoolbox
cca28fc3de2df3b8ebb6f424332e6e89d65ed0b9,lucmoreau_provtoolbox
ccb4e4697a7effaeed3b38f981a2e53c70a7b797,lucmoreau_provtoolbox
ccb883d10029e4f58662e61733d9cd5ec1286236,lucmoreau_provtoolbox
ccbeedc6ac3b4647c2fa67e593259135b321dee7,lucmoreau_provtoolbox
ccd41d92bc5b34c8fc89b6a94643559853632b82,lucmoreau_provtoolbox
cceea50c51c156eafaf62c9098ca201ff61b8239,lucmoreau_provtoolbox
cd0492241d580b54723f8817a2d1bc496a779372,lucmoreau_provtoolbox
cd073afc5e526a3629b7fd32a398e9e71eb98801,lucmoreau_provtoolbox
cd08fd4e0a04e4e52df59b0087644320ae8cbf8a,lucmoreau_provtoolbox
cd12e3ce5d3202f176e3dd5f4ca87aab2a454e61,lucmoreau_provtoolbox
cd1d3bd3edab588d3f106ba701bee8a1cb321583,lucmoreau_provtoolbox
cd68ccacbecee2dce591cb313980cc47d42f0d3f,lucmoreau_provtoolbox
cd8abd7e6e4aa10c8a0a86e27294e8574ae1c52d,lucmoreau_provtoolbox
cd90aa0289af77f9ba83d1773e99391657cea49c,lucmoreau_provtoolbox
cdcc609646d862c1fb7f81063c0e2e886e027dff,lucmoreau_provtoolbox
cdd93569aa25bb1e66ed54c5185b0f02047d0ee6,lucmoreau_provtoolbox
ce07bf9e52b3fe33ba689b552b06a2fae8214b43,lucmoreau_provtoolbox
ce0d689bb9cfbfdcc8ec3147a1de10fc5d48dadb,lucmoreau_provtoolbox
ce1cbdf311743fc10c2f079ada6fad3ec18c6bad,lucmoreau_provtoolbox
ce34625e8e21aebc1609056c0669284861a8abff,lucmoreau_provtoolbox
ce6e0a766a6e0c53d7531f715e04239941c68dc0,lucmoreau_provtoolbox
ce8c89b3380cacf6387db687c27e2f7155520639,lucmoreau_provtoolbox
ceaba4d374e4a175f79851178e4b5fcb13323d1a,lucmoreau_provtoolbox
ced2446c549a392c08c825608a47295c1e9bb4ec,lucmoreau_provtoolbox
ceda1da9bd24edbf06c0617b1d3682c2019940d2,lucmoreau_provtoolbox
cee6b5133fb3aa4301d9782dcf14ec88ec44cef6,lucmoreau_provtoolbox
ceefb4e4530d90d3433703c7d393a268e4afc358,lucmoreau_provtoolbox
cf0d23492a1dbdcb06b0dc3e7c99dd0e6e2f2b70,lucmoreau_provtoolbox
cf125a28992019f3b8887d3ee943b92dfae75d50,lucmoreau_provtoolbox
cf162507e4a2f2b905c38721cf1f871fa5c86868,lucmoreau_provtoolbox
cf4ea945e04c45f1f31487a51ff8328ccb5a24c3,lucmoreau_provtoolbox
cfd5ce01091a21fb1e32fa5d990d7f6513311bdf,lucmoreau_provtoolbox
cff50c929bf0ce33ceb866a7f79d49396ea2ab1c,lucmoreau_provtoolbox
cfff35d14eeb5faff0d886283d5df45bf76c5f5f,lucmoreau_provtoolbox
d00b8e46af288bb508911cae9fa56044273cf396,lucmoreau_provtoolbox
d01369f1ed704cf01f4f2203173926a86b8ebfbe,lucmoreau_provtoolbox
d015e5e249b5595972a8496febb4bb2f573379b7,lucmoreau_provtoolbox
d03f51d05e6887e7f69a9ce568c638c45789f6d6,lucmoreau_provtoolbox
d03ff7253e7d08971672a1c9337c08db473dfdff,lucmoreau_provtoolbox
d043950a37ef06bbc252244990d6ce6769ac9fee,lucmoreau_provtoolbox
d04f8d5e4185a764fd80ad2f0f85230b9c64eafb,lucmoreau_provtoolbox
d05a5c1daca20088098a36560f052fd38c4dbf99,lucmoreau_provtoolbox
d062e13e499bf1115890bbc7a5d5d3c21ed558ba,lucmoreau_provtoolbox
d06f96b1f868b9e258b1abffe7203435dfb981b6,lucmoreau_provtoolbox
d0ace2984d02d95cd396a3f13e88db62c45b2a23,lucmoreau_provtoolbox
d0b7eff9c57003e1097648d125d1bec1cbca5943,lucmoreau_provtoolbox
d0c770798591e31b1cda89b3f72082c83fc3e298,lucmoreau_provtoolbox
d0d9d8ddfbb795384b783bc12854b31ca62f4b02,lucmoreau_provtoolbox
d0f54ec679bda7efcc6771491ac0daa9db457ac9,lucmoreau_provtoolbox
d0ffeb8131ab948ddffa354945f19eaf5625509a,lucmoreau_provtoolbox
d1046deadc6ad2c5b02e618c541c94b85a114c82,lucmoreau_provtoolbox
d108ce0612faaf4c8f25e5a2566390dadcee9948,lucmoreau_provtoolbox
d15423cd1ff8a81725b56575e33496f9379626d0,lucmoreau_provtoolbox
d1544e41601460f1d559d017b533bd24c36e8fee,lucmoreau_provtoolbox
d15d21b2ed0043c9a21dc30f0f05842f3f6b6454,lucmoreau_provtoolbox
d1725853ebd8364e1af599c156c6bb125bcf12d0,lucmoreau_provtoolbox
d18054f7a606964ccb256bcc185ac4c5e7df174f,lucmoreau_provtoolbox
d193c0ac74cdbd83ed69512b553996b03abb6b8f,lucmoreau_provtoolbox
d1b26ea11d70cbe2c05713004260aaef764d7093,lucmoreau_provtoolbox
d1b489dbcba4fef410d01d9a87ed35e66c8bc56d,lucmoreau_provtoolbox
d1cc80af7d999c0ab99c509604d45d545aa21366,lucmoreau_provtoolbox
d1d16fdff49a46fffb431a068ea973685bbf5ce9,lucmoreau_provtoolbox
d1de03c57ffcf57d39a3084c1d2bd8727a2c8d77,lucmoreau_provtoolbox
d215c0ab9c42f9703c4515738ff6ad3e80d463c6,lucmoreau_provtoolbox
d219f80bce179bea7f67543d6557c84a2fe92fdc,lucmoreau_provtoolbox
d257a6956319fcd875d6564b99adbb308c953f61,lucmoreau_provtoolbox
d25aff3c2f461b5fcf8a67dd9bf256309e79d6f8,lucmoreau_provtoolbox
d28703eea450593a197ca12dfde02f6efea6b966,lucmoreau_provtoolbox
d28ff099c87757300573b6a213ac60870990e04a,lucmoreau_provtoolbox
d29ca5d02ac876dcd41201bd49ff85789e9e8420,lucmoreau_provtoolbox
d2b5d112a792d94dfac735d370ef1ba86793e6c5,lucmoreau_provtoolbox
d2ddbf606cca7b81205968fa657c4ca3302052da,lucmoreau_provtoolbox
d2ea7f0e10b046ca72d594bbe507fab11a9ff511,lucmoreau_provtoolbox
d2f253279d6a16b36893b72d9d002a5cf054f61f,lucmoreau_provtoolbox
d2ffb2e4404d105a97a69f4a2897e4325040cfc3,lucmoreau_provtoolbox
d30e9808fe8f7362d953e8043b56f987e0b07639,lucmoreau_provtoolbox
d317b59307d46c6e41416ce70dd036f5ebe46355,lucmoreau_provtoolbox
d327edc28ce2d69b03d53d5fa3e77e1f96504b16,lucmoreau_provtoolbox
d336b7c5834a6d294cca2e516dcd8ad8c22cc18c,lucmoreau_provtoolbox
d345e1048dbac2437ad767e038f90889b832095e,lucmoreau_provtoolbox
d34d56d10bfd9e4ff405b688311bc8f80e54a99a,lucmoreau_provtoolbox
d353d844f05cd8a2561e53e26aa3183362fbb7d2,lucmoreau_provtoolbox
d363f508830c1a42522f70c3d591d6d49ef0f277,lucmoreau_provtoolbox
d3911a08913b48956d6c9378f2c8645025b88b81,lucmoreau_provtoolbox
d39d5ac3e5eedd5f28d092460a92eeb775ab0a55,lucmoreau_provtoolbox
d3a48f1a8ad680de425da55f73c5957ab8dd45dc,lucmoreau_provtoolbox
d3a5dcb3f342f82434a846433f4894ec30035de4,lucmoreau_provtoolbox
d3aa6a59652e02318e7a587f8c3a782c6cfb4f9d,lucmoreau_provtoolbox
d3b4ba2adb886c9e29baacb12edec02642275780,lucmoreau_provtoolbox
d3b4f45521d5b774b12a9a336736c0c3c2230355,lucmoreau_provtoolbox
d3c3f69b4861d5c1473001d931db687a47b3396a,lucmoreau_provtoolbox
d3d6bab252f816b6a7fa6f63de7a4171626348f5,lucmoreau_provtoolbox
d3e889841dc998d02e38259e14a28db37f7c5fc7,lucmoreau_provtoolbox
d3ebdeaf25d0ae7e443a77cc49d2ec24674de642,lucmoreau_provtoolbox
d3f88471481e8fad558e1d1a08eaa6a165097804,lucmoreau_provtoolbox
d41ac2efc1681c0fd099337659dc6e52e21275aa,lucmoreau_provtoolbox
d4306af4e3245b7a4f8331da50dc5500494351b6,lucmoreau_provtoolbox
d44aad51e9a266148a82f78d403a4825e30c4d16,lucmoreau_provtoolbox
d4558c120e88b581097235a37fdfd23932aed9aa,lucmoreau_provtoolbox
d45821865c937bd66359e4adf91d5cc4229dd732,lucmoreau_provtoolbox
d4620f31b8bb48e921d4d7391f5ae7f0d40aca54,lucmoreau_provtoolbox
d46e75bb138c9d8ed1d97804487401a1a32feba6,lucmoreau_provtoolbox
d4935c6aadddf25f8ec354ba7d7454caee6ecb17,lucmoreau_provtoolbox
d49c206e5bcb401574f69ffff1a4844d777ccf19,lucmoreau_provtoolbox
d4ab606f94a39834265e0a473c8395b2de28057a,lucmoreau_provtoolbox
d4b07d2b5b6ba7835187f56c80b85cfe4e6ac9c0,lucmoreau_provtoolbox
d4b510e87359c7f863c6b26de0d9c6abfbb28a21,lucmoreau_provtoolbox
d4b8dcb7073b71d3c351d8159a4222d6e01ffece,lucmoreau_provtoolbox
d4c4ae27b2ff58aa92418c63aa29ae4cc9b71adc,lucmoreau_provtoolbox
d4ef78940ca00f94c658efeb3807facf5710eef8,lucmoreau_provtoolbox
d537d416f8b5f2dc758198cf02f4fc8e037a0f02,lucmoreau_provtoolbox
d55d9ab2f04c721ef3e9bafae1c8ec8b84ca7a04,lucmoreau_provtoolbox
d571a79b31799961d7d342c66a9e601ba1624dfa,lucmoreau_provtoolbox
d58dc6f2034d55418ae172bbf16f31788e082a4c,lucmoreau_provtoolbox
d59a1bc3efe849a0f5510cbcd4301f50c95f2d0d,lucmoreau_provtoolbox
d5a265eccef40260861b8c0f27a9a4c876d1b3b3,lucmoreau_provtoolbox
d5d7455983f4a901c99e9ef72532947843e79a0c,lucmoreau_provtoolbox
d5ff99325bf28cb2b3ec9220de36b615ed82a8b6,lucmoreau_provtoolbox
d60d216f9ba82eb01ac837cb352f5c803b733344,lucmoreau_provtoolbox
d618aca79c4eb509de3a44fd2f54d4f35899d4e3,lucmoreau_provtoolbox
d62795ee2fe9492d91a686ce931d7b2bf13f518e,lucmoreau_provtoolbox
d643afafca1106df4a3e3b45ab803fdd5e760c83,lucmoreau_provtoolbox
d647ec9416135f6d3ad7da5bec8a2bd102ecc52c,lucmoreau_provtoolbox
d6569ac22705567792a8a0595f6a3d1aea541636,lucmoreau_provtoolbox
d65f7b64b2dfce6fd7c3688f69bd715f0b91841a,lucmoreau_provtoolbox
d664ae4b0235053f56535501fed658e1f1156920,lucmoreau_provtoolbox
d66653eab40a6807e6327835469447152a4f5360,lucmoreau_provtoolbox
d67007dedead71a22e5b091dc8017eee53045507,lucmoreau_provtoolbox
d683378ea119eee35fdfc10ee33ac9957ae2c1cc,lucmoreau_provtoolbox
d68a6e5a032087e7a8396571ce419974b3620e40,lucmoreau_provtoolbox
d68f7926c46d86304a731a16e426fbb707d3c698,lucmoreau_provtoolbox
d6a8879c866d8f108a566d099bc7d35131413604,lucmoreau_provtoolbox
d6a907442c688b2fd2550777c26d1a3553ca99ee,lucmoreau_provtoolbox
d6b2361af45de5384e8c3560b902a09c25dd94b0,lucmoreau_provtoolbox
d6b55d3ebea5c7d52790f82e249e87683c607273,lucmoreau_provtoolbox
d6c73db63a87dd944b2dc96ed2da47cf8a2f7154,lucmoreau_provtoolbox
d6dd4c4e2c6d17f728d73a1bb7e027efdf5271d0,lucmoreau_provtoolbox
d6e2796a5128d78fa460c7359f3f415b20c337a0,lucmoreau_provtoolbox
d7019b8e20d6e189ebdde940ff60a9534ac2437c,lucmoreau_provtoolbox
d7130463885518ccf6ebbe82f03a202d6617198c,lucmoreau_provtoolbox
d734691c2b151e38ac4b7e2fa7f956976001339a,lucmoreau_provtoolbox
d74421f2c44b2a6327f51d58382f4ddba3cbb5f6,lucmoreau_provtoolbox
d76ffdf3601fc6b185bbe88f7b4907dc50fd81af,lucmoreau_provtoolbox
d775600acbba77bf40ca9c3cc080683ed0828b3d,lucmoreau_provtoolbox
d77d6a0fa120004e8d4c4256152f711c3e0fbfb3,lucmoreau_provtoolbox
d794f31add198e8c02e750d69a68a3b397bd73d7,lucmoreau_provtoolbox
d797ea8b940b628338e93391bc9a5d3ed84ce75a,lucmoreau_provtoolbox
d7ae316490ef78272859440bf6d337d6ca964222,lucmoreau_provtoolbox
d7d8edacb23552d1dd3aee4a025ef48edd0e52bf,lucmoreau_provtoolbox
d7dde24a5c985081d2f0160f6851d43b1d628c6e,lucmoreau_provtoolbox
d7ef11bd6b7be254cb9fbf4c111f8c1919bfd0d6,lucmoreau_provtoolbox
d7f78b6ce81cfc311cfcf6c0129044654c4cfa82,lucmoreau_provtoolbox
d8192d49152764e6e51dcf27fb39b19468028835,lucmoreau_provtoolbox
d824d7d0047942f618580eaf6b5b6c7dfc1bc0cf,lucmoreau_provtoolbox
d837bb7804d9fcc26babdc6d1bd9dd20e78d8a4a,lucmoreau_provtoolbox
d83e2b91061fc9d8e9a2ca5407ac843927c4960b,lucmoreau_provtoolbox
d85ab13d8461ce86b95bbd63e9e879c11f7a7cec,lucmoreau_provtoolbox
d8729c3e92aee459d5b14077c9843ae34f55bc04,lucmoreau_provtoolbox
d88b84019714614f4fd373acdfe4d5e05e614a63,lucmoreau_provtoolbox
d8914911456afe30e939052be3bfd839634856d6,lucmoreau_provtoolbox
d896f8dab93afc558a9ad32ab986ca893e817b14,lucmoreau_provtoolbox
d897ef053e8de5f1f48aa6abd102655daa5e35af,lucmoreau_provtoolbox
d8bbf9bc529c3b6dd2e62d485289d15bc7ed958a,lucmoreau_provtoolbox
d8f6ed064008e981807825aac52c3a26d7934a6b,lucmoreau_provtoolbox
d92070195e5e800f9a05c174a07e46de3d778ada,lucmoreau_provtoolbox
d922ca9079b984e5da1b1e8710ad6363a4ae0076,lucmoreau_provtoolbox
d930244ee4c24bc68a70fc835d09d85da01b90be,lucmoreau_provtoolbox
d9591c1e9f7ab73438c0d7c969faa37dc097fba4,lucmoreau_provtoolbox
d977341ff4f15141cb85d13db85f02b49e1bbfe9,lucmoreau_provtoolbox
d9806d5b3da466ebcaa225c193f3f6454ac34390,lucmoreau_provtoolbox
d981e1821b86c187e7d24d73fb1a064aa8ad754c,lucmoreau_provtoolbox
d99542b3863ad83506a115d70b4b415f0341da32,lucmoreau_provtoolbox
d998f6cac78343816a5dd55d148040e2f926eae8,lucmoreau_provtoolbox
d99982b52f20205027580ebbb67bcb2a9301cf79,lucmoreau_provtoolbox
d99eea5dcb3de3fdbfa8fb94b78757c5afea8df7,lucmoreau_provtoolbox
d9a66a7977ee5dff891d427b98327892f0aaca00,lucmoreau_provtoolbox
d9f47df3b01dfce7ddac182ef67d46520fc70e10,lucmoreau_provtoolbox
da098bf64a7fb81b014df6889acedbfa23a106f8,lucmoreau_provtoolbox
da0c44dc7e977627e262a304a33b982f35c7790a,lucmoreau_provtoolbox
da0e0115ba8a269dde46e25c8d20818a4be4e9c8,lucmoreau_provtoolbox
da0fd3441620fb128b856e0466a16e8f3a2dfa05,lucmoreau_provtoolbox
da2026272ca3f50dcb6febc84c66776505c77200,lucmoreau_provtoolbox
da2b99a67351756541f8993e2d85d1b397d8ce20,lucmoreau_provtoolbox
da2db0c73da438fb5fb3b398b6617987f157d1be,lucmoreau_provtoolbox
da33d08e828a41fdd25fabf98f561e429bee2539,lucmoreau_provtoolbox
da4d2d1129ed395120681a47671140cde3f25506,lucmoreau_provtoolbox
da879b7cf4442852ac9a629bfcfaf45624562afd,lucmoreau_provtoolbox
da924f830972de2794598b2bf1cd75093590d431,lucmoreau_provtoolbox
dab673fb994e1c81cb70180c604fe5de4e5d7876,lucmoreau_provtoolbox
dabae2c2bff94f644ade9f7a8ca2385e70ccd080,lucmoreau_provtoolbox
dac6c6678fe3540ec92bf30d547448536dfe1754,lucmoreau_provtoolbox
dacc8d6549acc7ff2d4a7f4763090094b31b0a6c,lucmoreau_provtoolbox
dad069fc824b37ca23bc7224169c7655e3fc5bbf,lucmoreau_provtoolbox
db000c9d6dbac20ebe14bc99edd1aec2ef2b022c,lucmoreau_provtoolbox
db01f866a692cf62ea52b6d6a72047ea4dc09dda,lucmoreau_provtoolbox
db1c2090940f76ee7d6e6efce17f0b8905c68971,lucmoreau_provtoolbox
db2dc74d2477df8a47cd35b6e0fef70b02e55ca6,lucmoreau_provtoolbox
db44e4ebd501e3a961e0ccb47b859ab0ba3df3d4,lucmoreau_provtoolbox
db5e1dc65d9144ef8a74c2902722d4b0f1733cad,lucmoreau_provtoolbox
db7634a7c143d91769dade8021e22e87dc81dfcf,lucmoreau_provtoolbox
db9e22d7d08d049a2ba643ed7647105820bd3017,lucmoreau_provtoolbox
dbb7251f1cbbaca75a4d0b6e02adbcb1b1537e02,lucmoreau_provtoolbox
dbdbcd3a0ea39f788e50a02989c00b96b565a10f,lucmoreau_provtoolbox
dbdf9e39e7fd50d345995c6f324d5827fa2f030f,lucmoreau_provtoolbox
dc0c9fd0bab9892df85a4e987a7ab7ae06a32554,lucmoreau_provtoolbox
dc10962175c3940a3a43f88a8ea14d7e8c8d2b20,lucmoreau_provtoolbox
dc241e98f0177b106c471bfd093b55a2293c51ea,lucmoreau_provtoolbox
dc41ce5c32ae92cc7a88f5b0cbab46527ff60c42,lucmoreau_provtoolbox
dc84d92191cafe3f076e43bf9f8eaa5387ce64d6,lucmoreau_provtoolbox
dc851556b1cb852fdf7407cd0239d2a3fd394be1,lucmoreau_provtoolbox
dc885e13adf14ac69d02ed448fe0e508030b0408,lucmoreau_provtoolbox
dc8db04720bb72b60b0e3a0c25b67384c9634964,lucmoreau_provtoolbox
dcab2afbd7a5a7583b627c9e2a86a494f2db422f,lucmoreau_provtoolbox
dcbcc89a9300f67bd107732aed12fa86e8019445,lucmoreau_provtoolbox
dcd236a7eb28af0910d6242d6c7a69bca4e34dc0,lucmoreau_provtoolbox
dcf00c0f5a68b0a4f693bf1adf34c0b2e5415f5d,lucmoreau_provtoolbox
dcfca8cb104ba63827c6d9d084c7a17d901b49ea,lucmoreau_provtoolbox
dd01b3760a7e6f231e2d1d8d25830b854c0b498c,lucmoreau_provtoolbox
dd0851ade1504434d39c8ee669063afa14ce697e,lucmoreau_provtoolbox
dd0a3efbf8416609c7f3c872b7d7ca271a2050e4,lucmoreau_provtoolbox
dd15360f912064e448aed088628521456f2c225a,lucmoreau_provtoolbox
dd497cb39ff20fdf07b42903c3d97be218363983,lucmoreau_provtoolbox
dd53a62902fd108f68abadb21b0db9d2ba507be3,lucmoreau_provtoolbox
dd5b62ee730c357c5c818ae62877e1fc2efc1786,lucmoreau_provtoolbox
dd5f468bdfc27893ce48b9be5a1f63f552734ca8,lucmoreau_provtoolbox
dd663232dfcd9fcde746030372ae198e54624fe0,lucmoreau_provtoolbox
dd7e606f59475cf3ad25d268dd05f9aa82186a6d,lucmoreau_provtoolbox
dd9371a5a8b98e136b68633b88206de71d74f988,lucmoreau_provtoolbox
dd942f385b6c7c8c4566b318696eb02cd63a73a4,lucmoreau_provtoolbox
ddb01681275d77aaacb135140f7ebc4826fc21ce,lucmoreau_provtoolbox
ddb0ca844e77e6aa7fffdd96e98ff3f9d2781575,lucmoreau_provtoolbox
ddba094084f4a1684bc6ff55c7aed9e5fdaba716,lucmoreau_provtoolbox
ddbf94b2af01801617f839e0d546a818d1d6c053,lucmoreau_provtoolbox
ddc4680db27638fc94fb438fcea4c59149a0667f,lucmoreau_provtoolbox
ddd94c181e952e1b9e713fbd26de6ce0a9731f06,lucmoreau_provtoolbox
dddfde736830e3d7fc0d4221150b717d376ac066,lucmoreau_provtoolbox
ddf07d4a36437c798839f786a29f7afa5388f61d,lucmoreau_provtoolbox
de40b792d0c36e4993ea5bf24e95059faeaf64ec,lucmoreau_provtoolbox
de4b06c5b319dc5e5ddb2a59a34faeb41a5de461,lucmoreau_provtoolbox
de69db5e6b9e8d08c919775bb75953e6309de6ec,lucmoreau_provtoolbox
de6c50a3f6d50b6a9345e40a49ffe9b5ce133d0b,lucmoreau_provtoolbox
de785023c9ff6fbb657bf8b7edea5b0c126b1530,lucmoreau_provtoolbox
de799b2bcea88e406ab9bcea8a1f44a955c7ae37,lucmoreau_provtoolbox
de91d7e929f12a52e02fe21c8efdcbfdc8515db0,lucmoreau_provtoolbox
dea1526f15243cbb4a231fbd9ba960b6fbfbf0f6,lucmoreau_provtoolbox
dea17d62e5f4176cd096bc2cd1bcca7bc5515ee3,lucmoreau_provtoolbox
dec38ca8a9007fadff4afd54f1cda708cdc6a375,lucmoreau_provtoolbox
dec6d5cc10ace6ab2ec3db413b395c99781eab73,lucmoreau_provtoolbox
dee33dfad40af5b69669a15abfef359848197938,lucmoreau_provtoolbox
def28b8d15df47672af9cffd41408c402ef17166,lucmoreau_provtoolbox
df1c320335b0b03ec447d0c628fbe3fc71a712da,lucmoreau_provtoolbox
df30b30a944d2a9549ab84781cf8c5186a35b411,lucmoreau_provtoolbox
df4faceac54e00c088a8fd9be1c36e56f9bd7122,lucmoreau_provtoolbox
df5472dd6f917a41b538f0eb97b6f0faff80179e,lucmoreau_provtoolbox
df5e3c3c9aabc1f31c567ac4e49429590c862c2e,lucmoreau_provtoolbox
df65628ca99dcf630e614796ab2115b2682cb562,lucmoreau_provtoolbox
df9cb0762dbcc77944359dc05656ea1a9e3284e8,lucmoreau_provtoolbox
df9f7ad9c35250d4e9371c329a8a760a3a86c08a,lucmoreau_provtoolbox
dfb2973c67af6b57322efd371ba74d77d59e61b6,lucmoreau_provtoolbox
dfc1d1791a45761d56221b1a6868e5b7bd0f5fdd,lucmoreau_provtoolbox
dfe1e237d3756c77923c05fcf77904d811b51f73,lucmoreau_provtoolbox
dfee63c207ed4e0951390345ccd50f5c432fb464,lucmoreau_provtoolbox
dff11b9c8edd082bbf5eaaa9f41667a8df047d46,lucmoreau_provtoolbox
e00294b3a2442915a57cff4840a58e96f0739fad,lucmoreau_provtoolbox
e00d9104810f084e37f786bab18a10321aa56d76,lucmoreau_provtoolbox
e03c528dee4c31eaf2839a8c1445887ccdf9d24b,lucmoreau_provtoolbox
e044d80088510b64920ffb9f2017e210c36fa7ad,lucmoreau_provtoolbox
e05e08e8b22c9f69675e37adf76b5cfa984fe14f,lucmoreau_provtoolbox
e07263b4039e8d24036e35be5bc0f4614a89a76f,lucmoreau_provtoolbox
e079c783450a217fcc8b4fe542d50a7675e9df8c,lucmoreau_provtoolbox
e07a61195a5cad44fa0ee98fafb4c4bb40bcd007,lucmoreau_provtoolbox
e08ccbf4510a92f0da317cc94e89a75d7185c9d5,lucmoreau_provtoolbox
e0a1c19a8c2184645ce2dc8a13fc9e497afde1f1,lucmoreau_provtoolbox
e0a7c8c33b7637c4a34071499468170b1f4dc18f,lucmoreau_provtoolbox
e0af2168bfecf79570633cf0f1abb469b7be17ba,lucmoreau_provtoolbox
e0b2a71a9ec42eeb29d20b823823302a186a00d1,lucmoreau_provtoolbox
e0b4332da41d129d625def0162b0dfce8f77b2d3,lucmoreau_provtoolbox
e0ca11845064639d5974d42ccf22a4c34c848653,lucmoreau_provtoolbox
e0dbcf8df25e1d81092639bd5a71adf520e37d0b,lucmoreau_provtoolbox
e0dc1c6a563c496c6714e3370352c9d1f2c85986,lucmoreau_provtoolbox
e1001d64c4472b7caef9e48a900dd157df59f192,lucmoreau_provtoolbox
e11aed6eae594fd96fe4b31829eebf698cd36674,lucmoreau_provtoolbox
e1224039b5be670c36109cb6a8d1093513c2f1a8,lucmoreau_provtoolbox
e13038a1947cd251756671e8fecc1bf9bd0ec9d8,lucmoreau_provtoolbox
e13b775c54bb5b6261312a68b90802fc8651a37f,lucmoreau_provtoolbox
e14f2d0fdc54023fe6d60a6d27cd6acb56c8b4fe,lucmoreau_provtoolbox
e15515786f88dc58d9e37f7a18ad0b735978a061,lucmoreau_provtoolbox
e17d8fedfce05f0cad3df7852c9e98b8da7579ac,lucmoreau_provtoolbox
e1aaea92c2ccee15e724305580e6401ca89c3044,lucmoreau_provtoolbox
e1c2a594bdd3bdf1aec9a3caa79fbdcc898cc835,lucmoreau_provtoolbox
e1d844b43c02ff2938cd99e2acd429585f92781c,lucmoreau_provtoolbox
e1dae06cd24ea34b0eb33338447af912f663c8ee,lucmoreau_provtoolbox
e1db4162ddf6502d123ce7caede37c2bfc981c66,lucmoreau_provtoolbox
e1f21493a103005cc2a4c39706bf3891abbd1858,lucmoreau_provtoolbox
e1f5daaf84e834aeebd9bb8fa85f12590dc3b3db,lucmoreau_provtoolbox
e1facc6907a7bca4d77110f4ea17f813bc0dafb0,lucmoreau_provtoolbox
e20aea5f5e534ac0b63e256c71eaa706c1ce4a5a,lucmoreau_provtoolbox
e214a82c5cecae36b2530a7e7382d2cdac3f33ff,lucmoreau_provtoolbox
e222bc933c7c644e9e276a712767de04b9221e0b,lucmoreau_provtoolbox
e24eda9f2fec27f5cb5dba72c3a2fbda025ef216,lucmoreau_provtoolbox
e2558f5249c5ff39066b8fed9288b06f99c86de7,lucmoreau_provtoolbox
e25661a3e61f6e98832985a015de7b1c603002e0,lucmoreau_provtoolbox
e25e6c5b7970ed76b3c8643853ed72e315c81dbb,lucmoreau_provtoolbox
e268d4eedbdbff82d57c164de10481c14627419e,lucmoreau_provtoolbox
e26936deffe41a22b469622b59e00cc15868067f,lucmoreau_provtoolbox
e26d3a437b141a63358b705e751a9c87f411b3bb,lucmoreau_provtoolbox
e27242346a638cbdb8d3bf5b51e6f43f68d7e17c,lucmoreau_provtoolbox
e289f6f9cc26bdece3dcc784846987b2f7b177ea,lucmoreau_provtoolbox
e2ac369f7593dbbd12b34321352f98eaed9744f0,lucmoreau_provtoolbox
e2af3bf5c2cd0cc66e08d21c49cca19f1ffea594,lucmoreau_provtoolbox
e2bd315ad2fcc5a454b1f571877087deab3d41c9,lucmoreau_provtoolbox
e2cd21200fc22f53d3b1f2bf86d80b6155a987b0,lucmoreau_provtoolbox
e2d23f8243bcfec48404b1a07b846c9993f7a9ae,lucmoreau_provtoolbox
e2ed2a7864b9be48e88a39c9125b7b8033ac3705,lucmoreau_provtoolbox
e32e20a1dec8a18eae816929d8ce6fccbaa80a67,lucmoreau_provtoolbox
e330cdce8371189848347591ba2eeaf869aa7672,lucmoreau_provtoolbox
e33824c08bfb9750c9922b091d1407b5bb763fd9,lucmoreau_provtoolbox
e34750c3cfefb2aaf500987a241b6111eac4543a,lucmoreau_provtoolbox
e3478e59f420db576730516479e9f06c09a024a6,lucmoreau_provtoolbox
e354aa8af2cbce95b0a46783d35da4b0d52ec0a0,lucmoreau_provtoolbox
e36d56cec0e610ea696692dd112d6f6da5affb6c,lucmoreau_provtoolbox
e3960890721d841c19b04e08e0809dcf591e44b9,lucmoreau_provtoolbox
e396354cd1b3d46a4b09e6504d3ec1a017072bdb,lucmoreau_provtoolbox
e39c813b14bf0181b17f5d9a00aa8d70f9b983c3,lucmoreau_provtoolbox
e3b0fbd1804a22bc26231c2c6e498b9f4275dfc2,lucmoreau_provtoolbox
e3c601625dbec22f988d799fbbcb52822d2f1b3f,lucmoreau_provtoolbox
e3c6d371311d6c29f34479f4f24c19271b51473a,lucmoreau_provtoolbox
e406c9d6423182e85bbc6619013bbe21e8e05144,lucmoreau_provtoolbox
e40dcb739bec939a872db2939c0b8ca464cdbd69,lucmoreau_provtoolbox
e412749c4ec5687f45355343d07e3529376f20d1,lucmoreau_provtoolbox
e433899438aabf333a5b938ecd0d616370b2cbd5,lucmoreau_provtoolbox
e468f63f9267cde2f139ec2a48b3ec5445cea4a9,lucmoreau_provtoolbox
e46c2013f49c01113b34322efd36cf532ce400f7,lucmoreau_provtoolbox
e480b3656660987b271423a770e02c8530aa4d9f,lucmoreau_provtoolbox
e4b1c1b4681bb61cb7b8c8500b1f473429f1c174,lucmoreau_provtoolbox
e4c0555763db67c90fb81338185609fe053deeb8,lucmoreau_provtoolbox
e4c4d845705dbfe939e7c4ba3551b2aad16265d6,lucmoreau_provtoolbox
e4d0423d26a6efcbeece3aadc118a19585c5506f,lucmoreau_provtoolbox
e4dc156ca00e70b60a8e46eff45fdab514cc7fc4,lucmoreau_provtoolbox
e50387308f2d09a6262bcfa6ea3df7955cfdf694,lucmoreau_provtoolbox
e558e645f00cc185ad6211d92de064c52a0d3fc0,lucmoreau_provtoolbox
e55fc193b7a696efceccbc23089768ad8c9f2c0c,lucmoreau_provtoolbox
e587d69c89d703de253adc2516b74a0b3dae8584,lucmoreau_provtoolbox
e58ce271dab055af97851f9de0daa8bb830acf24,lucmoreau_provtoolbox
e5ab34404c91d52afc19394dacec8a4c544f74f0,lucmoreau_provtoolbox
e5ae13f631fe253e6afca29a81a69f8a8de73c7c,lucmoreau_provtoolbox
e5b1746002219009a6a6c8cc711a255bddd9106f,lucmoreau_provtoolbox
e5d6e0e88267420d1a8949efc363ab2aad6284e1,lucmoreau_provtoolbox
e5f651b09a88b4bd7be685c9873720b64cbac7eb,lucmoreau_provtoolbox
e600a2e3ae8a50eaa96bfcb26c96167e0de0f25d,lucmoreau_provtoolbox
e60da4b58c34ffd631df0575d5d274602422ce75,lucmoreau_provtoolbox
e65c8b6853928ee33aeadd22098d84ed151cd7c8,lucmoreau_provtoolbox
e66fe3ba36b4ee9bf1f81b8ed596f5e4f71dc90d,lucmoreau_provtoolbox
e67203d12ab0203e150ce5952df477406eada724,lucmoreau_provtoolbox
e6881b0e7bf89923b228ac18946d7f72f5362c0f,lucmoreau_provtoolbox
e69645cc7b7479761f72f31f97e351b8730f17ef,lucmoreau_provtoolbox
e69c4542b5f8d8f3ca55e0c9b570b7904485bdd2,lucmoreau_provtoolbox
e6abc598e53bdd1a0a97723845c3ef0424f5f373,lucmoreau_provtoolbox
e6b0a392a43fd69a23dd1b628374e16ab1dafb80,lucmoreau_provtoolbox
e6bca3467f372eeaddb6bd028267076195f75271,lucmoreau_provtoolbox
e6c5505ea7e7bfce83460c6bade13c95ffde987e,lucmoreau_provtoolbox
e6ce85edd00b5a265f4be315b4626a7a16489d5b,lucmoreau_provtoolbox
e6d53505b5eedd14a5bb2bf5ad95d00a02e1c075,lucmoreau_provtoolbox
e6d59ce0804cad42b98561d1a0a8746275e5c1d6,lucmoreau_provtoolbox
e6eb6996d1751bb4c1d71c57a8741ecc4aa0c97d,lucmoreau_provtoolbox
e6f4cc93f2ff57854fabd18759ee9b9869904690,lucmoreau_provtoolbox
e728194a613a9bc9ecdbde821d37001d49624edb,lucmoreau_provtoolbox
e72fd4652e76353651906a963e3b36bbbddb7f84,lucmoreau_provtoolbox
e73a2f97b5818d48291483631c8d15e9e31cf126,lucmoreau_provtoolbox
e747e24ebe8f77a796fe613e2a7b07bbfa2f4cad,lucmoreau_provtoolbox
e7529e4902a64ab394d037bc76aaec79fdc1e107,lucmoreau_provtoolbox
e764518110375920532d5698c3b7f6ddc7ac1855,lucmoreau_provtoolbox
e76bd31c80a694b2b3a77ddd63e49eceb23eda50,lucmoreau_provtoolbox
e779f5944cf8fffdcbe2dc6845b0366c68fe66c8,lucmoreau_provtoolbox
e786572f84dc45b67eea39ccb4c769bdf3b1ff5a,lucmoreau_provtoolbox
e78c553747210af0383041f492e9c471fefdb720,lucmoreau_provtoolbox
e79bb739a6a203bb782a0caf10a2558f62ae8cd3,lucmoreau_provtoolbox
e7a1f550a149be0b013a5a6155b40c7b82334fbc,lucmoreau_provtoolbox
e7aca5409498e0c9e96b90d530ca4f702e975577,lucmoreau_provtoolbox
e7b2679bfa2250f4d4c61f949dbe82ba852f50bb,lucmoreau_provtoolbox
e7bc0b8df1ecfe4108f71d567b172073c3d08fa2,lucmoreau_provtoolbox
e7e447ca42b8efb8743eae0e456c176246faaa7b,lucmoreau_provtoolbox
e7efd291114071da4be502e4e9aab3a94733b15b,lucmoreau_provtoolbox
e7f5b8b8a8b4ee57c812e7a9e12664aebea00841,lucmoreau_provtoolbox
e821f67b9f240c8c68ce6e3ba9827acbcc3c5ac4,lucmoreau_provtoolbox
e8543c6b6c02b28410b632d654ec609b20d2ecd2,lucmoreau_provtoolbox
e85ebd61b113c864551d9f023a7538b2a414ea35,lucmoreau_provtoolbox
e868263a627331116a28282e40ccee33c5c3a977,lucmoreau_provtoolbox
e87188bd1b2c034923828f7da2ba5448b0bfd91f,lucmoreau_provtoolbox
e87a9cc256a7fe84c96c9bfd46f8c87ffd9e77cf,lucmoreau_provtoolbox
e87ad6baca643129b417bb596b8b1295d92ae722,lucmoreau_provtoolbox
e89c0dbba357383f30b0b10363485ec5bb255f2e,lucmoreau_provtoolbox
e8b15cc64d9ab9c73f40f06392964404e71ab340,lucmoreau_provtoolbox
e8b710995d92b6142d70dcf8ef2234feccb63118,lucmoreau_provtoolbox
e8f2f3c7e19fb48b260dc489d87b791fa5b47456,lucmoreau_provtoolbox
e905ed28ee76e02de4d30cdbfbf5fc74409f21df,lucmoreau_provtoolbox
e9207b37dd61d598f77d681686aa5153cb0d8967,lucmoreau_provtoolbox
e92ddc7f624769472c8e9087246aeaa1ccbe48d0,lucmoreau_provtoolbox
e937bd5b676e9cd78eaea428cd8bccc65d07c33c,lucmoreau_provtoolbox
e941e7809ccc3433549e4a3dcbdcbd57a9a54546,lucmoreau_provtoolbox
e94d5b22709a5c391d4cde54af91e7f218a41a44,lucmoreau_provtoolbox
e9515b0a300d75db5fc4f19ecb0d934e2bcebb8d,lucmoreau_provtoolbox
e968294e63aaf349d894568f604a743ece304ec2,lucmoreau_provtoolbox
e96f0291cc0b1ecf7d55ff3bd45c1fd78bfa3e94,lucmoreau_provtoolbox
e99d8c0e4e6ce4a370e1a5efeaeecfdc160ca8fa,lucmoreau_provtoolbox
e9bbe9926e6cd21f46d3492ca751698383817053,lucmoreau_provtoolbox
e9bde83d2d7257197270619fba8072c245805622,lucmoreau_provtoolbox
e9d54e6722e91c4b2c07b43202f021fbf82a003b,lucmoreau_provtoolbox
e9d5cb26808df1d0c39712a198a4bac77c08d0f5,lucmoreau_provtoolbox
e9db25d0fde3858ce44a9bdb1614de88d428a998,lucmoreau_provtoolbox
ea0245ddfbd17cc0931dd8f7536fbeb5a7cfb1e8,lucmoreau_provtoolbox
ea32244518f2c82dd627c486e125d001951fabdf,lucmoreau_provtoolbox
ea35e63351390c43bd0f2af5e8aa87f95101f736,lucmoreau_provtoolbox
ea394cb2b62994dde19a9333c94ba6b67f3351ed,lucmoreau_provtoolbox
ea53eea87efc17c726bd12dafc395e18b0caa474,lucmoreau_provtoolbox
ea54bf5707d29543211557cb6b9785e2e59aaf88,lucmoreau_provtoolbox
ea6548445e8a733c65c70ce769dce9a480ecc714,lucmoreau_provtoolbox
ea7140816c5f3fedbc11dce55e2faf5b36fdb637,lucmoreau_provtoolbox
ea960e422141fa53de2d9d60d04f25f1890225fd,lucmoreau_provtoolbox
eaa129e8e9a33db4dd7d7fd68a832110a128dc46,lucmoreau_provtoolbox
eaa1bccf4c7d5a992020a68850b4e8f861c9e3ba,lucmoreau_provtoolbox
eaae0311596103f6fcf9901fd6fa2cd2f3d7cb04,lucmoreau_provtoolbox
eadc4e3d9992aaabba77388cc677d86cb455ea11,lucmoreau_provtoolbox
eadeff6c5ef8506c020d59c4c6459588e0538b74,lucmoreau_provtoolbox
eae5549ac0b7498a8a814f1cf01c9a42ccf65207,lucmoreau_provtoolbox
eaef5ae48c0b7c0c07be2b4be440fd23aab0a17a,lucmoreau_provtoolbox
eb3241583504bf965a5befe9dfd21573da426b11,lucmoreau_provtoolbox
eb3662840edcb78ad004a1a6598c6e30c4dad271,lucmoreau_provtoolbox
eb3d090852c60ad3498a17e356256a5f71546242,lucmoreau_provtoolbox
eb5f97ed9a7127065c8347d24eb3b8c7e9f12b6b,lucmoreau_provtoolbox
eb67468cf0983575f48f83c8f233ed6ff9ec1218,lucmoreau_provtoolbox
eb70d568326bdfaf44b26785bb617fcb0f9051fb,lucmoreau_provtoolbox
eba7632b88618fa16c309db15985d8b9021975d1,lucmoreau_provtoolbox
ebae913fc92c63ce95adca5881981c738a378fc7,lucmoreau_provtoolbox
ebb0046c5d2037295ebc942d0b6c9c620d0c01ff,lucmoreau_provtoolbox
ebb0a1630fcfef49f387f9bea209a6a529543923,lucmoreau_provtoolbox
ebb60788d8feed80ff3e475bd5d6bced0045e277,lucmoreau_provtoolbox
ebe15f8e8a09c1a1a5a8efe78e0ca5f0f2b8c016,lucmoreau_provtoolbox
ebe24d1099aa784adb584f36a89dcb036ca2a8b5,lucmoreau_provtoolbox
ebef36e7c9b159bd7c10cb673cd5ce0881f1dfa4,lucmoreau_provtoolbox
ec0b28c6d2aad803d8b307e8d1c754d315b884b9,lucmoreau_provtoolbox
ec1a2cb21e6d66f687065427176211988e1c039e,lucmoreau_provtoolbox
ec1f88d6d488f47cdb84bd2c34f71e6d425c42b3,lucmoreau_provtoolbox
ec3acdb758a67cddd965b477d6080135f9162897,lucmoreau_provtoolbox
ec474f2d71ad6d19065762d5d4e8995024e84199,lucmoreau_provtoolbox
ec5b219778c26ae69c0be3199a01004c9b0fe116,lucmoreau_provtoolbox
ec731ad0aac9d17ae4b71b62f3b7582084ba555e,lucmoreau_provtoolbox
ec77e9d453c272f87d03917400624324e610471a,lucmoreau_provtoolbox
ec8b35cfc1d848cdac44db5af8a989f443eb1c87,lucmoreau_provtoolbox
ec937d6fa5f86b786ca4172159ecf2820fc3c77d,lucmoreau_provtoolbox
ecaad1ba19b9de5f6d00cdd93e67875155c544c7,lucmoreau_provtoolbox
ecba2893e71ce1b3a9c502328005c3bb18d29ea3,lucmoreau_provtoolbox
ecc5a66e47e93684a2162ffe152a65f2c05665c2,lucmoreau_provtoolbox
ecd2b80c6d873e711752dac7faabfb72ae16d30e,lucmoreau_provtoolbox
ecddf2c64d3560acc042cf65a62396279f81f653,lucmoreau_provtoolbox
ece06d64c982b73dd09956d5367470c05e463e1b,lucmoreau_provtoolbox
ece3173f84bcdd475670bdf6784426d2caff9e0e,lucmoreau_provtoolbox
ecf32fa60f63ff0163c6e817a4c2c2ab98a4ae63,lucmoreau_provtoolbox
ed06411254cc21092e95ddf47c370ff44203a407,lucmoreau_provtoolbox
ed19ded273575492e7b39563844249baaf964344,lucmoreau_provtoolbox
ed46d261e88b515278ebc4abfa476dbb8f2b17b2,lucmoreau_provtoolbox
ed60a41f1f92df86348eee3050ac3b6e9a8d9190,lucmoreau_provtoolbox
ed86df2930ec709a53b850bd5ef1e12065c0f6bc,lucmoreau_provtoolbox
ed9868603eb92efe1860d0e1f12205d760a9e071,lucmoreau_provtoolbox
eda5f5556988ffc23a6b96c96c1f08d2c52c1f7c,lucmoreau_provtoolbox
edb777ba7f6427a8ec001c31f1f2f210153199f9,lucmoreau_provtoolbox
edf14641213674ef6bd1d12df1677cb4e8d1bf74,lucmoreau_provtoolbox
edf87618e65c17793fce89325c1bfb578fa22390,lucmoreau_provtoolbox
ee0ab2b84ab498452a9115a7cc6496579864f77b,lucmoreau_provtoolbox
ee60f618e276643df0920f8b958852bee1d5873b,lucmoreau_provtoolbox
ee6bc8fc91897042abc4bd409c04b2571e6d9299,lucmoreau_provtoolbox
ee71fce12a5174103145b9a758f310bb26dbfd9c,lucmoreau_provtoolbox
ee73afd682491c83309ce522890280ee6991eab0,lucmoreau_provtoolbox
ee8d56fc97c10e46eaebd20d3ed3b72446d68b7e,lucmoreau_provtoolbox
ee93c2f706a883620a1955517904fbefef2a08f8,lucmoreau_provtoolbox
ee9902bf82a0d228dfee1b4b10a7a5838948afec,lucmoreau_provtoolbox
ee9e1c85cebcf2bc43fbfe2f3aff3814860e3c5e,lucmoreau_provtoolbox
eea246eb62bc9c6a087aa9d86c987b7794a36096,lucmoreau_provtoolbox
eea609442c2f8bbb2c5746ef3c60ed97de57228a,lucmoreau_provtoolbox
eecda645a7798590ff7c0352685980e622780b93,lucmoreau_provtoolbox
eedc0f455470a773579e46abd7bfc6f2acea4d5e,lucmoreau_provtoolbox
eedd7a9d23322abae2a28982e8df16d154a894bb,lucmoreau_provtoolbox
eeea0a6c539e6c261bf722571db39cb83caa91e4,lucmoreau_provtoolbox
eef1e24a53bfc908f520dc4712c2d6cf9484c64e,lucmoreau_provtoolbox
ef05c9722a286b33fd337ba13574b245cf5adcd0,lucmoreau_provtoolbox
ef0a47391c1fbe61d2dc939cd6ce6930b99f95ef,lucmoreau_provtoolbox
ef0de77aff89893e3a52207c084becb2cf3f4fad,lucmoreau_provtoolbox
ef3a6e9158c734af3007e03cc5dfd0b3065a6e0e,lucmoreau_provtoolbox
ef3d4c62e8c67e4818896a3dd6183266b4e167d6,lucmoreau_provtoolbox
ef5f2bdca7abbb52923fcc0450ab262842a3e646,lucmoreau_provtoolbox
ef6503ab8521e0a115a75cb4c663ed82021f2d50,lucmoreau_provtoolbox
ef65aae591c5e9e6fb2dc17f90c5f4c75cda5e58,lucmoreau_provtoolbox
ef878c5e39c2c5900de1675ac7b508740020a0d2,lucmoreau_provtoolbox
ef8b9f6a377f65841a3f390ddafeeff9716e618b,lucmoreau_provtoolbox
ef985c7dd5cfaffe66bbb3aec7b2424af99c7e24,lucmoreau_provtoolbox
efc22cda7e7fb49935c47afaf26ab8b7cf5efa0e,lucmoreau_provtoolbox
efe8cd117905b648e4626e8079303b19e69f65c3,lucmoreau_provtoolbox
efebcc5a8f66a91f60075600ac58fe4267c0db93,lucmoreau_provtoolbox
eff1596b2d3ace527395346016cf3516ab16fc18,lucmoreau_provtoolbox
eff8cebd1c195cb2b48206d072de8c30d12465f2,lucmoreau_provtoolbox
effb8ee643936594ed6a8422bb2cf926b7347934,lucmoreau_provtoolbox
f014aa52a8d1635c637429480ac145dedfae0207,lucmoreau_provtoolbox
f016e9c007ea374b57283e2ff35f64ba32f18fd1,lucmoreau_provtoolbox
f026077dda9485bb902b3f1b9c10c2294aca8898,lucmoreau_provtoolbox
f047196d5a455176f94e7717012baa8383eb83f0,lucmoreau_provtoolbox
f04ff5f8d3f74caaa624478e6e97d2a014a85f1d,lucmoreau_provtoolbox
f052f032eff2793db134511258ec1072848049cd,lucmoreau_provtoolbox
f07fd08209586399a0c827db757e0f25e7565151,lucmoreau_provtoolbox
f085c973bf9fc346701ed443f98a5cad708ab544,lucmoreau_provtoolbox
f0ad2a0515e4c9d8f41a5fe4dbe1be2fd980dcbf,lucmoreau_provtoolbox
f0d9760c54286ca766da4d704c5e1037b6e52c05,lucmoreau_provtoolbox
f0f51d3839587c0e11d6066088dbc3ca9f360486,lucmoreau_provtoolbox
f1243405620620c7f2db66025e98c2f046e6ac4e,lucmoreau_provtoolbox
f13c1b880d8d1addd4e09805a9faf9ca774fd529,lucmoreau_provtoolbox
f14cf45267eb299fd7a87add2f874f47064f5b35,lucmoreau_provtoolbox
f14f20a90b436151ef63531d1ef183e0e4a2cd1f,lucmoreau_provtoolbox
f1557f89969aa76f8752ae992af1e0b2428db891,lucmoreau_provtoolbox
f18fb07db456d77c684561de44400b30f6a7b682,lucmoreau_provtoolbox
f19ee1a24b6392110ee2d7b9102dc5090dda94a9,lucmoreau_provtoolbox
f1bd33244a51f8b5f8607da9bea81faefadf2862,lucmoreau_provtoolbox
f1db392c24aefda684f36af684c26aaeeba98789,lucmoreau_provtoolbox
f1ef6b973fec130c59e83bb3a6b8ff45b8b7aedc,lucmoreau_provtoolbox
f1efd445f1ee4e721779ee05341b459253a4e36b,lucmoreau_provtoolbox
f20a5273c10dff235ef656d45a2ac9ed504a199e,lucmoreau_provtoolbox
f22c50948fdf73aa019797fbf790429c74c782ea,lucmoreau_provtoolbox
f22d3808d878bfeb10fd2eb6f355cad0a8884855,lucmoreau_provtoolbox
f24c9754a68ba00b6ea7ef81a313083be936734e,lucmoreau_provtoolbox
f2507bcbc0e0c67583a1793028c85fe881a29d5b,lucmoreau_provtoolbox
f256d9165da0c83e10513b62e0e36ba3c2002115,lucmoreau_provtoolbox
f27ceb2e138b3e854e504a4682c8fe392b8d96e4,lucmoreau_provtoolbox
f2bc263a8a08622a9122b63b1b37fda23cbd8afd,lucmoreau_provtoolbox
f2bf641fa7f45b2f4f682708e505bce690c810dc,lucmoreau_provtoolbox
f2c27da6b95f8136a6bb1ed7f42b07e5a24fd4be,lucmoreau_provtoolbox
f2dd4ddd57929af0d21c5de021fe12bc1a2bd8dc,lucmoreau_provtoolbox
f2ec0bb8d7937efd8df09203c0fb0c9e32f29b38,lucmoreau_provtoolbox
f2f38e7872272ad39b8310830bf36f41c8170a08,lucmoreau_provtoolbox
f2f91daf206ff049a40daedb1efb53801a438803,lucmoreau_provtoolbox
f308a8599e7a4c16eda6f3c44a295a3adb6094a1,lucmoreau_provtoolbox
f32b7ae7b7f7424286e0d8a3359e7d26bbe336d6,lucmoreau_provtoolbox
f34247f02841abdd186cfdf03a5185f31404a51b,lucmoreau_provtoolbox
f34a21f2d8172aa6ee5e52ee729e06f82d8c3114,lucmoreau_provtoolbox
f381990e7dc12a18f77247dfb37f64466fecf86a,lucmoreau_provtoolbox
f38d1a0ef0c71aac763ec0632fce721dc2d1c14c,lucmoreau_provtoolbox
f39c0a02960cae71fc78e7e4a9310aac328c6318,lucmoreau_provtoolbox
f3a893f8107415ccb17d19d79bf06988cae004a4,lucmoreau_provtoolbox
f3abbee6cc950ceb13caace32d4322bc4249043d,lucmoreau_provtoolbox
f3b5b2c61266d64276ecf20d7c1273473ae7e69c,lucmoreau_provtoolbox
f3c36d38ebf9e09e19e7fdaa8448c04344254938,lucmoreau_provtoolbox
f3e05f5cddfa9bf97901ff7a8e2becfef596c1c3,lucmoreau_provtoolbox
f3e2f8c2ce873fb98626b0d02c962b41b9e98c15,lucmoreau_provtoolbox
f3e932ba64a0086ebd91c72e836e8c951fcf4291,lucmoreau_provtoolbox
f3f46b84a026f19a872647e32038eb1995802ad6,lucmoreau_provtoolbox
f3fc8e23e6930e2d9d650036aea9adda0103f098,lucmoreau_provtoolbox
f4134b37c950b2c366111eb09c492be502accd7f,lucmoreau_provtoolbox
f4150923892a11828e34f8dd11bc730bfca3dbfc,lucmoreau_provtoolbox
f46396c4881fa83698354c2b2eeeb9eaf34fc6c2,lucmoreau_provtoolbox
f483bad858c35f5174d7e39915350c9e498b33c4,lucmoreau_provtoolbox
f4a74afabe42a6474e56424416f99dcf2f89f418,lucmoreau_provtoolbox
f4b08d6aa3bff02ca1150f5e25432303186c9ab5,lucmoreau_provtoolbox
f4d07a1a17a90ca855d2d52891f49ae213da3e44,lucmoreau_provtoolbox
f4e5a81a3c3502cddde8d92637fc2f5cab422a80,lucmoreau_provtoolbox
f4e7a807b64e4cb241ecac47b138db73d48e3bf4,lucmoreau_provtoolbox
f4eae797d67645787ed22034e9b1e5df385d2e9d,lucmoreau_provtoolbox
f4fbffb712c704f650c10137f686d9b95de7440d,lucmoreau_provtoolbox
f4fcac4785f693cc1c841ffef0fb71ecc08dc181,lucmoreau_provtoolbox
f505af7f41c24737ff99e07b33c316fc4d8be335,lucmoreau_provtoolbox
f506dfd475b501b956224b777d2dc3f677a19951,lucmoreau_provtoolbox
f517aff485b5b99eac8a4177d7a1dd02c4e18c27,lucmoreau_provtoolbox
f51adbb2daa64cfe4f62ab0dde5fc326fab46a0f,lucmoreau_provtoolbox
f525f3833bd0643860e5cdab850ac0d721ee91cc,lucmoreau_provtoolbox
f527a0c562a5e65cb52969706770ddd6153e5144,lucmoreau_provtoolbox
f532d8926072ab444f6019c8c8d8e549f9d19c31,lucmoreau_provtoolbox
f53ae8f9b732f734aebe8976972d638bb6700e41,lucmoreau_provtoolbox
f53c6e1999bae71d939e4fc8dcd09348cf53adb4,lucmoreau_provtoolbox
f55c999ca8be1550a35fe2909b868c6370bf175d,lucmoreau_provtoolbox
f566165a739dab2fe66c0026509c4bc82359a1eb,lucmoreau_provtoolbox
f57feb5b5887f7a070f3397baa26ce670a36ce42,lucmoreau_provtoolbox
f5b779e642ac02aa911ec071870e2a03061b0d65,lucmoreau_provtoolbox
f5c32b2428535af67b9a0e65c7c9ccf499a88663,lucmoreau_provtoolbox
f5ca277b2f5d7e179ce2088fce2721f327de5f4d,lucmoreau_provtoolbox
f5e02b710c23579d3193690bfe117e4afb7a6cb7,lucmoreau_provtoolbox
f602c0f6e3171384e9389435db125629c77ee000,lucmoreau_provtoolbox
f63fb1c4a0723cc74b2b5c4e1b3345c3c6eb58eb,lucmoreau_provtoolbox
f643c81ac5780e4a34f927a060d1af093d0e7e94,lucmoreau_provtoolbox
f65444099e101ef95ed3cbe0fd5b69bde865e6c3,lucmoreau_provtoolbox
f6937bfd5cd24c67b90e85184902ee14931b0b0c,lucmoreau_provtoolbox
f6a48b7d740415af8e4ed6ba8de8f3b78e599a7d,lucmoreau_provtoolbox
f6a994c68b3d682c5738e45e2e32c2f5221bf8d2,lucmoreau_provtoolbox
f6adcde4ed5f5a8e3ed330e8c8563b919ba2e36a,lucmoreau_provtoolbox
f6af95abec397e7cea33878912a6418de362253d,lucmoreau_provtoolbox
f6c07d9fa42726aa8e1521c0904f4758acf6dab2,lucmoreau_provtoolbox
f7040eef58890be7edbeffa9e0034b9401f02fde,lucmoreau_provtoolbox
f7044953bdd64261a32995b3b84e13196d7cfd19,lucmoreau_provtoolbox
f70a2cfed3f84ba154f28add0be2ec9cc7d65d9a,lucmoreau_provtoolbox
f7255ab98231810a5d3a47b47f8c29e90ddf3108,lucmoreau_provtoolbox
f728343dfbb8face18487a5f24ab22b0663952ef,lucmoreau_provtoolbox
f736b857ce3328137dcfa0072554cc9193d658cd,lucmoreau_provtoolbox
f73e262103802dab4391cc65f0d870ea9301d6a6,lucmoreau_provtoolbox
f746dcffb9dba3dbd251d3e9e9aef3d117ccd635,lucmoreau_provtoolbox
f7655adcbb6a27e7d294c7e04a1890bfe1921a27,lucmoreau_provtoolbox
f768fe219a0d1f666974b5ac8461445ce6bbfd26,lucmoreau_provtoolbox
f78dad72146a9005c64beb47da5229604476bdd4,lucmoreau_provtoolbox
f7a90f59d6bcd6d0d8dd6ffdd0286dd670d81627,lucmoreau_provtoolbox
f7c6f555cd4c3cf25c97e024582eba36d9bfe418,lucmoreau_provtoolbox
f7cd3ef4f4fe4c10b6c8bffab138995b390977fb,lucmoreau_provtoolbox
f801b294d7df5ef56a5d9b5850a49ccecdf3feb9,lucmoreau_provtoolbox
f8213a8062027ac63cf61d539dc95dae3cf152a2,lucmoreau_provtoolbox
f823ca53b9907e16b80d934e41345f912c445c3c,lucmoreau_provtoolbox
f824044f5f5a04e3350c44dd5526b7e388b238a5,lucmoreau_provtoolbox
f83b991cbe26e409d006810e68c6d7824ac77ea5,lucmoreau_provtoolbox
f846d7a2dc4504eba96ff66aa608e42f0445ee82,lucmoreau_provtoolbox
f85e8d8e1cfd138c9444ceeb4396b47103198afc,lucmoreau_provtoolbox
f865952868ffb69432937b08728c86bebbe4678a,lucmoreau_provtoolbox
f8706a8a2b4208cfbba362e0b791625dd0943e7a,lucmoreau_provtoolbox
f8856e5998ce04016a34968679a3cef4dfc6003d,lucmoreau_provtoolbox
f898c18fe7a5d06dca3f5c229f4b9a7c6872b97d,lucmoreau_provtoolbox
f8d9fd95aebfed3922b394b49e7dc8ac5b181b0e,lucmoreau_provtoolbox
f8ddd8e169615c8820bb6a4992d6b073127e140f,lucmoreau_provtoolbox
f8f693f42c3846de626a30eed2ca862c38a00409,lucmoreau_provtoolbox
f915a979330a7896c1541a32d5cd7a96b44b9271,lucmoreau_provtoolbox
f920796d76a746aebcd80f4df5ff94f8907962b5,lucmoreau_provtoolbox
f92648d8a5b5789572d5bb93183535537941f968,lucmoreau_provtoolbox
f93acc1aba3188882776f43c21922a51d0db465a,lucmoreau_provtoolbox
f969a0058279b75bd2323e7213aac0868648aa64,lucmoreau_provtoolbox
f97770446511ed1f4511b039e5b61f174b23bb84,lucmoreau_provtoolbox
f97c63fd2008cfca167146a846d27e8b42530ed1,lucmoreau_provtoolbox
f97d9e4a52e628fdb286bf3eec34a72deeb74606,lucmoreau_provtoolbox
f97f15fb9c5f38bafd690d4144ebe135067cc993,lucmoreau_provtoolbox
f988627e66aac7a52cba5307b8e3f2344073bf03,lucmoreau_provtoolbox
f98d8f3d4b7061e9d2a147e8ea165337ea993ca5,lucmoreau_provtoolbox
f99aac5e717bc0c41939b78ecd3dde872350efbe,lucmoreau_provtoolbox
f9b025168f931518ee9136aca72a293c349c5867,lucmoreau_provtoolbox
f9bd883ab4742bc6dde7539c323e49e145c69d25,lucmoreau_provtoolbox
f9cfe39bafd8f846317695695be87bafc18bf794,lucmoreau_provtoolbox
f9d657c2a6c265bc8cc0f66c200068568d226103,lucmoreau_provtoolbox
f9f78292f10bace7616da708e3170450819f7c02,lucmoreau_provtoolbox
f9feb72618856d8dc0bd3944850802193b92fe16,lucmoreau_provtoolbox
fa12a17e8b38c018c7c22adb792ee585bb80d693,lucmoreau_provtoolbox
fa138c6713a2669203e94e0d7edf530196b7d99c,lucmoreau_provtoolbox
fa1734cc28c9ed02d84211ee170bd46f60464ffe,lucmoreau_provtoolbox
fa4a9175c6271d59c0c93c705ab76db6e0e53153,lucmoreau_provtoolbox
fa5a78d0173dba6f1a07fdf4c3b03b1884eb4f90,lucmoreau_provtoolbox
fa68fdc569c629a84350495b81c2072e4b220356,lucmoreau_provtoolbox
fa6b9d6b9aa295202e00855b42d3d7025981b504,lucmoreau_provtoolbox
fa91fc4c403a591f9301c6d99db6b6677382522c,lucmoreau_provtoolbox
fa9d70b8ccb7abc70d186c9354f3167c81a0f38e,lucmoreau_provtoolbox
faa88318c91f27e2c32d157e5982c47bfce1e79a,lucmoreau_provtoolbox
faac33c83bb85e02f9fc8593a6dd39a00189e54a,lucmoreau_provtoolbox
fac280288e736e35d5c1e7465e25b0f94d8cc905,lucmoreau_provtoolbox
fad30421e56da0c7891d581eaa916db25fd3e6d5,lucmoreau_provtoolbox
fadd68cba75c6927050ed3dc221a3d5ec363783b,lucmoreau_provtoolbox
fadd9ff2cb2aa9e4fe9fe344691ee827431660cf,lucmoreau_provtoolbox
fadf6195ca8e9081b2ec64c5a86db394ec682ef9,lucmoreau_provtoolbox
fae309dd9ce981d550e9580d32d26008af73abca,lucmoreau_provtoolbox
faf1430beeda49d4384f534037e63c7adab47298,lucmoreau_provtoolbox
fb08ac5b4cda1f28334c6a94b6dbbb18dbe98112,lucmoreau_provtoolbox
fb0ec14e8cae5bf722ec4aec7e1963ef5ec34e02,lucmoreau_provtoolbox
fb11309434fe09474ec150bd6f5d3fda5422870f,lucmoreau_provtoolbox
fb1db262db0ccb7d6ef47f96eef73f584d1780d7,lucmoreau_provtoolbox
fb1f3ea42337ed502b3ce9bac5631b55f68a2687,lucmoreau_provtoolbox
fb1f78d1866e3fd1473b86a70baf273e4377f9ef,lucmoreau_provtoolbox
fb52aeea98ee39e2a3ce6c19c9ea97c2a97ca803,lucmoreau_provtoolbox
fb563cf53a7adf0b9563caff0679b729c8900867,lucmoreau_provtoolbox
fb71b5b6aaa409a1ecbddf143d1c4a215f9ea3a5,lucmoreau_provtoolbox
fb794cfba4d8e966395683961a54b55cc64b57b6,lucmoreau_provtoolbox
fb822073630a280f0123f9d36ce669ff8c6283e1,lucmoreau_provtoolbox
fb8b8c2d5a8992975fe8984cadab271303af5f62,lucmoreau_provtoolbox
fbb5aae117a4922aa1c88f5fb1671cefd563717a,lucmoreau_provtoolbox
fbbf2e28e6b26a4ffacb6574030135d0f201b449,lucmoreau_provtoolbox
fbf7bf0fb3a63a853d2dc8b9098873c374f6fbcd,lucmoreau_provtoolbox
fbf8637825a4b672b3471175d2cb069b7a16f923,lucmoreau_provtoolbox
fc4c7f13721c21742a00e20dda83fe1a71b0a9a5,lucmoreau_provtoolbox
fc5aede465c6dff13ebb23296e53867cae9ca955,lucmoreau_provtoolbox
fc81305085288ea2aa7eff0e79c52f29ef59ed43,lucmoreau_provtoolbox
fc9533f14fced9a3909b980acfb11a527e3ff8ca,lucmoreau_provtoolbox
fca23cd248348db993b9f0d82194d7acdb5e42dd,lucmoreau_provtoolbox
fcc23a7c613bd025af1b8dbeefa8bbb84afb4381,lucmoreau_provtoolbox
fcf1c4b76b77a6d7249042a849e880c00cbe8822,lucmoreau_provtoolbox
fcf4ba36857071d97526c75d5e88dbcd0c0bad2e,lucmoreau_provtoolbox
fcf6e1dff6890353d201ff540264cb7d2ef8ee0c,lucmoreau_provtoolbox
fcfa15112c9b1432f89115a763113f8ea34b5f92,lucmoreau_provtoolbox
fd2b5c8bce7909be543d2af3fca91f4ea44b230e,lucmoreau_provtoolbox
fd34a660d23b24afe6b3d935645fe610082feb11,lucmoreau_provtoolbox
fd3e731639890e33f250a15aef6a14edb701b0f8,lucmoreau_provtoolbox
fd4c06a4de1bfc6b6f86d7c5adf407637e60c4e0,lucmoreau_provtoolbox
fd512f7e6aec66e2d53f89415d51108e6abcee01,lucmoreau_provtoolbox
fd5540105556674e230e8ecbf2d45bdfeeab944b,lucmoreau_provtoolbox
fd7caf1cad9ed716b111b5e29151d092422dd4ce,lucmoreau_provtoolbox
fda05e515195ec13a6d6b79523120d05a6015ea9,lucmoreau_provtoolbox
fddd715787a32553e5840ce5d7a741d5f083096a,lucmoreau_provtoolbox
fdedc63b1b90ff56a44517dfd86dce326ca65bdf,lucmoreau_provtoolbox
fe00bbbaaedc0381e8ecb89aa1be08df4bc70931,lucmoreau_provtoolbox
fe128f40eb41e50903c1a5539edc1fd6936c063e,lucmoreau_provtoolbox
fe148ecd3e436e1bc0e0bd01e512909d74b1d8ea,lucmoreau_provtoolbox
fe1ee4d40ede4922f02297ad92bc3cefc47dbc23,lucmoreau_provtoolbox
fe43e7d4235adda75af62ccf960f0c43a7260796,lucmoreau_provtoolbox
fe49fc678cbb92805348bbf7fab823faa5f73ff5,lucmoreau_provtoolbox
fe54c1ae0f528813f09729e1de2590fce244d021,lucmoreau_provtoolbox
fe65566d0291df3371f10ba310c858fbad636ed2,lucmoreau_provtoolbox
fe65ce8630848b630ebc3d20c52a5b314c0e7e50,lucmoreau_provtoolbox
fe8f0a747660fb360ee0e39d0d3f279faea4d983,lucmoreau_provtoolbox
fe947615ef682a5ae81167a1543256e2c6866a10,lucmoreau_provtoolbox
fea889664f21b58704c67994eb494458d843e189,lucmoreau_provtoolbox
fecd58a9d7cdb312bf26d5727be8db133b9799be,lucmoreau_provtoolbox
fef70740a53af28a98846f5371efd9f892983d81,lucmoreau_provtoolbox
ff0758c9fc5936febdc803d6f3b67d04c9f447ad,lucmoreau_provtoolbox
ff152c1ef23329c1ab0ac35481d273c372c88d25,lucmoreau_provtoolbox
ff42f405e39dae553215ca24ca16bbb560e6a8af,lucmoreau_provtoolbox
ff49f8a95f16ab41174fa13031dae1bacdeb730e,lucmoreau_provtoolbox
ff4ee3e33d0fb9a68c4654eea5b2e3e767405d06,lucmoreau_provtoolbox
ff4ff68bf13adc5381488c308d68f3a48a191040,lucmoreau_provtoolbox
ff56a71f2497486412c9e3bf5b25db1ebac9e7fa,lucmoreau_provtoolbox
ff76f5088b7b4cf28da1397a8630ff45b2276a57,lucmoreau_provtoolbox
ff7a22549f463782701d1202c1af5d4c797b4c05,lucmoreau_provtoolbox
ff8e37490902f57ea0cd93051bf5ea328239fc53,lucmoreau_provtoolbox
ffbb0943a615e8e3b322230cc690a9b6921eb249,lucmoreau_provtoolbox
ffbfa3469f097d93226db5963c7e3ef02d29ae10,lucmoreau_provtoolbox
ffc62aeffb46049ad89bd639ead26d659c4c566d,lucmoreau_provtoolbox
fffca8477552b0325b754b61be1790ef8551f039,lucmoreau_provtoolbox
006e9d4e54f89ef6ec6f88528f68226d2ef90209,autodiff_autodiff
006f48c98c9e35e91a10daa2544fa4755cd1d4d8,autodiff_autodiff
00b4c9ee9f3c1a985fd006f32576988f5af01729,autodiff_autodiff
0162ef49393b7467ceab2217017652d0fd96c120,autodiff_autodiff
01895a277515066c96e6bc967d99231cd52c83b9,autodiff_autodiff
01e5d16c52317274f1a076984cc81c8aa3ca4baa,autodiff_autodiff
027dd11ba0f319ec12571c8818258ab5df1ecfb5,autodiff_autodiff
02811dcef570b5c37a4a5d6e255bf994beea2938,autodiff_autodiff
02829e916e7737dba2c0037b33b28efd7a48f7b7,autodiff_autodiff
02aba6b618e59e89dfc87933a6f587aacaeb11e5,autodiff_autodiff
0347d170adf4679e34082b02f32fc492584936f4,autodiff_autodiff
03b7cb5a596c591c49532a3cbab18ab58d26ceeb,autodiff_autodiff
044a9eef6f0dae9b9a0266da568e23ba256f288e,autodiff_autodiff
0453137365fca7ee64c822d0ac98c28ea433e0ab,autodiff_autodiff
04727a8e71744986f29f5dcfd4df543394580953,autodiff_autodiff
047b9f810161acf3d3512b824bf2fc2f5352c3b6,autodiff_autodiff
047ec8c8add3ffde220466071091a581336fa875,autodiff_autodiff
04b6a25b7d1e66b3064fc0fc782b501df33641ae,autodiff_autodiff
04dec8fc00b95099d8d4dfe165672857e8603ba4,autodiff_autodiff
051bb236204f0b9a8595d66048d42debdc0fb5de,autodiff_autodiff
05254412efe4d3467c7974a73cdf8706e4844e8a,autodiff_autodiff
05a204a7a3c97af8e83572e9da73253ef434f943,autodiff_autodiff
05c6410fd9d8c1f3e059820068264cf9ba4010d8,autodiff_autodiff
060193aee2a926922b80b1da2cb085aa24cc19cb,autodiff_autodiff
06640beb1bf28a0259a22151fe6d98e4d5dc8b0a,autodiff_autodiff
0673ca250f6ebefa8127f02717331519aa9194bb,autodiff_autodiff
0693841ec57afc2fa293dfedf8e0dea63ee86a52,autodiff_autodiff
06d48a95f774445dfd60888c12e6cd42aa7f1c0a,autodiff_autodiff
07addfd5536a16fcddb00a1dd8e0ac7d0b0072b2,autodiff_autodiff
08004bece9d1a72b020d01f82e033daadfcb3bf7,autodiff_autodiff
081f6853bd32475ab9243765e741f963e4c9d24c,autodiff_autodiff
08bd70a975054fd59b3ad925980ab5e1cfb670e7,autodiff_autodiff
08c17e7ca032cbbc6ff86f0972d8974c399c0d40,autodiff_autodiff
08d06a6963db148a681e63d05dfe91636453ff5a,autodiff_autodiff
08dc384b69b5bf501facbe354e79558d2bfacd19,autodiff_autodiff
09037ad4bba00cede01dc98cc771a1aa21c27bc7,autodiff_autodiff
09da45f08003ac539551a487e77de8a9acaa6960,autodiff_autodiff
09da69339802d54bb5cf634a3faa30a24fd648be,autodiff_autodiff
09e02d81c1ae445018e52d652767afaf03577767,autodiff_autodiff
09f9f311ef05f9e9030ccaf2de1b3f3f8199cdff,autodiff_autodiff
0a6b966cdb239d3a1c1f7b1a942661160088f022,autodiff_autodiff
0a78e38b123921fca718ab66a07142640013148f,autodiff_autodiff
0ac311e3dbc96cba279981f44fc473d94fcca182,autodiff_autodiff
0b340bc8f8f7b3b7c4ce242a51971831265191b5,autodiff_autodiff
0b349baa05ced5bf4a14c08f279a5103a8636e4d,autodiff_autodiff
0b5c01acabac5d4568852a0838bfb0ce06a02960,autodiff_autodiff
0b6ba8f39323aad9625176e3c4aa3cad71717734,autodiff_autodiff
0b78bd1f706a09691227e22cca546960e56d793f,autodiff_autodiff
0b7c718b3dd60e8de107c08a6ca45e4a1366cb95,autodiff_autodiff
0bb7d30a515ac11eedd7cf41d7a0afea2c16d052,autodiff_autodiff
0be5930ba317936b2fe75e3ffcff15bbed78bffb,autodiff_autodiff
0c1a1c2bc612e8f8f0ffc9edb46a6a1326874699,autodiff_autodiff
0c7a2d80128ac0a8d72893bf51b23d840c29c497,autodiff_autodiff
0c8d85455c4d4eed6ee6595bf1c753fb7477a021,autodiff_autodiff
0caa0aa107f64d6936eb249f0979f4f98abdafeb,autodiff_autodiff
0ccae137af16249b6bd0506e54d261129295392e,autodiff_autodiff
0cdd012a48d564db604b23858a6546c5fea35dc7,autodiff_autodiff
0cf25d8feaaaf0c35d0b7eb6f59b1f3c98360e4d,autodiff_autodiff
0d09b1f4884d338419cf897988001788392bd5da,autodiff_autodiff
0d11c477b71de56d8cd7851ebb4d4742d8e8325f,autodiff_autodiff
0d4d79d4c3e052a0ba39f6b012fbf4bed4ac584a,autodiff_autodiff
0dc10ed699dabc41bfff050538f4e289c85c3fdb,autodiff_autodiff
0e119de1195a8841d5ce054a4d4aa940d1fa5e63,autodiff_autodiff
0e9b74c352f3b6ac729d0ddfdfcb94dd4087618f,autodiff_autodiff
0ea87023ad2fcf631cdac2e7fde487906e2c3073,autodiff_autodiff
0ec1be8bfa0713f04cebacda8c814e057a2b1900,autodiff_autodiff
0ec5e66210cd70e4fd6d2fa42523989024ca55b1,autodiff_autodiff
0ff95124a532adb94b1fc694f56d8570d029d31c,autodiff_autodiff
1021c67d58cebcb2a031e9c809af15e76506cfd2,autodiff_autodiff
10d65a844bafee1eaa2c7eb23c933c2a768226e2,autodiff_autodiff
10ef9a2949708e3490d5a99cfe97e244f5d0b7b4,autodiff_autodiff
115af17118f3dfab193d6c0ba619dd8d1107341e,autodiff_autodiff
1163972fdedb8e057c85ef54cdc38d0e7cf85f56,autodiff_autodiff
1181b24b16ce5e4374e36771a2910af268e69679,autodiff_autodiff
118afc50e4047cc53f0a78c3d6386ebc1a85fba9,autodiff_autodiff
11905b1af1275d3cf7a961fa32120be2852de41c,autodiff_autodiff
11c32c0260f55dbe971eee6e03a1f7341814a9e9,autodiff_autodiff
11dbda59a3828770ced13b7041a7be7c0f7a354d,autodiff_autodiff
1230b9a2bec6bec28f98931383a46b0c990bc035,autodiff_autodiff
1237196bab8675374beb365dc5563c83bbad1f05,autodiff_autodiff
12a1bba83b8b6c361aa8b0d7d332b149a8fae260,autodiff_autodiff
12c1db84da29626b3de9407102bcf49401c88cbe,autodiff_autodiff
1308f7e1822e896c7f3933d03e307e81534a23d2,autodiff_autodiff
133b92f86610adb7f6e9165b05cd1f131b0c159a,autodiff_autodiff
1344ce9c163311bfa6ff5d39808ce397be32f1d9,autodiff_autodiff
1348e1f0c8d63e0096475761d130b60c7a4152c7,autodiff_autodiff
13a6a9e8f2fc376e566f74d72791188b4c98024b,autodiff_autodiff
13c5a01afc7ca38bf07afaf1abd0c1f5c9aa59f7,autodiff_autodiff
14107585caca7e55295a674283113a60b17f29f0,autodiff_autodiff
14192b8ad7fffa218878cd4dd88755c9f57a4d80,autodiff_autodiff
143b203f49c410ae68529055789ac87b7d56a448,autodiff_autodiff
1474b2f643eb6a085578f2c0b3dc5fd9594fe335,autodiff_autodiff
152d5a55f610d46388b38a18895453e06be77094,autodiff_autodiff
154633eb55a43d87c89da237924138963e7e56dc,autodiff_autodiff
1576261012286faa227a3b5b31894b6ec9996785,autodiff_autodiff
15a336bdb58079ccd3863a508a8a148f21c54a07,autodiff_autodiff
16a5c4904559016a8464d2b049d4801730a19bc0,autodiff_autodiff
16b7bd608d9f571b7502a9590ef6e7ee88de68c2,autodiff_autodiff
16bfefbf0b0b9f47672fb89632e1a7d6229a31c9,autodiff_autodiff
171d6aad6ccfbfcdefcd397dcd111b1417e77d62,autodiff_autodiff
17f4245f9473ad2f7876090b61d4c3496eaf0a92,autodiff_autodiff
1804cb84d9e6904d90b05bec32c25a44fb2119fb,autodiff_autodiff
1830afec54eaae58b72aadb159f268c7f0d03fdf,autodiff_autodiff
1848bd3bd24496bbd965ebba556a46a61b3a5c43,autodiff_autodiff
18772a2536c120b50181f56977e69ac6a6685a65,autodiff_autodiff
1899324a3388ede3c6eb6d52fee0f0eeaac127c8,autodiff_autodiff
18a3f8dfb49dcf167cdf4581f8fad50492d3587f,autodiff_autodiff
18e6c2b135dd246068206f5576916dd7bc90e658,autodiff_autodiff
18ee63ee76ffc08a807d449c459e07c32226dde8,autodiff_autodiff
18fac03729ded7f3264b77287fe471df56ff72ed,autodiff_autodiff
193844b9358e237052293567cdbbf1b1064a9fe8,autodiff_autodiff
196cc206e27ca6f5a618dbfb3a7153f3220be8fb,autodiff_autodiff
19902fe2f0ac7b1c31d61cd65eef3a31277666b9,autodiff_autodiff
199efaa055a1c90e4d571cce8d25ec91e579c810,autodiff_autodiff
19a742d1d39f1a96e949ab9dc09f40809f9ca489,autodiff_autodiff
1a25ea6e6959687ec125d80f04439c3a159c85c2,autodiff_autodiff
1a52736fa9bf51671096bcfbe0d3d3dba402802c,autodiff_autodiff
1a5a64e84128bd8074b06455d49287142a1ae47e,autodiff_autodiff
1a98b4ed363fc88e49060d95f065bfc344e66a3d,autodiff_autodiff
1aab55641f75b66036c467e622dbbd30bd21e577,autodiff_autodiff
1ac42bb0d310f59678953fcea845897b30ab569a,autodiff_autodiff
1b101e1153e8af938a5068816a781e8b7edb14dd,autodiff_autodiff
1b2a168732334858e49bf71797167d1b190a7c13,autodiff_autodiff
1b3d1e8f948b60a382ddfde35172a439fb217d1a,autodiff_autodiff
1b61a02722df78826d138c98444625ab92963f6b,autodiff_autodiff
1ba89b3475e61f950a3e1494a4f2e5bc890e72be,autodiff_autodiff
1bd09ec1d021c3c4ca21601df8bab7ecf957c774,autodiff_autodiff
1c7189e1191fc5b629ba0fcec1cfbd78f892f812,autodiff_autodiff
1cb0d9bde762f2e4b06c7cb053b6da822c6d45ca,autodiff_autodiff
1d013db405fbb94b7100db5f04f468cbc88d138c,autodiff_autodiff
1d23be86e32352d93a671032959ccd28fb1aa7e9,autodiff_autodiff
1d2d92cc95ef229de3389b1da318e1034f2ce97a,autodiff_autodiff
1d2d9628f4e7a12f1d277d4ad20733fdeb4ab893,autodiff_autodiff
1d918e3b1d404343a67058a2d4f6b2dfbfc8b7bc,autodiff_autodiff
1de10aae342405248b1016370596b5cc8b9bc620,autodiff_autodiff
1deb220cf9cebf75be718c796d3d2e41ae4816a0,autodiff_autodiff
1def6e8bc0a2ddbf7cb017fa4799dbe96289b34d,autodiff_autodiff
1dfc775587d9a504b1c9274bed543aae32abe312,autodiff_autodiff
1e30b9eedd541eca65ffbb0aa9e0be59d812d309,autodiff_autodiff
1e38b072888c855c257f5dcd41211c77c624c80d,autodiff_autodiff
1e63bd5f024520b9aa926ec9102bceed18fb5e09,autodiff_autodiff
1ef17de2c3ce21399225658df468bde741e778f3,autodiff_autodiff
1efd09f6dc008c7dfde2495ef59989cf37ab5fa0,autodiff_autodiff
1f25e162818269a47b971873ff3efa42d591a02b,autodiff_autodiff
1f669b2f6a52fa1d7e7dea66d5f0a289b77273e2,autodiff_autodiff
1fcb15b425efda2490f9b8e1107707ea815489a4,autodiff_autodiff
1fccaf3bbfc21b622f772876d2b34d21e0722d70,autodiff_autodiff
1ff2c379c923ac94beeeb9bce01ac928ce104ba4,autodiff_autodiff
2064d31e8b82891ec98644565780ba0f3b1ba9d1,autodiff_autodiff
20713e14d3db3ae473d9d46cab011eedc9bec9e3,autodiff_autodiff
20b7eb3288f841f999c74edf9739f61c51f379d2,autodiff_autodiff
20cd54c05cc599faf4cc950979633eb148bec46f,autodiff_autodiff
21371c13eea8cfc5c8355f24b7b1f89117c1f051,autodiff_autodiff
213d4a924eff64141d61acb932366ffd78cde640,autodiff_autodiff
21f8adb64d63b7639f2a76f4fd1a41a6e5422f44,autodiff_autodiff
22168534c5824ba97da4dd583c3417d17d334ad7,autodiff_autodiff
2279989066f98444b03b93adf1c676ea3eaa88b4,autodiff_autodiff
22ea29aa389e42c32f5490e8d6521bd44c8b133a,autodiff_autodiff
22f97dbae42227f82f69bc70e10cdcd6eba0756f,autodiff_autodiff
2309fe03528f44ce58a44b0c388527b7d3c3aeef,autodiff_autodiff
230fd98a55b01b7cc6f9b2a65e9e62cf8f47682e,autodiff_autodiff
23139dfe63f43f6e83d9cb75e51ea82197ffc7e4,autodiff_autodiff
233a18d0ff47fc48b7c96c2a6cb7a7a5683beb9a,autodiff_autodiff
2360ebb4a69e5f3b54f8f50be47c6a97d38668f5,autodiff_autodiff
23679eab425978efc09b12b72158593e86e18e91,autodiff_autodiff
238dfd6336fd34111661cf5b5398b184ccceb067,autodiff_autodiff
239b31f08ff52ae20f2141fb26fc739df1340aab,autodiff_autodiff
23af88aae76c75e27e44364eda7da3efe7ad61ee,autodiff_autodiff
23d186d1ab15b7d562c8e09b43b658879a612608,autodiff_autodiff
247620ddc19be689e7f122ec914b4b3f9e95aeb3,autodiff_autodiff
2480f99f7df28bc653f2ca75f9660eef014e5244,autodiff_autodiff
24bbf65d96f3780a4cddd8edc4ea494791dd6945,autodiff_autodiff
24bf4049f7dfd4764b35757a95ed39c91cdb7578,autodiff_autodiff
25a2c454e8683b7eea4de828d9f4142e56f8b49f,autodiff_autodiff
25a332579bf4107faefa67611a08a3b5f4fc3461,autodiff_autodiff
25a98aa99019355272c72081766ca473f77afb88,autodiff_autodiff
25b528b8b0fbf795669005d5f2fbd91738552b80,autodiff_autodiff
25d2a6d65bf69f05671c9fea05e7bba45cfd6b26,autodiff_autodiff
25e68d62845e42f142bbbed74a4c63b8cb2f07e4,autodiff_autodiff
2659b3cdfd573797883fd289ec75d00b334b4009,autodiff_autodiff
26a68fddf3fd2b5cae27b1d43d097dd167ef8dfb,autodiff_autodiff
26f5b77388c3008f9cd135ac95930d11a640548f,autodiff_autodiff
27053dfec2b7b87e43e5d93a8b132a7c1a13cedb,autodiff_autodiff
2713da9a2e7fcca64636f9207c683e23451e8a07,autodiff_autodiff
27c18e8f36b9789a341e5e5bee2db4a3ef00a292,autodiff_autodiff
27c815fc26abb61d323c76a35db16aea9a181b1b,autodiff_autodiff
2831cdd4679cf99b99795bd6422edaa8ffe91945,autodiff_autodiff
28d4be27e476d451fbc648d33a24202fc2930531,autodiff_autodiff
28efeb6c3e64dff00d0335c6e4e6fa6fa6c4b5ce,autodiff_autodiff
29292d4f7f3edc1dc2d5b85e3d8009322300aaf7,autodiff_autodiff
295c58b2963b0a4ef419f7d8fdbac4cd37472e6a,autodiff_autodiff
298faa8412c304b7eb8febc8d3cea017e9bf1d51,autodiff_autodiff
2a11af9932414ba6022889ce1972bd62160d4940,autodiff_autodiff
2a1742c52cbbad968f2cd0a1db259bddb9bcb383,autodiff_autodiff
2a2566ebb96b77305d5b819d9da1a4041745256d,autodiff_autodiff
2a27852a00e31849a0336012e0bc70422e19e96a,autodiff_autodiff
2b3162b4cb357329ead5dbe4e58574b90c3f286e,autodiff_autodiff
2b4fa28a8af27653f338435862a91093995da2da,autodiff_autodiff
2bb24b7a62b6790dc07ada72495bc44466e17ec6,autodiff_autodiff
2bf91fa0badc08452c7f85fc59bef4350e107c5a,autodiff_autodiff
2c241bec04d3924fdd42a342165d0cc168a843c6,autodiff_autodiff
2c5a36f32fef0328db6b7ae92520b8e4f432ff30,autodiff_autodiff
2c63341dd3d45ac4263b2eb1f2dbbfbca2cdaad2,autodiff_autodiff
2c8030d59760d983922a767e713e314c9feb3486,autodiff_autodiff
2c8c5ffefe03aeafd49c2029b22b91dfdfbe0513,autodiff_autodiff
2d1c188169d3988add5ad21a3c6c389f58382c21,autodiff_autodiff
2d7c401a966aef3c08988c60657784638403553b,autodiff_autodiff
2da3a4096d668cec40f7b5756988ea00bf4e762e,autodiff_autodiff
2dd780d53533ccc7d4a94da217b4be99138c077c,autodiff_autodiff
2df418ba0786ef5a680345f597bd37f14ddab782,autodiff_autodiff
2e2f3a2b16afcd9c04e76c8a689e9fd23ff78679,autodiff_autodiff
2e7af303aa6566c081fc58daaab0f471250cb724,autodiff_autodiff
2e7c519667d313e17d4c18c867a4b7e555d365e3,autodiff_autodiff
2f3d5c678654418e9810df01de55a5f979859fa7,autodiff_autodiff
2f89f4b918910e2ba8679fea1cac6401cbac150c,autodiff_autodiff
2fe4f65931789c0e33e76ea91c2830527fd70d62,autodiff_autodiff
2fea1fd67840b3a1680c94b196e4ee93949f786e,autodiff_autodiff
304dcf06fc8febf31270fc9270cbdadee850d729,autodiff_autodiff
308213ea765df49efff647218f3a950156a5310e,autodiff_autodiff
30f239f62a028be77ebf8adfc14d4fbc6d6270af,autodiff_autodiff
31033a61081ab2b51b9cd3870815e5acaf8c73d9,autodiff_autodiff
316f207d10f41ea72b4ea13e622dc0ae999e73a6,autodiff_autodiff
31b0020a4d10522568bd0dad5a407e0935af21ea,autodiff_autodiff
31c996cf4e54f4089da4eb331510fcf4d268e86f,autodiff_autodiff
3374c5d242e243fbf977bcb89fa680945bb99452,autodiff_autodiff
33b7207885ffe352bd4a6bd3e1354ab38e523ee8,autodiff_autodiff
33d13528540e9a7a2dd35f21809565c705f6947d,autodiff_autodiff
346a90f1e6cf95506d9501852ed997f3bac7f8f4,autodiff_autodiff
347b8f158bed148325ea31ea15c64ade8ad34fa9,autodiff_autodiff
3514b8187746c6e2a7d124deebb5f5547ee26803,autodiff_autodiff
35176c261292687d8586de3cd19d2ad461183b81,autodiff_autodiff
352b0325801ccfc12dab60668f94ef2125312fa3,autodiff_autodiff
3539e295f33c64c7d092feab20614c5174eb2800,autodiff_autodiff
353c4c59c0ff21b2857793dd3656afb184e2aafa,autodiff_autodiff
35452cf3f081aca6912fd7b19db1bc05c7e9b290,autodiff_autodiff
3555c11c0093adc36c1ea3db7bd5c40aec2de86e,autodiff_autodiff
36263222fc22004b9bb5429cc6639f8b08f1fd5d,autodiff_autodiff
3628c234b4c10f411e7539d38348551a5eecbc4f,autodiff_autodiff
36ec9cf61c08be8d36b89b6e20bb320530b58049,autodiff_autodiff
370ca6e6ef278ac3d0b98b0ce7acfef5cf01eefb,autodiff_autodiff
3736016e2f9aa653d36cca85a996424a0f4848c7,autodiff_autodiff
3738a63322a17405bf0706a6a9b9e1931c712318,autodiff_autodiff
3842e141e66ae1b83420c173fa8ade15acbd5f60,autodiff_autodiff
388287c00e9d0e033417103d62c1baa7a7c6c698,autodiff_autodiff
38b839f1ceb0e8fa9a0f2e1b0ccff9a104e39f1e,autodiff_autodiff
39061a7a0fc7a41cd2641b143ac831f1bd55579d,autodiff_autodiff
390a4269064af201557180354f2549c3266a58d5,autodiff_autodiff
391764ed0193797cc40b0407cafb51ab433f89ec,autodiff_autodiff
397beeecaaf18ef4cec48f267a3fedc540f3f17f,autodiff_autodiff
3a01429a4356f5d4805ffb53ef3e5ac8ea3aa721,autodiff_autodiff
3a5198681c9d9a6e7e5191791db01b3d0a89ad9b,autodiff_autodiff
3a711222cb727d961fc9696a67d5a39ff88dc1a5,autodiff_autodiff
3a85793f6443c429daddbad781386c6deacb8798,autodiff_autodiff
3aaf6e1454bb5827ced272e9fe43ff4db829e0ad,autodiff_autodiff
3b0e90073f5d24bae0354562bf76716ba7b25f99,autodiff_autodiff
3b64c80525f0f320303d53a75bc80a675655c98c,autodiff_autodiff
3bea8e5e2e0880434898568441657ad592937379,autodiff_autodiff
3bef4023bf036567b1fa100ca0b8df3fea50b9a8,autodiff_autodiff
3c89713e3e93d83168d2231b3f687863bae2a027,autodiff_autodiff
3c8cbc224814ce1513c999d275bdcc61d2408c08,autodiff_autodiff
3c9707d7c5a7aefcf1c3f306fb86274032f7d259,autodiff_autodiff
3d07828425333a46eaf762eb125a2fc81213c895,autodiff_autodiff
3d19c01b0642232cb84fef2366a44d83bed9a66c,autodiff_autodiff
3d9815f13c65566df3313dfa8ca2a02a4d16ca2a,autodiff_autodiff
3dac886fbe940d76cc707381c6ae2139959ef7f2,autodiff_autodiff
3dec2de2e081a8f7b677fa395294d6989c0b4e6a,autodiff_autodiff
3e185f1921c1933e6d98e6be672b4fd64f3c323b,autodiff_autodiff
3e2a605ae3642384b590d4c5ec458a00ebf8ad32,autodiff_autodiff
3e3a45d74cb1611e74523b8dcab7c79466ac8ddc,autodiff_autodiff
3f2ab5cacb1de9a28d27617db6ca248cb99c42a6,autodiff_autodiff
3f94540151c8d6a44c697b34c93d39e524075700,autodiff_autodiff
3fba16f04ab1d5a0d3b032bd0e3544d14399923a,autodiff_autodiff
40174166c8fc7ca0fd069beb6668f6dad53d613c,autodiff_autodiff
406d2bb4ab76ca1a1ab335c3fa7de8baf776406f,autodiff_autodiff
40ae2d9f5b0e55b6da821807757eeca24fbabf4b,autodiff_autodiff
412b02c50971bf41000ad2e7971b0f7b5e0268c2,autodiff_autodiff
414224ccd22828a479fe19480005164b06fde8a4,autodiff_autodiff
4156679679105ab0d536dcd0b9c02049329f634c,autodiff_autodiff
415f481cc76fad7e250bb046131e489f1cdb6bbf,autodiff_autodiff
41e9252204fd84b2a4f3671a224346d3d33d02df,autodiff_autodiff
4229b25d9c6fd0cd7a899508b9754c72070fa2cf,autodiff_autodiff
427f5e92299c0f7872d9d3d94e48f79d72211d05,autodiff_autodiff
42d33c2a2a117323e868084745369612f2e269a6,autodiff_autodiff
42df7c0b64328f82342d4a2b3f61bda5c1d01cd2,autodiff_autodiff
430a0f3266f55fc1c249005338bcaed38ead84d0,autodiff_autodiff
430d1c9c39cc1c56ad7e0649a0ec1061f3510648,autodiff_autodiff
432a3693f630d3ba79f9ee09fc3c52ad3efc1e2d,autodiff_autodiff
4336ef663f28450b7033edeea1e9843510ab5ec4,autodiff_autodiff
434dbc49d545c26927c3c98687f0aa5e2566fb24,autodiff_autodiff
437a31f99a298d2c248d1991478e1ca216826cfe,autodiff_autodiff
43d838a46e04f2ecd385a53321f967f0de8ac891,autodiff_autodiff
44e088c3c589163bfeabf63900edb83c98901250,autodiff_autodiff
4540fb7ba7fd0ffcebedf96bdb8a457ab97c2570,autodiff_autodiff
454f02b434a49a8be69b720db3712be6e25104c4,autodiff_autodiff
462d7dcae154fa277a2b70640645bcf4dea94dfe,autodiff_autodiff
4639727d8b9aee19157545830ddddc592107a7aa,autodiff_autodiff
463c28b182ad7dd6bf1b05b9a60924bcb7147931,autodiff_autodiff
463ee8fb60d0991e3463ea07760e098e3e7b9d7b,autodiff_autodiff
465f3da5a2e16d0722f8020dea6a5ec9db87d3a5,autodiff_autodiff
466a6224c01e3f625d95888a298ffe5f5f1eb8f3,autodiff_autodiff
46729f93116cbb9c92e20e4267e2250bc7dc6461,autodiff_autodiff
47013bb1e12eaf51665be9b0baba1271fa8e3801,autodiff_autodiff
4716b99ba52f14f7704a298a79346a5a2592b578,autodiff_autodiff
476c458f44a6669310a93660cbb1711f6d4d2bd6,autodiff_autodiff
476d30d6d55aec365c4c79d3c6432aa424f161ac,autodiff_autodiff
47d088ec058be1b5c0d4653551dc3f0e23650244,autodiff_autodiff
4813558ba0f63daf8838cbafd5a92eee18ed594a,autodiff_autodiff
481a93f9f056f829ec5205cdc934a78b83fb058e,autodiff_autodiff
4884747d0cc337533ac494fb80d07945f4532301,autodiff_autodiff
48e2a97aebd6963d2ac13dc4c1c62b4262067afa,autodiff_autodiff
49475afb5b0b2e5bf8543404b8a7722e7e293688,autodiff_autodiff
494b469b5cde2928034ac7550aa7fcfead9f6adc,autodiff_autodiff
49852497149b17b1fad9e21172fe4c1cad349e3f,autodiff_autodiff
49916b8dae20df86d8fb299abbad12202cae947b,autodiff_autodiff
4a2d7488406eff2ade2fa8c44452da12b77ef044,autodiff_autodiff
4a87d19c54c149024668d29873bbfe6d113fe64c,autodiff_autodiff
4ab4a11fb13629a72c622f758beb33a495b2ccb1,autodiff_autodiff
4ac061f2081eab28306a7d34e92b623e56afcf69,autodiff_autodiff
4b4de6d8e0de64f559bd0b5b840414219d862458,autodiff_autodiff
4b50e93ec17164cc85957ef662beb0a1d9dd0251,autodiff_autodiff
4b6ecba8c696d7534636da995550d838290ffda2,autodiff_autodiff
4b88763ded8881d0802f123b9c9b9d0ae6f4eb80,autodiff_autodiff
4cf96f2c5918f9fb4d728653ac26c8671c56c5a3,autodiff_autodiff
4d2364134a44ebcc46d71af2af7f23d377f53035,autodiff_autodiff
4d3087ded5b9e5c4f6044251ab89b465ba0b3f66,autodiff_autodiff
4d9073305eb07c4f5ed4d791f1ed132cd99e98a6,autodiff_autodiff
4d9c5c04fb7fb4a913fc07894bb762a1d3e9082e,autodiff_autodiff
4dcb1ebe7d1835f0acfd1c59a1319a5de39ac038,autodiff_autodiff
4e336584f6e0ab978fdf6ecf429793e79ab90bb2,autodiff_autodiff
4e7df60ab9bf329d362d2679a15fb3b2c566b7d9,autodiff_autodiff
4e9df20f02cbf8812fc606761835b10a7b3a5693,autodiff_autodiff
4eec78091573e68c33b844a0e7587161a82c389d,autodiff_autodiff
4f29c07451b52604eb3b79d1f17ce16f4f323da1,autodiff_autodiff
4f412b646f48848e6b3b41d2f833ebd8d3b0db56,autodiff_autodiff
4f8c8fffe6179b237333e62af630ce4bbc760b81,autodiff_autodiff
4ff79b5cfa870a05773b36deebb54016d6d69a4d,autodiff_autodiff
502733906f4e4ec3eac78429f54ceea3587f6edb,autodiff_autodiff
5029956a4d6223110f8895470255c3d1412224ab,autodiff_autodiff
50f1a521100ab1e51b76338ff3b2e6ec59ce8ea5,autodiff_autodiff
5135fd16375fd6a3c92e5ba5e550f3fd401eaaab,autodiff_autodiff
522480bd61d30187936b99dec47574cabe5cc6b3,autodiff_autodiff
5230d715248b99ffb923fc0abfaeb632a2832ad9,autodiff_autodiff
524bb1acc2fcc61617ae861558c2cd081b27cf31,autodiff_autodiff
527ddf6db01c675449fb88e9553db51c4a6f0329,autodiff_autodiff
5316d9dff9609cf99cbd1ccaa71a59ad02d854ec,autodiff_autodiff
533d123ace247b3acb5a802ba22acf272a45fb9c,autodiff_autodiff
534f404d5ee3f36cd9d0f52b6129d848766bd81b,autodiff_autodiff
53643d0c27af42e02af2f33ca987ac2d72ca58ac,autodiff_autodiff
536d45b2dead2ba22134d4633a1d82cc145bb42f,autodiff_autodiff
538312bd01919bd5d38ed1aeff8772c0c85cf799,autodiff_autodiff
53e94a36d2cfbdf38ac0605865b3b397ff85f48a,autodiff_autodiff
54511f1faed1ca8653e1db26944ef699692db9b9,autodiff_autodiff
5455e52861ed0ef5cf2ccce0db8dc324794deb4a,autodiff_autodiff
547ca2496cc2d9d34e4880a871aec9b5d59462ce,autodiff_autodiff
5496c83937d6ef1385907c2359da59de8fa2b5c5,autodiff_autodiff
554578cecea82b47285b1a5ae77826dfa6078505,autodiff_autodiff
55895374c53bfae1b98e2ffd2a9184715568f1a4,autodiff_autodiff
55fa3ef469a1248ecf2754b7166a408989525465,autodiff_autodiff
5654e2f6f698a7abc03a9c2662d7c870ddd94c9c,autodiff_autodiff
56afe17e8e9dcf3925f6917b7afc9a6f22647e47,autodiff_autodiff
56bc91c00bd1e81b151fed9fd114eff1a06975a4,autodiff_autodiff
56db49ae8fbfab4e9a03ba33d639cac18fdf6e5b,autodiff_autodiff
56fffa82b4e47b2b61b219b40866a4df2ffb2b17,autodiff_autodiff
5711dd3d4a962e15bfa8dbf0aee5d50f24d3348e,autodiff_autodiff
57a592f9a1c7bb5fbe5403c4d403bb9b8695f31f,autodiff_autodiff
57ee01366735a6aa5b3a2323ada62c92450c6fa7,autodiff_autodiff
57f5097e283baa6adc2367cd4fa54c21ffa59760,autodiff_autodiff
5832576d587354dc20de37391f51f70c70bf1847,autodiff_autodiff
58374ef474b91a7f1b15279dd55fcd8aabdd0eee,autodiff_autodiff
586dfe71e533da537087e59d6848d9a2b66ad747,autodiff_autodiff
58c7022551b27b4545fb87a63830a9916858db4d,autodiff_autodiff
58e1ca5afd20c5b3b85529729a5dac8fc87c2561,autodiff_autodiff
58e5032221ee7abf79a24f92fe160d74c8d2e6f3,autodiff_autodiff
5902a332623059faff708326d4e3695afc500690,autodiff_autodiff
595649217adb1a443a1403e5ff9aefd8be906a8c,autodiff_autodiff
598377824844a3ce76af28c0f2033bf3be19edd2,autodiff_autodiff
59956594808be900f36f9593369d46d7dced540b,autodiff_autodiff
59c2c2d44fc91429f3fb7f8fac289591b9ee6a8b,autodiff_autodiff
5a0e93de40916ffe1ecdb133515f2af0367638db,autodiff_autodiff
5a60f9a67084f840db8b186a5ee8f0ef5aec5a1f,autodiff_autodiff
5a8501f36b537a0663105b1288f29801dec495a6,autodiff_autodiff
5acd0a2fdf02681f9ac55faba2d89c09d1769817,autodiff_autodiff
5ad7b24ff0419b1ea0dfa52513fb9938e4a2d8d4,autodiff_autodiff
5b01e4af2b309408aaa0a8083a0c42fc37d6605c,autodiff_autodiff
5b7cec6db7edb9240f8f7ddd0764d56351be56bf,autodiff_autodiff
5b953805de1d8299cdc101cf6c3f0d57a76090b3,autodiff_autodiff
5bac235fe75aa66787c31177b2066a7fe1191818,autodiff_autodiff
5bdf9db87d0077e4aa31f9af83ee7edcf76b9b65,autodiff_autodiff
5c56d9b30371ed0ab34abf2938dd2f3069164a21,autodiff_autodiff
5c708d9f2c49715764113da86be0a8132480c687,autodiff_autodiff
5c79daaf6a629a6001d49e3a4c47eed597fcf36f,autodiff_autodiff
5c995b1346dd9744a34506f6a439f4a0b82e93d9,autodiff_autodiff
5ce372b1e4e15e528818eaf3eb96871183cf7a69,autodiff_autodiff
5cf03d85016aa77d89ab271f32c34dedab06d048,autodiff_autodiff
5cff48a58952739e34580b726a59025f3eac2a23,autodiff_autodiff
5d74398b146cfd7924596a4138b3a939d9110e86,autodiff_autodiff
5d856a6a220526d9be2b001898e648614d3887ec,autodiff_autodiff
5e36ca4d4f0eacfbea5abb89b190f5ef65bdc317,autodiff_autodiff
5e638345eefdd6052f1f452dac07f71ac63c407a,autodiff_autodiff
5e7c270c8cbdc24d4b39ef809381b9d46921236b,autodiff_autodiff
5e802b38b5514a9e963052f3114cb961fed25699,autodiff_autodiff
5e93c447cd66553363dbd811de8efa99cf2b909c,autodiff_autodiff
5eb8b126af46416d00682676c921b4ac4791d1ea,autodiff_autodiff
5f2dcdd9a3c92555419c20f70d4abafe2b8aea10,autodiff_autodiff
5f83b8b056faac8b1973951e7c8d3fa179a88736,autodiff_autodiff
5f91d523eb4e8c2f5a75ce7060925c6ed1492410,autodiff_autodiff
5f9a7f9fcb6e670150a245279ea59792efc13aae,autodiff_autodiff
5f9eee93307849511616d84d4cb9efca5bc0519f,autodiff_autodiff
5fc15b48c34d4cf29cd6561ab635d3cdf3c0ca76,autodiff_autodiff
5fe48795e6427ab44fdacdedd6072e5e1174912c,autodiff_autodiff
5fe824f8343340c7a804a0a10d39f558e69bfbc9,autodiff_autodiff
5ff4c8fff8b99bd97ca757cdb8a11b9b1a2fd153,autodiff_autodiff
602ecdb0ad5deede694c02ac02fc21fe10b581c3,autodiff_autodiff
603091c8596c7a56c4e70fb6f57411020318f043,autodiff_autodiff
603ff91b432a7a61df48a9afb812295bb4e68ecb,autodiff_autodiff
604992c767ca2f2f257b327054257906f55ed58b,autodiff_autodiff
60bdcdaec04cb6ba3a9f5869006ff0a26b3b6697,autodiff_autodiff
60cebc72bfce02ec1dfee3d02a0b79acff6dc452,autodiff_autodiff
613707fc378c7ceee21af9affee20d4655c5d764,autodiff_autodiff
61879b12f628ef19e0fa38243fbdd18d10f11676,autodiff_autodiff
6201df1b4037199f28f20340594ac9248f7263e6,autodiff_autodiff
624808c68de9635f78a676e01f1732b9a2200a0f,autodiff_autodiff
62586497b621fd6296e060162394f849d0dea1fb,autodiff_autodiff
629987d8f2fbd7bfcd77fda14db66b23431ad0a9,autodiff_autodiff
62ef7292cd2d128b712697b433092bebc91d7e90,autodiff_autodiff
6304e5e46fefd2bdeb1752d18d3fed09e1a5990f,autodiff_autodiff
636a3fb05ca86233467aba02c0f40e66fbf78ce5,autodiff_autodiff
636dc8fed27eb472cb95eab9a406b4a98c166f8f,autodiff_autodiff
638b24a512b1f9a3466ddb2706f6b61ade53bbf8,autodiff_autodiff
63d85634400a432e1e701bd2826757c543d51f68,autodiff_autodiff
63e4524d59e2686e519cd6de439082c58dcc17a1,autodiff_autodiff
6408e06d8872543e40397145bc6eac5ec508bd7e,autodiff_autodiff
64346ae42b4a82cdefb364d289ebe5479cadc12c,autodiff_autodiff
6470e727b00d438acef26f5f6378214251b36089,autodiff_autodiff
6474dc75537ec5cfd0f3de06470558072af6aee3,autodiff_autodiff
6476c542919fd085b7ab61f838e6e396b5ee15d7,autodiff_autodiff
649133ebcfc7fb6283c85387c2806c7ce8b21098,autodiff_autodiff
6514c038ea63ca4e2256ff7270e587f403c17e61,autodiff_autodiff
653fb81f42476788c95497a6f4652b6af221dcb5,autodiff_autodiff
65517233d8247048090af20924987f4ada789a6e,autodiff_autodiff
6562aa90626abbc42c59b9087bdba98590776a0d,autodiff_autodiff
65d0a3ad4d41400a1e9f4d1065b899695f3af089,autodiff_autodiff
6611ea413ebdca3f38034555611aa3145423d894,autodiff_autodiff
661fda24288102e655c367b1b080e9d53953a227,autodiff_autodiff
662516588b96d1f79106e0c671dc1a730a5282ed,autodiff_autodiff
667f2fb616fd63be865bc59b83404285cef9d6d1,autodiff_autodiff
6690fed87d2723358ace700cc27bbcade39e3d47,autodiff_autodiff
669257dcb292c6fc4c9131f1dd4989372a5e820f,autodiff_autodiff
66d3e43a98c11c211211a5d3ee79af02263a2bd4,autodiff_autodiff
67751b0baf8dae5401735cc02f86dfbce3eb1664,autodiff_autodiff
67afa8ed2e5ca613c5c401e5f280659adbeb509b,autodiff_autodiff
67b48a1ac74d36f6bfd601350da58e26ecbfddcd,autodiff_autodiff
6801664bd7636fd56dae314d03d17036e838a8e5,autodiff_autodiff
6878fdf8e18b94cc3becacd5f988c6c44e3fbe10,autodiff_autodiff
68a06133c05d9adbf3b5cedc6e2ca22a436dd707,autodiff_autodiff
68b8e15968431d74972c31af627965d67c673ae6,autodiff_autodiff
69464c426f748ce86e38afe7ca56b1f7e96d99a9,autodiff_autodiff
69970999ecc7ae362ca167d3921c2f5699a57c03,autodiff_autodiff
6a11d60475f9c296e54be3f11a2e0569b6fdd973,autodiff_autodiff
6a2375bdf4ce8d9f236244fd1abbbd4fb466dd53,autodiff_autodiff
6a5029902213d366a86c604bf78768c0d53eb197,autodiff_autodiff
6a67928bcc1a8adc7cf3b850e550cc29c69053a3,autodiff_autodiff
6abf54ae89092cdeb243230e527eb7fe21cf95bd,autodiff_autodiff
6adb76272fa773ea99d7a2b7452fdf6d1439dd4e,autodiff_autodiff
6af223c9c7c0a87db855c860f993b5979618f6cc,autodiff_autodiff
6b5e1c4622d49b139c83aa6fc6ba003ffbed30da,autodiff_autodiff
6bb1bfbdeb5398e25a4257e0d489f2862358cb3b,autodiff_autodiff
6bfaab032002178ce7ba47c10326d0cef2700ce0,autodiff_autodiff
6c25846047ac73e6222d43620f4d3be3abdbdec7,autodiff_autodiff
6c346a955762a66972216081df730927efe29078,autodiff_autodiff
6c921790a17d5e3f50cc1db9d8d03ce21c6a2d2e,autodiff_autodiff
6cf2140b5f12410d815cf379d04d6ad805b6e810,autodiff_autodiff
6cf83769a3167bb461fbb6f73529b6b18209533b,autodiff_autodiff
6d016342393e2c714cf94d12920f0891195c3a2f,autodiff_autodiff
6d0b702a9a2c4f5990c0c0648262e0fce880dbeb,autodiff_autodiff
6d2ab584ae83e85b3a92e2538d30b9101d92d25c,autodiff_autodiff
6d455fa78cbb96f4b769d33726160c1e67c3dda9,autodiff_autodiff
6d748e29ecc6d012cc5914010b076d0089c03211,autodiff_autodiff
6dd71f14097315f56668a3897b502954ad6e6a54,autodiff_autodiff
6ddf8ad63b515b3473968b543631744a533c91bc,autodiff_autodiff
6e02be25cd72476017756811311e81d914e4ae8e,autodiff_autodiff
6f61b9287670daa5767b2c4e0c0a4b09eee9ab6f,autodiff_autodiff
6f6522e9d25d91e55e4592d3115d5971b13c120c,autodiff_autodiff
6fe82aee96e81d7df17bf555d791fe6200f04ec9,autodiff_autodiff
6febdad5b1d3116dca960e57dbbd3aba554d6c63,autodiff_autodiff
703ae1a65c873286a4e3577324991ac9f8b9d5a0,autodiff_autodiff
703e99d40d2d782e9494b8e9ec25b3e7e855d5f3,autodiff_autodiff
7053d8240804a4d26629a0a82b21b111e8f5496e,autodiff_autodiff
70c87ca52c5862897b9e34f0a8f5c110e60e6e70,autodiff_autodiff
710450c3d24c85a582be606aca7b114a1f33f69d,autodiff_autodiff
713ea8d704e6077a471da2b0e65ac1ed72fa83b7,autodiff_autodiff
7163dfaecb89e10db671c4c717ef786487414146,autodiff_autodiff
71712d08e04ab1eeb73a879203ecbb883c37d4c1,autodiff_autodiff
7189347f68be2feb8908d38c38d7d64a5efd3ef0,autodiff_autodiff
71d132be9fe09ac87557004bd186a5ce3e9cbc41,autodiff_autodiff
71ed2e2458d44072eb359995a9f52e53e3b007ba,autodiff_autodiff
7229659ac55b349cf57a43eca98018435fcd2a6f,autodiff_autodiff
7259051fc32924c2c8bd32808b3bc0ad67b0a77f,autodiff_autodiff
7275b777091996f1279906ac3b6ba4a936705f46,autodiff_autodiff
72b8241677f1b38040c0c95b76bca44692567dcd,autodiff_autodiff
732868bbcf481c2466eda761b06a47da2a1ee120,autodiff_autodiff
7360e7e02e09321b7b4a39653d3b256ba03aec91,autodiff_autodiff
736e80cf6da0fff98120492182cfafc7f6e6e1ae,autodiff_autodiff
73b992848bb2298581f71c60a16af99d41b2099e,autodiff_autodiff
73cb93f762fdfba860513674ce7753cf226e43e0,autodiff_autodiff
73cf7fec9e829380e12fa6800e82e53eab749c1b,autodiff_autodiff
73fdebab253eb8aecc5a2839d16a704775c1d66c,autodiff_autodiff
742646790347eabd8669b023893d98249a461f28,autodiff_autodiff
744a669cb1ce1caacb386ab90e5f371e5b9d3cb2,autodiff_autodiff
745f52f33efe57869cf488764b9ddc6fa42a629b,autodiff_autodiff
7470519ad080f99d5e475886e52a319390a8fbbe,autodiff_autodiff
74a493e3c7895dae8fe05ef111047979e76034d3,autodiff_autodiff
74a5b34265e3f2b672fe7e56993330db24f00794,autodiff_autodiff
7589f8d3a9a3528021c55fc9f24ed9cedb772886,autodiff_autodiff
7672a5de567d989d05c22062515639e00f3b6c0c,autodiff_autodiff
76820bfdb1bfc84a10215c9d5b37e8c94add5207,autodiff_autodiff
768dda46c9f91dbef1c8e75d4f2de310a13185dc,autodiff_autodiff
77b9b02750b28750e3560733d801d9e459cfa61f,autodiff_autodiff
77fccc47c0181c9646e55bd5b10e2131c96c061f,autodiff_autodiff
783c9691e2d1343048ca4605c3f33126e44b47de,autodiff_autodiff
7879abcdb2a581c9a927fbe74c6bd9834e0d973f,autodiff_autodiff
78ae5b5c81f695cf2a805155fe68c08fb1120bf1,autodiff_autodiff
78b444526ec48b7a87bc62a00bc30d7a7b00e768,autodiff_autodiff
7901030ed659235ac9f9f123a28533ad9c4c5171,autodiff_autodiff
79049c10fb18696782ff306cffc8f3e2be43fe26,autodiff_autodiff
791262466b89cab9796bdfc09714bcf50996f177,autodiff_autodiff
7918b26d89ecf8a5f37b949696ed73f05530e203,autodiff_autodiff
79331d533abe8e8a851b297cc9beca18f352fd40,autodiff_autodiff
795233a1bdd1a19c9ab478b5c516fe1bfbfd4dc6,autodiff_autodiff
798475313f1d10fbee94ffd0fcd863144f8c3711,autodiff_autodiff
798c6e6e9545347c0d8671ecc98c87a65309ad83,autodiff_autodiff
79961f78a8f1de92333ab15cc68a778a948b2e96,autodiff_autodiff
79d833fe734b83af9af7ccc448bd996266e59a9b,autodiff_autodiff
7a2c1ec32a50e25d359b954721eddb361059b129,autodiff_autodiff
7a9f5fecef862e28fdd4b498d3036261dc6f0138,autodiff_autodiff
7ad553d3b39f5cd3775f2a1d93325992588d41da,autodiff_autodiff
7affcfe336c9a3f9ba9bcef942fb53c5f4e6094e,autodiff_autodiff
7b29dc380cdb1fff2d3dab82f32830da85507356,autodiff_autodiff
7b2bd6315632ab3d142c30b11a62b072afb5f4c3,autodiff_autodiff
7b59775ed37638d653dd89ed59f81b3f0e221169,autodiff_autodiff
7b5d99f5f228bcb0367636555a558a80d290e62b,autodiff_autodiff
7b8a6368d8462f302ecfe53618050490063c50c5,autodiff_autodiff
7b8e73e9ac9fdf490002f9bc7b02bbd7e6f6567b,autodiff_autodiff
7bc40ce613700ccc6c214103a8b7051382186310,autodiff_autodiff
7c04120855eea0624a73d957d3ac606b2d4bb51a,autodiff_autodiff
7c29f0be2f34a4b26c5c45576c7c1240953b52bd,autodiff_autodiff
7c43d706e5de587498c6701da2d61749d41d8580,autodiff_autodiff
7ca8b0c8a485ffbc67132d48916cff5ae26632b0,autodiff_autodiff
7cbddceb4be3a2f721839900c344ee5a909ebb01,autodiff_autodiff
7d0a34baf4e2e798638298039260df053fce1cac,autodiff_autodiff
7d0be9fd4d2e997f3567ecc6838cccf869acefad,autodiff_autodiff
7d748917ef4a0347c11f7af11e52b4ab463a080f,autodiff_autodiff
7d879a190d8743292e0280dce75f0794d789a72b,autodiff_autodiff
7db52ba635ae038228053d7d555a5fe2b679ef03,autodiff_autodiff
7db53810834de583525deb8472047badca5eeebf,autodiff_autodiff
7de9fef241efcaf038d01222800b2a898484d0f5,autodiff_autodiff
7deea487d99995994493477540543b2a7369e8f1,autodiff_autodiff
7df0cfb16c222fdec100737417b15153f5b12625,autodiff_autodiff
7e125445ca3007da636c347e0a6a508facf77606,autodiff_autodiff
7eaec2c0b476da4a92df0b03e4a5991d9fd638aa,autodiff_autodiff
7eb0427702d10b2296ab783eb042b9dcc5d07d9f,autodiff_autodiff
7eb274270197fbb568aebfce93629538a7ef6a20,autodiff_autodiff
7ec7afbbabed9e00189b6a08007de5018258cca5,autodiff_autodiff
7edddda1cb91210fa992eddabf6d63055ccd860d,autodiff_autodiff
7fac9fd5c66e79c0fd73adf2ef7582a210acfcee,autodiff_autodiff
7ffe34f2cf0fffa0904cf162b7eb7a230f998148,autodiff_autodiff
802646312292086a8cbfc64fa41d73392c66aedf,autodiff_autodiff
803db51ca22ad6d3b05f7b0d3f1fcb94af29ba55,autodiff_autodiff
8065e28ae1ef95ca48fd4f758e51cffc185220b7,autodiff_autodiff
806841c1b6355a3aa0e84709c410000f6f7f7134,autodiff_autodiff
8082672530015be6018a79f802a479f7671fc105,autodiff_autodiff
808761aa02d79e2c428ac4d652d3d9adad50080a,autodiff_autodiff
8097074c7a683a997671fbbad0e4c307d68c9c3d,autodiff_autodiff
81245ca0c21546dad8d29c60483672c1f5fed59d,autodiff_autodiff
813f8a9d107fb11f937ecbcfb8d6d8c344534696,autodiff_autodiff
814b84f862326549df38fe0347215848b775a9ed,autodiff_autodiff
814d3ec49d4a2f47a5bdfc0e521fad8b1333ef00,autodiff_autodiff
81b8c1148e55b955adf50145f55775e0dbbb4b5f,autodiff_autodiff
81c131ba7f9b3c9727613f99345fad179b79407e,autodiff_autodiff
8219507967697e30926152baa7d32a86d5272c40,autodiff_autodiff
8219e9f4b4718576aa3726600f28867621a62678,autodiff_autodiff
8222c4fe32090975bc388b13207abc0198bdc465,autodiff_autodiff
8226de353e1eea778e05af61f1e97a5daf560249,autodiff_autodiff
8227fe8b9aa906c311c61fcf0ff2bad798d91e2c,autodiff_autodiff
830e1a4fc9d0965b6afd32ff8644c18ff593da66,autodiff_autodiff
832e4fd4b15a7fed1a6e8d6029273241691f7356,autodiff_autodiff
833bd0b705edb5101271dec321b5545b35dd4455,autodiff_autodiff
8349e32cdbb03f708e78dc11f694e6ac250cc2e7,autodiff_autodiff
8350662158c0f1d2fb8215a5ae780a43b612d4cf,autodiff_autodiff
8387eedd0628f7e8c44e5cdc6b4215f220fc5740,autodiff_autodiff
83917a4ea065ed0609d95fc498002083b712b2be,autodiff_autodiff
83f17e5aebe41293ec1f2a2e9e22e037bf60a2df,autodiff_autodiff
8588fc74e30378175adfcb0306154bc686ad776a,autodiff_autodiff
85fc0b01f50d3eca2ae92fc7146cab057756a219,autodiff_autodiff
865c864dbd88a84135c9df465599dfca5e9b2165,autodiff_autodiff
86e255e6502dacdee280aa40a9a98fde29c027c7,autodiff_autodiff
8762410405d192873e11e2906f5f153ae1255bff,autodiff_autodiff
8763b761e54739ebb45128912a3d9f5f2a2241d0,autodiff_autodiff
877b4865dc9293b28702e14cf1585104539d664d,autodiff_autodiff
8783886ca1b29f5f8b128fbf3eeb8526a73d9e87,autodiff_autodiff
879b8e8f3244e3b485affef20b56d95824a415dc,autodiff_autodiff
87bea46d383f6c71cd595f3285be26c96ca46a73,autodiff_autodiff
87bf52c3d49511ba5bfba0234d52584bf95de4b7,autodiff_autodiff
87c879b5f3cc25ad86911f7d69a4275c25984970,autodiff_autodiff
88114bba3e47ae51671681e6539e2285b80d378d,autodiff_autodiff
882cf3e8fb24570887b7055fc7596a1aab116da0,autodiff_autodiff
884c79efc350aff1ee5d7d1d44b696c6ee64054c,autodiff_autodiff
885bb3d934017946771af720f3937e2f4d36eed1,autodiff_autodiff
88e505e3d6a793a10153b67ff53a47b2d9509655,autodiff_autodiff
88f3c911ed569c141ab34d440b4676d3f9760b61,autodiff_autodiff
893fe761a9506989093bff562dadbbad516063a8,autodiff_autodiff
898ad51c028b697d24e273bec56d5708efa7358e,autodiff_autodiff
89baf1b5b625bf42a21ca845712b5a66210b01f1,autodiff_autodiff
89c18146aebca4cbad3f0d32c86db43bd5d2e51a,autodiff_autodiff
89e0ee42d847ea045ecb87950242503390c2adc2,autodiff_autodiff
89e866eb7776619024190a7fa1b8fe90bbf3275c,autodiff_autodiff
8a24b2a01520dcbee54340f8e106ff224238f1b1,autodiff_autodiff
8a3c5eb956013cde418f5af2f01c0e90b0a12452,autodiff_autodiff
8a4e54b9f9b72c65b28bd0d78afc81b9e295d5bb,autodiff_autodiff
8ae04fb53e7382886757780bf67ba49ebfdccd76,autodiff_autodiff
8b09dccc47dabea2ee3cb1d6af9b8b1d34cad68e,autodiff_autodiff
8b0a5941c98aa24a5304e55913502b03998cd1f6,autodiff_autodiff
8b2b9be330834c7f4cc37b37dacd0d25a26988e1,autodiff_autodiff
8b6fcb0b76213bdd757e35a9f7ca905aba2ca63e,autodiff_autodiff
8b848c264234f3f0d60e08e33a5ef0255b9e6d12,autodiff_autodiff
8b9f9d3d1e1126b8bcb9a955a68fe7df30c6eda1,autodiff_autodiff
8bb10be2ba89cb61be5dd1d236e2622dfad59fe6,autodiff_autodiff
8bc47fd82288a239b77872251f446ed66e23b9a8,autodiff_autodiff
8bef8db2ca69f83eb50cd9a5c1107585be9cdb69,autodiff_autodiff
8c6ee3eca966a20cc0ab3159de950a176f3e344a,autodiff_autodiff
8d1a3daa4d8593ec549b1dbea12f5918bbf80875,autodiff_autodiff
8d1f392101c39d665935582300d9c9b7dc59e958,autodiff_autodiff
8d28636455333b33d2aafe1c5f4669506e3d630c,autodiff_autodiff
8d2ed2e1b9418a892c9757cd2c54ad698179aad2,autodiff_autodiff
8d3274c6829a6827c4d96133bae2297cfd33fe7e,autodiff_autodiff
8d5ced101fff68d47a0232ab54bbdaafb3316ef5,autodiff_autodiff
8da0584c3e4956527cfe6a4420c5989455b0e64a,autodiff_autodiff
8da37296b06a517844a451ef0ef9f4e3917c603c,autodiff_autodiff
8da589c282ea263c38fc8c478ed3f5fca67c52cf,autodiff_autodiff
8de6b940c450b5b1c7c165eabe8879866b5d8042,autodiff_autodiff
8e0be6d4fc574f0f476d057cf2ed412ed72fb7a7,autodiff_autodiff
8e9fbb96a0048dd52e93e1882040716ade92edbb,autodiff_autodiff
8ea86e04d9922ba22059b90f4b005700d6f29e50,autodiff_autodiff
8f0b3eff51ce36e1265e565ea800da0cc1b5a12d,autodiff_autodiff
8f1c6287b3a57c6158790edcd8fb9215ffe7954e,autodiff_autodiff
9040b97c8a273638c3d78fef6097aee9aa56a3ca,autodiff_autodiff
9096d7167a4f9e637d85fa6c811c84f1f6074c5a,autodiff_autodiff
91285194de79da946fe7caffed73ab9308cc70c9,autodiff_autodiff
9168753203241f21f7285363adbad6866c107d80,autodiff_autodiff
91c4f893f7f97cabc7604bb1a39510e5ee9e457a,autodiff_autodiff
91caf19319206de8dd9a1ec0cfedd2de9d533a2e,autodiff_autodiff
91d5df168450b08b093ffbee6c734922c206631d,autodiff_autodiff
91e7fa2845efa1b7936ab68bac860f07d9094575,autodiff_autodiff
9255038c36e935bfa14e24824d6b536af2632965,autodiff_autodiff
92bac90d488d9dd95675a7e375b8a488996f938b,autodiff_autodiff
92c4c04d813071cf5e528d5bbc05ccbe2b9c52a2,autodiff_autodiff
936c35687d0aba9a57344e15cf21a8f2c0416de4,autodiff_autodiff
937c38ab9dcaf56ce19bce3645096d30626000ea,autodiff_autodiff
9393ad32db718bb719ac1b6d810f482e4efef68b,autodiff_autodiff
939c52e593ccdcc4d7b0fb9a8b4e60cefca8a3be,autodiff_autodiff
941f5abe58e6e43241bd13c5104c1a331b000ca2,autodiff_autodiff
949eed2271e9634f25c6ded29eec06ef51546830,autodiff_autodiff
94b438cfa14f27f1a69763e34cf622a26a46d817,autodiff_autodiff
9526b347cbb7192dcbc020ec109ef745fb970729,autodiff_autodiff
954c72076890d5f59632a9f13264e4b2da228716,autodiff_autodiff
958a96644549fc2b91e204eb21059b687f9f5480,autodiff_autodiff
95a3bfa6fb00cc6daf2c9fc87da0581338ac7f4c,autodiff_autodiff
95af72106059ab4bf12d169631964c0d46871c9b,autodiff_autodiff
95b3f5195d1960b54fd520b8e81ece52091f1128,autodiff_autodiff
95cd6048c5063a022bd6ec842e9689688e77a83e,autodiff_autodiff
9604b55576b145f3a55b6d4ca064b7943d4d5262,autodiff_autodiff
96636493db128d919cdc2d0c54db3791e1163659,autodiff_autodiff
9719d0d933ebcd7262b45a904973b95c4a82f757,autodiff_autodiff
972845568299891f2111ed7730b678954a6e0242,autodiff_autodiff
972b2c4f1a1eb70c031f931192fd9b000f5dec82,autodiff_autodiff
97783d849c5a057d9687740b2783f144e1c8390b,autodiff_autodiff
982ee0f63726c71843e2141b8b4b037590c2ad46,autodiff_autodiff
9870d6b05a92113f6ff46e2a263d96c5932087cd,autodiff_autodiff
989ac7b79c4f69fcc0e59ad635aa8bf8c2e1107e,autodiff_autodiff
98a5565305ad4700d84f8272bb441f848ecae6b6,autodiff_autodiff
98bdfea087cb67dd6e2a1a399e90bbd7ac4eb326,autodiff_autodiff
98c0ebe8850c19ffd9b085e4df6693e09f84c014,autodiff_autodiff
990dd739b5f40a8af44ff3188c633ca2a47ae77d,autodiff_autodiff
9926d6d8ded5d278dc3aecf3dbefdd4e22a3e8c6,autodiff_autodiff
99900f686549739ad0c71647b33c86f0da2918cd,autodiff_autodiff
99b8e026b926381ffddff5eeb04aa93d6c1ee756,autodiff_autodiff
99c5d37ce9d60160538cdd0869fc7f385e2a0b7a,autodiff_autodiff
99e14b31fe121a9a0ac71385c14fb16808d9a7b2,autodiff_autodiff
99fed3623ead23a44dff52350bcf7cbd6c066342,autodiff_autodiff
9a080f0c2fdb08c4d4ff2d49314d436bb09f8b97,autodiff_autodiff
9a8cb45812c447f83ff1f4b2c9f533c29a51876d,autodiff_autodiff
9b1611ef8d3b224b8ade101a43b08d121095f33e,autodiff_autodiff
9b716c765cac255f1e79eb431db9ba59c71a4cff,autodiff_autodiff
9b8559f381eb4f0f5fac036ed2ae5cc835e02000,autodiff_autodiff
9b90ed45bc954420bd042220868dc6337bc3bc38,autodiff_autodiff
9ba86143993c519656aeffd783fe8f6e4ddb7d73,autodiff_autodiff
9bf0c56ea183ba94b7af80495b5dc6c0e3e2ae1b,autodiff_autodiff
9bf9bdc11b6081176d7b0dc4b8bdcd26fe11377d,autodiff_autodiff
9c5961e25771bf67099ee825dca150a1c5fa2134,autodiff_autodiff
9ca4f5bbd3d46d6783a37674421e9556774c295a,autodiff_autodiff
9cb0c79867878592a3288cd9f4e9a2782bb42542,autodiff_autodiff
9cd6af04ad5ad38ed015f5254a92c125c1b7f81d,autodiff_autodiff
9cf92535b099cd4aceeaf1d4a4379e5ce52f4870,autodiff_autodiff
9d211427cf6cc3b52fd7993c36e3dba70b9060db,autodiff_autodiff
9d52894e4f07fa8cebbbccf359e8a7a6d78f8ac1,autodiff_autodiff
9da67adcbd250e8683db1cb0f44a0019bb2c0705,autodiff_autodiff
9e3efba088d8a4dae2df3f95116ee6a7f8c72c42,autodiff_autodiff
9fa4620a5260ba4df4bc8011ee5b0d656c44ebb5,autodiff_autodiff
9faa2df1f6cd13a02b2f5afa9349bd441e17363e,autodiff_autodiff
a09370b226d56db06438c1e6c30338bc61f9069d,autodiff_autodiff
a0a41f29a653795736076935dc8d6674ff262879,autodiff_autodiff
a0aac328710aa573f9f6ffd883f0c2734c18f2f8,autodiff_autodiff
a0cb39e3db81bf13caf7bcfee166f405742b5956,autodiff_autodiff
a0ff26d443f2a8d3c7801db6ad66c95924304581,autodiff_autodiff
a170392e95166f81e95b74e7fb6ad1b48ffa6d4c,autodiff_autodiff
a1e1461bb9c4cbee14f3e28090f5606852c1f534,autodiff_autodiff
a21e478d610df09391baeb9c7918b2974be28dac,autodiff_autodiff
a2e5114798478dc7f89ad545e11fe78ca588d605,autodiff_autodiff
a353d92d1b4c65119e762b3f4cb6e0ecf02800e4,autodiff_autodiff
a364e63d840f28c88196ff50e216d8d59f613673,autodiff_autodiff
a3b61212fe3e5cd2e95fb509d15155e80472baa6,autodiff_autodiff
a3fefa7e407cd80825db772f4336e90a1c6ba5cd,autodiff_autodiff
a406d492b2a8928fb914de26002845663ce0f0a8,autodiff_autodiff
a41019a103bdb8cea368b48e0554995e8243f8ec,autodiff_autodiff
a43a79fa5af53532a9a75067643c74ed726b3b8c,autodiff_autodiff
a474f3db9015914924eb0ff536aafbb9bdd097c1,autodiff_autodiff
a4ea49d15ae730ddfa79c3615807285006d5e7d7,autodiff_autodiff
a4f61bdb61d37e3848a274a93eb89b6881aa43a3,autodiff_autodiff
a523c0c3fa52f630bc8ddc7fd0724ec5d7e49fb2,autodiff_autodiff
a56211bc5a4ed761deef3ca8726c24d2e32cac07,autodiff_autodiff
a5679a5515c49abdda6fc50fc00ba6121c24ffd7,autodiff_autodiff
a5a11e95b9cd60c5aaff2503436f1f733b8533ba,autodiff_autodiff
a5a73201bde0444604cd749bbee31fab550405ef,autodiff_autodiff
a5fa2aa729daf270d4ab1e1e8e7e3f3b3be27ff3,autodiff_autodiff
a67b476124caecf3725484c4aef05bf8dfcc8c3f,autodiff_autodiff
a6ed455df5a09d5ddf9b5e7638e421d1e624eb7f,autodiff_autodiff
a71b4e334776434e5864b9e81992e6a9e0923404,autodiff_autodiff
a75ca1db6525284e3066132ac0bcee7d91c4a252,autodiff_autodiff
a7a6a07fc9c9a82eaf73d4b69819954a703c1a0c,autodiff_autodiff
a7b33929a4dacad5cbbc950556b692e8717d061d,autodiff_autodiff
a87e250d2d557aa9d4e498e2a4ccd9a36331f3db,autodiff_autodiff
a8cefd9d6ad71294b7ed24487ac0fd36901a74f6,autodiff_autodiff
a93d7b42da217fbeda083c4d3bc67a4a568cea13,autodiff_autodiff
aa05887bbb1da350e219be95b9229ade0b13c27c,autodiff_autodiff
aa4c0ff2ad246ba97704ebc3f64009f40bb9e5a9,autodiff_autodiff
aa57bf1992ef307cba14b6391022c4ceec0de253,autodiff_autodiff
aa824147871d5cf9c966d451e7c730a92050b025,autodiff_autodiff
aaa62192c23e7689a59dfa4799db85fef7066bd5,autodiff_autodiff
aab915651409018f80e065885ec0541d2dd3e05b,autodiff_autodiff
aae41af0a268fa9d6ac3500f11d8fadbb9f5a28f,autodiff_autodiff
aaf7692bff3f1243294fd7479b481ec924cd61a8,autodiff_autodiff
aba93ee70eda217f6e980c4ac9f77b446693b5de,autodiff_autodiff
ac24b3e80801d7c89b294ded46453b4200d3bdc3,autodiff_autodiff
ac453f904fe5dd748e534806cd1ce558cff7d5f7,autodiff_autodiff
ac4b2b0ff42302e5b21a96bbec7803fa7deca5e8,autodiff_autodiff
ac53de3d806dbf1f1aeee69e16f856917a2c3622,autodiff_autodiff
ac5581cfbe0b8980353cfcbc74ba3ec63659ed66,autodiff_autodiff
ac8952bf3343bb0dd1ea26c202a5e22101eedc7d,autodiff_autodiff
ac8d50bae3455b5a2642fa6e8e13010429e6337e,autodiff_autodiff
ad8a76fe4741ccb421f99f6327bf42912cad2457,autodiff_autodiff
adab725ca0cd23c5da587f2ae4f76949fbcb884f,autodiff_autodiff
addf312260448b98d33adc9dbead2a0deacde90c,autodiff_autodiff
adf7d7e78f2471b2cd18361b54b8a021df17dec5,autodiff_autodiff
ae2a28ca04aeaa28baec136e40f5a3718a3f3d78,autodiff_autodiff
ae4d030c075776b49d78a2ae4c1c8fbacfb5f86d,autodiff_autodiff
aea510a0d544d550e93400e761ee5d54a098e996,autodiff_autodiff
aead0ae95b1c5b45bc4a230f77c368f342673df9,autodiff_autodiff
af029fb9cad34f99854feb2c10ade71642038276,autodiff_autodiff
af2138008cac9835374059dc80787ae589600137,autodiff_autodiff
af271f17cf13a1c116e0ce78ad583c255fa8fb2c,autodiff_autodiff
af592b0cd3f98210ac2bd2563580fc39d986217a,autodiff_autodiff
af7b6c5d88ebcede7495631589154446b670e0d3,autodiff_autodiff
b00661ce003701278996163601dd20a1c0a7c103,autodiff_autodiff
b049c510e30662762a1df3ccdb59a32efa0e29fa,autodiff_autodiff
b07f21c24a6e42b003dd5f68d5b9960b8c391e02,autodiff_autodiff
b0a4feff5b2a61262e94305452ac53369fe35e75,autodiff_autodiff
b0cf4a195cf54d4cf1b95ee0e77f54045db0028e,autodiff_autodiff
b107b87a8cd46b717659c7a9f997cc730ad3d8a5,autodiff_autodiff
b128b6c4cca5a414d4e414d24cd4d774a56e0338,autodiff_autodiff
b18f89bfc9f40786adf23cd3aa87709e566cda8b,autodiff_autodiff
b1fb4db0f808d06fb2fc52ee57299a2baae269ec,autodiff_autodiff
b200da822beb0eedb50bbb8846df99492ac768d2,autodiff_autodiff
b2f590486b53722f250a3b10e4fab0770376bbe9,autodiff_autodiff
b2f9def2509e588febc8434b0bb6b233a5c85fbe,autodiff_autodiff
b3169ef8adbe7845385c365f133541d366d48207,autodiff_autodiff
b3400e9e19e104d568b40f56a067946caaf0990d,autodiff_autodiff
b36c4bbbeab59278fe0cf9593b50ab0537c4326a,autodiff_autodiff
b37a5b65d4d54f52cbceb0f68d695c83a943d475,autodiff_autodiff
b3a6efeab372cb1a04dd7287cc0a1b59ee4f46bb,autodiff_autodiff
b3c9766ee03e7ec217a074db733c0e40a67f84dd,autodiff_autodiff
b3d311a6d3be840a56f67f0b07e7fddc4093678b,autodiff_autodiff
b4c5aec6d9d394c419ac03149cac75b56dda183f,autodiff_autodiff
b4e2897d863bd8e2f636a9a29b6a956745095d89,autodiff_autodiff
b511ee2a14abbd95feb75d69f57ade1d2eddb470,autodiff_autodiff
b54d3cc6a470176c2e373b83449efbd65b5e8c85,autodiff_autodiff
b54fb0d564bb04f89127957de9a5d1eb087ed80d,autodiff_autodiff
b57bc86849bd58bedc780a7b9233ae7d0da0fbf3,autodiff_autodiff
b5e04df00c805750625664ac7bbc61ed81dafffc,autodiff_autodiff
b5f4ca1a298a7189feac4259b17dcf8a6271fe79,autodiff_autodiff
b5f620535b432882fdfa2f7de75b9cf661ee2f8a,autodiff_autodiff
b603dd909779868bf731d5800f1128ccdd537aad,autodiff_autodiff
b621194a01efca074d638ef474889ef9aec689d3,autodiff_autodiff
b65b5bd2b1a324cc62a0972fe2004f3ae2e204b2,autodiff_autodiff
b6b10923c1189ea64f051dd4b9b4747f44d791ba,autodiff_autodiff
b6e9e958a339c1d07cccf1fb20c380784a31c151,autodiff_autodiff
b7185ad97a5d8520bc80a27f7b44763164678656,autodiff_autodiff
b7551dbca374660b1db19e40fb6ba47ad6227920,autodiff_autodiff
b802e0739cd3b9db4a070808af1a55871635b8fe,autodiff_autodiff
b8e704161cb75395dfcff917b95a4936875ad832,autodiff_autodiff
b900c935098e2976294b8755456c7fa605cad230,autodiff_autodiff
b97336acc49ca5b51a84b0e9b37b7f92d218c905,autodiff_autodiff
b97bbc3b4e33f017c2410ea3b793b682a20ee5d1,autodiff_autodiff
b9877031612a9ba5c8f20f4e8d098027ce4a40e7,autodiff_autodiff
b9aa01b14bbbfaeff2942d4b87ea1acbcf42da02,autodiff_autodiff
b9e1b95a8cc65a1978c02683f5ca9c55b890a360,autodiff_autodiff
ba198bf52b586f5bba04b142383f9e16cebf5179,autodiff_autodiff
ba3e12249534014b96babfa7a2f848081117e4fa,autodiff_autodiff
ba665abf52e427c65dc082bcf2ac092508039fe8,autodiff_autodiff
ba6bc513c72a59a7c0518bbad7e98f5c41aeb55f,autodiff_autodiff
baf3845e405822f2792c9bef6cac1eed002ba265,autodiff_autodiff
baf74f4b66af10711233afb9d4513fac1ff376dd,autodiff_autodiff
bb1217592e5336b27d60fda5f642c8d98e99ffca,autodiff_autodiff
bb2fe43c1c4344631c8c5012fa65bba9af5cb1bc,autodiff_autodiff
bb7fd2ac7e2dce37fd4f63188fdbf3b058a41a19,autodiff_autodiff
bb85e3e565a4a1fb177c0e67c4d8b9ee3dadddd5,autodiff_autodiff
bba2cbcfbf50cc3463d8d3b5f9ce7c94f3eb84ee,autodiff_autodiff
bbb27e50725963780bd2e205a9eee595bb85c2d3,autodiff_autodiff
bbc538fb8300205db4deb08663657303cc399090,autodiff_autodiff
bbca2b4c6c5390a65f90e486f695d10ca725cf37,autodiff_autodiff
bbf0a42fe5333021eb3ed6b85ad0e0fe6680e611,autodiff_autodiff
bc7cf6c40fb996eb25bf11b60e494ae7ac3d8c41,autodiff_autodiff
bcce2d4acf54ca1dc7ae3c5a3d5c7bd82168bf77,autodiff_autodiff
bce33995894afa9030b5dbb33806942476b98fad,autodiff_autodiff
bd2eff99de4ac01f5b943a8370be78d4ec64edfa,autodiff_autodiff
bd3b059c4617b94567ea41e11d0dc847e760c526,autodiff_autodiff
bd5bb5369aaf975b23e7ea720eb5614e58b67b80,autodiff_autodiff
bd7d4749015baa3252d474ad1f04536cb043c5ef,autodiff_autodiff
bdad531ee5a89bd111f14b16be5f9924b86d5342,autodiff_autodiff
be0a1091ca973f4943eb034a71722e7069ad9efd,autodiff_autodiff
be125608f61828bd8c32716b56b5ba10af7bdbae,autodiff_autodiff
be2ae60d029dd2df146af9f84e3a2515b9efa3ac,autodiff_autodiff
be6e0e60884c7c8be5751dbcf8dd00ba8cf9bd38,autodiff_autodiff
bea5471f090d09b22b043939cff48915a4d35e14,autodiff_autodiff
bebcdf1c5b76dae39ff48ba8a99bb74953de21b9,autodiff_autodiff
bf54dfffdff071a66ec98633b1cfebf96fd8925c,autodiff_autodiff
bf54eebda55fac94dba072de0725774aff05999b,autodiff_autodiff
bf7ec25a48b38a5099ca959f80de1bad02914f61,autodiff_autodiff
bf9f30c7dfd84f717fb9995a4a7867f3b5cb0da9,autodiff_autodiff
bfaf068d61368a5bc824149a43ef5d4f375c43a8,autodiff_autodiff
c06b1ac830f4021b0cb3cd31aa0b545258e18721,autodiff_autodiff
c0851ac67efff066c2390dd522a0baa27e5f0a26,autodiff_autodiff
c0b76d75a4194fadeca769ac102c6c6dc31c1b54,autodiff_autodiff
c0e8f386a124642e5a4dbfe63c17abffe895b9be,autodiff_autodiff
c15d380f082b3b60b1fb2cc34b418ddaa08eb0bc,autodiff_autodiff
c1ac0322da8d1b835e7b7aa4a682eaec9fa3fb71,autodiff_autodiff
c265cc5c662e51e9578786ddfc0777a6d1c51a88,autodiff_autodiff
c3b8b03767dac4713c476bce3f4ba1e6dc2a1dac,autodiff_autodiff
c3fcde3c67e11a9cff4c6eee3258cc7c5732baf8,autodiff_autodiff
c4157934a73dcf116fe27e54f7e932637ad361c0,autodiff_autodiff
c446a295ca34c8c98b6f67588edec2040ca74607,autodiff_autodiff
c44efb6c9739a6e408828cfd3f329b7693b95fce,autodiff_autodiff
c473676a2b025c00008068999629b31389283389,autodiff_autodiff
c47549317c7036fd5dda37ab27b23730d4e43f4e,autodiff_autodiff
c494b81913456e22e266a9c100b79d77b52458ba,autodiff_autodiff
c50fc667f9087b9ac2409bb94d7cb7e542b8acdb,autodiff_autodiff
c545cafc673a70a650aabcdcd43c67db632ff312,autodiff_autodiff
c570dc2dea07abb6c071072731afbe74131ca4f2,autodiff_autodiff
c5d2ce53c0b9cedb749206b5d4f92613b1f8f756,autodiff_autodiff
c60ff398cdb050c491448754aef554cc828c8fd7,autodiff_autodiff
c6267af1e2c96661f973cdad71e5fea8fd9843a6,autodiff_autodiff
c62ddc22b4f4c21718f95ed9f439180d1091540d,autodiff_autodiff
c632ff2e4c3d7f1e048348795b77dc856893f0c8,autodiff_autodiff
c66b22942085d21832d6a4cb5f66345c2209e482,autodiff_autodiff
c6aa01fda03487938f7dff25677b966db8ac1201,autodiff_autodiff
c7833a4537869c23102f23f693203a81ac30fecf,autodiff_autodiff
c788cf620a6dfcf1dcd0724df1a5f5ea3f6556cf,autodiff_autodiff
c7e4cac7850e8d52cd61a9ba4f749f0f8149adc4,autodiff_autodiff
c87d23e96acd41dabd760ab4e01ba27c3dade0c6,autodiff_autodiff
c892b10c714596c04ea49ef7b4901b434945a5a7,autodiff_autodiff
c8ab8a1368737c8a84305b0aefb968430a634a91,autodiff_autodiff
c8c70cdd88d21a435da908bb3d175c65a4c12b9b,autodiff_autodiff
c8ea77a9c13db8c59c46897791799f2667725c04,autodiff_autodiff
c917e4f35deddd91006de9214599b38060cacc50,autodiff_autodiff
c94c918716fabe739e1f3bde0fe7196b5faa2ba8,autodiff_autodiff
c98b29dd5a4d5fe491beb9ea04e186c86f40c988,autodiff_autodiff
c9fca2a1519c763cd377dc38d759cdfbf9e08bdc,autodiff_autodiff
ca26cf1341bc80f22caef3d661a769861bac5133,autodiff_autodiff
ca28f7d2731289ec2aff2d10cee4f11c1af06da0,autodiff_autodiff
ca4776724760bcc7704286e11f467b6fc5f44c55,autodiff_autodiff
ca506d4c2050105ed7f436e57e21de1153db555d,autodiff_autodiff
caea59dc46a5ed770986abf0318868dbb8f64f68,autodiff_autodiff
cb2d6e8b9fa98b7b8cf3ffaefa231943c56361ae,autodiff_autodiff
cb3d0f9317933272b4a2199e17394263381f91f9,autodiff_autodiff
cb451e5c65eaf432d38583b45dc39584f8bf0be6,autodiff_autodiff
cbaceaa7cdf6507f895d3d924c6243448d9d6fda,autodiff_autodiff
cbcca6fef11980b69179b04eb313dfde51463fe7,autodiff_autodiff
cc2aa5726fdbb258d097f87b97da3d1022f8394e,autodiff_autodiff
cc3053bc5f53b1cd6cdafddcc084bc6b97aab7b6,autodiff_autodiff
cc51807270a5df58b2ada51505057eba40d29911,autodiff_autodiff
cc6563db0e3d56118beecd69ac052cb4720fc949,autodiff_autodiff
cc69b1eeae3d80695b7bf88c7a0cfafdccd0812f,autodiff_autodiff
cc9e4c680fe4f7cb66474c311555832fd2910118,autodiff_autodiff
cdd894420eb346cf4d62ec793a5e3b00b6dc25b1,autodiff_autodiff
cdfda3ee70a58f17a5d6969e403ff9dc946ef34a,autodiff_autodiff
ce16ca235792abb850d69e86028a134cea7861a4,autodiff_autodiff
ce445e5a020c66cbd9d48a97535accd4e42f0550,autodiff_autodiff
ce52f78e5000d7793b4e4e1bb7dd1d968355552a,autodiff_autodiff
ced6ba379938342705ac8e9f3dbac56fdd619753,autodiff_autodiff
ceda987944d3371e833c9ca3420d6c427fdf47a0,autodiff_autodiff
cee6e66aef65afd114e983c85d60e44fce5fb6a0,autodiff_autodiff
cf1166d1b79f08f4b64df179a5dfdc117c0de4d2,autodiff_autodiff
cf697f7f122f833430a6d90d9a4c045bfe921a0c,autodiff_autodiff
d02cddd2c3e444b1d3bac79ae3237234feb8e124,autodiff_autodiff
d06aab0ddfd50771fa605cec591b7759c396ad4d,autodiff_autodiff
d09de10c9b2ad20dea25424151b27a6082bfce33,autodiff_autodiff
d09f47508a50c02547c1ec16e2759be41c0538b7,autodiff_autodiff
d0a4de7f87d74147f5c1ed43b85cec28f850705f,autodiff_autodiff
d0af7aabe878eb593d1cb393d5fddbb48aa00c0b,autodiff_autodiff
d0e00b2869974aca30e19a0d67636d1a903c59f6,autodiff_autodiff
d0ea6ac70cc9170cabf097a4780aa5fa62d99c55,autodiff_autodiff
d106f0a10df1f2168765400c4cf991d0f9c5e4cb,autodiff_autodiff
d15d37afde8471d9ee1af46aecb27ceac8728722,autodiff_autodiff
d199b997fbfaa57c93783a5ee0208a83f8004a9a,autodiff_autodiff
d1b78e07d962cd9ee8bb512352d5203336f0dca3,autodiff_autodiff
d1bc80d9bc2c596b971bc6c8561b8afbf18b6023,autodiff_autodiff
d1d71ab6d75dc1c35607e2eff51b7b98fda12384,autodiff_autodiff
d1d8e11a0aa041f51bbb5e3f201fbcaa2d4af923,autodiff_autodiff
d1f5a0d25574889a56acfa4339daffe70883bba8,autodiff_autodiff
d2508eeb59b709d2904fd492a68b58ad68d804e4,autodiff_autodiff
d2de7122e489f7d923ec5471493681bfd0df63aa,autodiff_autodiff
d2ee52aacb768e51be9f3ae54ddd2aae17906c7e,autodiff_autodiff
d32bbec3b0655c5274fe2b12177e1a94f0eece01,autodiff_autodiff
d3619aeee830f33e7d3a6aa309f6c688b5ea0403,autodiff_autodiff
d377a32d0e9febcfa15c9553b50199e4ca44dc39,autodiff_autodiff
d3891f0e194130017010dbfd289c6fd35742cf80,autodiff_autodiff
d39a32985ee13bc2a260b5f536b5a441a8b1d750,autodiff_autodiff
d427b7765170d00ff343607a5fbfd50b34c60bf2,autodiff_autodiff
d44777e513058196f1c97090d4335430e2fb1350,autodiff_autodiff
d46113a6da84b86bc312ac51da2d93a2bf39946d,autodiff_autodiff
d48afb260d5655a9a1b802f4f93f735d6f04976e,autodiff_autodiff
d4d8b3d0e82e958298f3622f088271e822e8650d,autodiff_autodiff
d50cad5867f3b90de54352e4a7100e421fe69acb,autodiff_autodiff
d52dc0947e4e211db84fc38acb6cb9049cf6b0b4,autodiff_autodiff
d588f9ac3b01d99e8124a46e5343eb2771a2652d,autodiff_autodiff
d5f79e8a61d02fe685b7dd37baa999968b6722fe,autodiff_autodiff
d60b73b092331cffcd0f04200e56feb756a98f5f,autodiff_autodiff
d62fa001a5d885c1bbb31ae99d7f6a63b0341962,autodiff_autodiff
d64fa3ec76cd6de5faf8ec504f488ae94e4a131a,autodiff_autodiff
d66d8f4852146cc41168a31f750f3d09ef8f2e70,autodiff_autodiff
d67c0623d8882d57b5316ac70b9aaf9fb24771bb,autodiff_autodiff
d6e387a51da0dcc0321ab90d6355c0e00c7329fe,autodiff_autodiff
d72a4b3ebb74043e78518a840239120d99767823,autodiff_autodiff
d74087d03b8cd782d6d3723b1a32e9b196369ce7,autodiff_autodiff
d761ad1040d26e6ac93165d350b420f1e829d636,autodiff_autodiff
d79376d31b7a8dfd23b0db036a854bde299e0a48,autodiff_autodiff
d798b463a796a1c8ed1cc0c904bf933915cd8fa7,autodiff_autodiff
d7bc8cb8170e545a2275851fa88934f8dbf8fae9,autodiff_autodiff
d7e3e99e16b9501174ba00a7bf7555cb7325cd24,autodiff_autodiff
d8464bf5c8e705fc78fd4772834c55688aeee5e2,autodiff_autodiff
d85da775fe8d59be6b472436b4b08554602e65b4,autodiff_autodiff
d8781970a47f3fb6a354161e1b29ff193bba2a77,autodiff_autodiff
d8cf1cd53e4bb4c1db46cd216889a877e881b893,autodiff_autodiff
d973755f979f12a6fac35c58d1602f218201e661,autodiff_autodiff
d97e7cfc25bb1d83c783121328891a75d95573c1,autodiff_autodiff
d9d260cefb28e20273d1f86a5b46249b6f2d9ce4,autodiff_autodiff
d9d4cf13697c32588284b58620c689fd60f9228d,autodiff_autodiff
da17bd8e65a079b8a2d2dce01998aa0007dc7abe,autodiff_autodiff
da2ff8098b26c9f0b936b8da42a34d8e4533a597,autodiff_autodiff
da56384ec5a9a2a5ebfaec23cc99d757a468d5eb,autodiff_autodiff
da5c2b637bbaf5059f369d920b7582b4a818b7cd,autodiff_autodiff
da686970f25493fa5c02e498825522086365c776,autodiff_autodiff
da9140a061e156457e405e4ad3b81162342b6231,autodiff_autodiff
daa5fabea1da588d8b091182586644a9cd2c4944,autodiff_autodiff
dabaf0028e53bc38f11624dd19546b4f219d65a6,autodiff_autodiff
db29ed04f76a412cf399e7f70df5f7759ca34ce1,autodiff_autodiff
db2e268e491860b805e373c0be9ace7dbb7c5532,autodiff_autodiff
dcbf96aa3c278dc7072ac93e28fa983eb801292f,autodiff_autodiff
dd155c7ce9f56c09ded7bb6ed37b784afd2a2b4f,autodiff_autodiff
dd4adb9bdc499928d4dc6e364122f55f1ddc5693,autodiff_autodiff
dd90379b352e0e328201a14299fa77901715dd25,autodiff_autodiff
dda7541847310d1ada968a4443358aa07ae3c04c,autodiff_autodiff
ddda24745d85bea97af1be0202e8a2dfa9828c52,autodiff_autodiff
dde73ab774c335e00a5e87c15e80fe03f498c537,autodiff_autodiff
ddf44aae0ad96a4ec5333d7e558752084ddbc154,autodiff_autodiff
de243c02a7c79f51094aa12acb004eb80d0b6a6e,autodiff_autodiff
de6176692883fb1a7eb9694a73aae7cdab517622,autodiff_autodiff
deb7a5c0c33df94106f9a91cb46fdc496046d67d,autodiff_autodiff
deb96e830b75f63d1fbdd7776ff923f1f1e9eb3c,autodiff_autodiff
ded2dda94556834f0d60d7c1ec541f8f74d91b76,autodiff_autodiff
df129feba139da1803ebe7e94b37a6e76e5f8078,autodiff_autodiff
df1df84acc41fa95b1d1102abdb99489c10c5610,autodiff_autodiff
df762e979c390e6cdb5b662eb9dcff4ede5c41af,autodiff_autodiff
df776f8510c71d0223db6fc6b859e337fdda4c39,autodiff_autodiff
dfcb5b95e9611b9f22a15e4d63612ac0e746c465,autodiff_autodiff
dfd582cceaf37cd6066e70320ae63abab0133313,autodiff_autodiff
e08fc7075e24b05cbbdbb2d5e767d2e28231507f,autodiff_autodiff
e0f77dc773ba1252d1b4adb3a24ba784539f7264,autodiff_autodiff
e13609c0eb77265b95edbe162e67ce8b424b5c31,autodiff_autodiff
e17c2ff4f3be70ad30184e9209bbae7915cb7311,autodiff_autodiff
e2590cc458ad95ea79c537be1054ef542d76481f,autodiff_autodiff
e2ed83e67da58f57ea263a165ab13705ae5b9d80,autodiff_autodiff
e318dc2c12acb0fb54a6da462c47a688f02d96d4,autodiff_autodiff
e3ab7d8e0ea69f5e21425d49c5ddc8f99aa5b286,autodiff_autodiff
e3dfade3b496a7c855d4612f749f7cba9005d0ca,autodiff_autodiff
e471acfa2892db1754128fbacce4b78c02610c61,autodiff_autodiff
e49358f47e359956935c4b65f77ba849dc5beca8,autodiff_autodiff
e4aff87ee2004f86951d84683ad7ba6f6e5498a3,autodiff_autodiff
e4c2a204d264c4329bf16583263a627d6f35f5b6,autodiff_autodiff
e4c31256e5733f8a4e534b6ba230cdd0bce87cb2,autodiff_autodiff
e55ee23c3f4b6471cda549aba4afbfce051c5f7f,autodiff_autodiff
e589ae5c69795a2c5eb7020cafb834a23487a50a,autodiff_autodiff
e5cfc5cebde5e6c4a292a1cb8bbb0d404120e1e0,autodiff_autodiff
e626fc0986508fd0f32c5b1cdf14216ecf3b0e6c,autodiff_autodiff
e64583575ba73c3a24910aa77cd60c48f2d480ad,autodiff_autodiff
e65a431630bdae6ca11c51b852ebcb21dfebdcdc,autodiff_autodiff
e692282659a1874c096cec5ffc9115ac01446071,autodiff_autodiff
e70e59ac700dbb30e7ce3598a08c8065a0a8fcf8,autodiff_autodiff
e735f44683bdddb0247c2e0df895de68aa572e43,autodiff_autodiff
e7645a9b3d4e8643d68ccb156be64772e579951a,autodiff_autodiff
e764724d2be9b7f359d2ca8b1cb15732a3420d10,autodiff_autodiff
e79d771fe610eb32bb602d74414f079bd3fa1072,autodiff_autodiff
e79ea904eac3a7f9070c99ec2820f4fa24abb9d4,autodiff_autodiff
e7fdf45be022cd30671c9a9d0ab5d8d8c8603b49,autodiff_autodiff
e8132158b88904192c8a779dfb033927f963171f,autodiff_autodiff
e82ea23169855a381eb9708073ea0bd5ead29561,autodiff_autodiff
e86abb46997a0570c58acaadd37b4797b5de8fdb,autodiff_autodiff
e86bcf0cdb68cf6f8c998a7f4ea46c35598fbc5a,autodiff_autodiff
e896375974f50e100a1ea61471b55d7367717ddb,autodiff_autodiff
e8ba334eb30ed257444cec42a287564673a1653f,autodiff_autodiff
e8c7fbe558fe870dfb2981340a65489fd335679d,autodiff_autodiff
e937c66018aea42ff015baf94f28c5b08beaea80,autodiff_autodiff
e9397e0dd2f6dae456423846db67e01f3e371c9a,autodiff_autodiff
e94401d767a538a94bd7cef6d7c6a5276627140f,autodiff_autodiff
e944077e52b91cd318ac2b5fd95806d22176d296,autodiff_autodiff
e9506ad4f0f8ea010d2fc52183d7a83a5b9c3971,autodiff_autodiff
e9b653465d81adc13e0eaf01d466e6198ab740e2,autodiff_autodiff
ea1dc59239a085402db34846f6063294bba925e2,autodiff_autodiff
ea236e3590cc71493808aa4b2e8ece5f02850b3f,autodiff_autodiff
ea67768a636219da05683a3f595e157e1628b2b4,autodiff_autodiff
ead3aefde9ed8a7c08544c59cc6271c946d7dda2,autodiff_autodiff
eade989bf5450cc3366e7813a1bf5294d444f69c,autodiff_autodiff
eaf07c336f6b0ab1ea1191c2f1e626295131d186,autodiff_autodiff
eb6aed5bef3dbcf5831142cb44e7448f708eb89d,autodiff_autodiff
ebbb8ae5566766fc41f219da8e7b47d298dec0d0,autodiff_autodiff
ebfaa1bc9579ea17a0ddaf89650929ef3e19e02f,autodiff_autodiff
ecafcffc50709a9fedd9692df9241b227ced601e,autodiff_autodiff
ecb3efb59a20a529ed1a7b7c35e043de47ff3ded,autodiff_autodiff
ed45b81763ad06807e48f6957b7c724e97019ef5,autodiff_autodiff
ed927f3e827673ef27a394de669074a4baaad94a,autodiff_autodiff
ed93381e3f6484f327a8614be09e7385489cd3e4,autodiff_autodiff
edc2a329f27c104d1156b49128f9b33a42dee257,autodiff_autodiff
ee2c4c547f5fff586784ffbda6a1be1adc06d54b,autodiff_autodiff
ee4759bfc1029ec1a7ae55e030c0110df6491e6c,autodiff_autodiff
ee6c0b6131715fdf3975cf64f84fcb4b0e9f7230,autodiff_autodiff
ee896ab888c4c3d987551c4f69fcf4ab60a47df8,autodiff_autodiff
eebea67b71c918f4fc30123e6dd7f9241ed2a6bd,autodiff_autodiff
eeeda3989dea47c32024606833c7dc183f6b359c,autodiff_autodiff
eefd2f78fbc5b5f8655a04b9b5e4741ca9ba3081,autodiff_autodiff
ef0c294149554e6c5d1cd90c724ed3a7f3262bf8,autodiff_autodiff
ef3cbd7c7d215aba550c099a2af8425896036a7b,autodiff_autodiff
ef3e0fcd5d17835875dc7fb611b8be0e081a9be0,autodiff_autodiff
ef6cfcd61de70dd8fdd938a57a4fa4fb89a0faa8,autodiff_autodiff
f00d1eef736112ff8a023689ade894499910e290,autodiff_autodiff
f1fb83bebd2144b428f4a6e12e235cb583b167de,autodiff_autodiff
f1ff46a6fb9a8cfb35d4d07a4eb6738613395c18,autodiff_autodiff
f25f3d1bef3fe1ada7049e0f575a1739bdd400d5,autodiff_autodiff
f2b0e1778b7fca5cff0386bbefb69d843e811f7d,autodiff_autodiff
f2ca9cdbcf374344d0492fc2342aa1970ffda4dc,autodiff_autodiff
f2d960632787371179115a97d48f345b97d86e57,autodiff_autodiff
f31e9d3d5a66d0b3aaef8b02769d0ba8c50a897b,autodiff_autodiff
f359e1b47e46fd2dc30d2d23c55df29bdcc926f3,autodiff_autodiff
f37bcb5c6683f72489fd3e5ccf31827de2379f3a,autodiff_autodiff
f39b87e42fdc30cbd59d391db09ffa4ef0f6295c,autodiff_autodiff
f3edf46cf8d6115d3d7225dfdfd59a86994e3d84,autodiff_autodiff
f3f15c2f92123c5fe745d5671978b52b0f51659b,autodiff_autodiff
f40622bbde91ef1529f001067b601ff82d8c95a6,autodiff_autodiff
f42eb5b595e12dde7fca338b51d2efe6fce01f5c,autodiff_autodiff
f461d68c3986963c52f48e7ce45657c03f17c515,autodiff_autodiff
f49a862dc6b54f87eea286400b2fc17166436a63,autodiff_autodiff
f49deb762453c560693c54bf2d1e22681e6bf6a5,autodiff_autodiff
f4a82c23408a22e283d09c6681f67fa693d60461,autodiff_autodiff
f4ae8908f308eab181352cd46db05b513de9e2fe,autodiff_autodiff
f4fc74071805056f3064a0de4e468f7356de3a90,autodiff_autodiff
f5450219ce7b7470479a0120b8b01aa135cc7de1,autodiff_autodiff
f54eac55404d30cd46159ae1bb7d36a6a8c9afe3,autodiff_autodiff
f55dc06d5dab4267a666d93bf42ea8a461813565,autodiff_autodiff
f56003b13942b51afe2c3515ab3a5583787e5694,autodiff_autodiff
f5db33afc0c0e6f189cc7797e05089eee5abc16b,autodiff_autodiff
f64c907397446434ffe2809cbf84925da7aeef91,autodiff_autodiff
f653b6ccd00c3801e1a92dd7d4a526cc2cd06759,autodiff_autodiff
f66ab9a741cd6571355af222d64e4db2674b8b97,autodiff_autodiff
f69c667addab32dd884e26cbba2084b2fca9d2ee,autodiff_autodiff
f6a3acf9a1addfd808200b1eadefc6f601e48e9b,autodiff_autodiff
f6aa74487f9538e8c5995be9010f5f10d4b83b6f,autodiff_autodiff
f6be006d5525295b4378af882cae1502fdee388d,autodiff_autodiff
f6c88098532b73d458217f153aa75e1f5b9a16be,autodiff_autodiff
f6dc19205a09ed86507a6a9f39220dd37e71e19c,autodiff_autodiff
f737ee88bb783f6743b0022d5b298e804a699a4f,autodiff_autodiff
f7ec1286565ae612803cf94bf6dee003ae92808f,autodiff_autodiff
f80b92f1dd208995673d3f19893a3379de52a634,autodiff_autodiff
f8344f862695c89dc457a8bdc881dd640d5330a1,autodiff_autodiff
f841db491fa9aaa860221cb975dcb9a6cb508586,autodiff_autodiff
f8578893a9f57a8c0e150bc144ade5481016f943,autodiff_autodiff
f86d6c873b67681566402937e2ed03cd42cb1420,autodiff_autodiff
f891db9396e30e7ed20bdd08e9cd92f1cc35d9c2,autodiff_autodiff
f8acbf724272a9dcdbe82adc4fc64130adb098f6,autodiff_autodiff
f8f0cc7a591e3d1f508cfd9d9d5cc83054003824,autodiff_autodiff
f914477cb0ae39adf0dd036826220faae0dd65e5,autodiff_autodiff
f918baf6e63b9ca4299a4cd1db8cf5f7ad69adf3,autodiff_autodiff
f93e462dd6d081cfd7d004214137807b0be35aa0,autodiff_autodiff
f957e6a20e1221164894ab5aa3c86325d645b455,autodiff_autodiff
f9795855135281549fb1e3e96e6ab874b9ab7425,autodiff_autodiff
f9bbfea918ca6d81e74051f4d3c8260fc0348099,autodiff_autodiff
f9e87e17e243efda37f2c409139249762ac87acb,autodiff_autodiff
f9f3a4ed20cde481c0ab2ebb9689e1247fcb036c,autodiff_autodiff
fa5185cdb9f53e514a4c08f567c1fd130867b4ab,autodiff_autodiff
fa5ae111d1c4507dac753591b7a0f715817937b3,autodiff_autodiff
fa74efccc997e151faca3d1c83571d6696ee5c8b,autodiff_autodiff
fadd6e9b514803d4faa433c207271f8f274e4276,autodiff_autodiff
fb1afe8963b3d7ae47f534d366c8d7cc395b5ac8,autodiff_autodiff
fb23d073ed075ecd9186d501ebd6b1b6f6d9e23f,autodiff_autodiff
fb33d6859a564ecdfa8d08da83fdf929f088f266,autodiff_autodiff
fb8425f131a0573d3abdbf0e10c8ca523c521b42,autodiff_autodiff
fbd922803184bdd325d000645c8f08a547e24115,autodiff_autodiff
fc16ffd211800e78a0b64a0fe827c0486d2bb2fc,autodiff_autodiff
fc335163f1d2594c03aad9ced9f252757058f740,autodiff_autodiff
fcb20434cfb4b96290a7004a1b103c0e7c96a09c,autodiff_autodiff
fcb22b26138aa71cdacd7e2a558e05ac80033db0,autodiff_autodiff
fce4aec72e7a3f744c21595a6b2e57ff888efc1e,autodiff_autodiff
fd0cfc78a15d4328661fe3f8e8ab8d9f3d934744,autodiff_autodiff
fda521d0153f3581d624f71d2a08718874ccbb9f,autodiff_autodiff
fddd3745d358f739ee0cdd9c705cdba8834167a7,autodiff_autodiff
fe0fe969e738d3e2bf22406ef751ab69f2ad2a13,autodiff_autodiff
fe3a588ae62c6ab26e71b0579127d24137028690,autodiff_autodiff
fe726b423300a2fe8b03a1e7d68c8fa0aad891b0,autodiff_autodiff
fe80f0d7d86aea6506710a71d4c6fccb0dd17aca,autodiff_autodiff
fecf6d0635fb2637f4e36ea205b4acf55c179704,autodiff_autodiff
fedb3870bb6a43dc3770cefa6ad3ba690fc691a9,autodiff_autodiff
ff04eb3e3b6b3b640d8eed3386aea4c41308324e,autodiff_autodiff
00dca10b3d84ebfd239d175375ca74b20a1a11a2,mourner_rbush
01ab5ccc4b5d06b24bb0893d951cc9ebbe980892,mourner_rbush
02164f752f8814150f73c573ddfcf710963add9f,mourner_rbush
03a9868d8152940a1585764d4a8ed0d1b1db0960,mourner_rbush
03c346af4c6356c1860638bfef7a366db3f5e2d1,mourner_rbush
043b27ca2359a44534da99e38931916bcfb27366,mourner_rbush
04e07dbe398ed24d75aba105baa451670e65fce5,mourner_rbush
04fa1f1134f20cee98d96f1efe0804b5227028eb,mourner_rbush
05566c1860ef3812097ebbebc2e2b77326c2c89d,mourner_rbush
057a06c8e9ad9bacd67b2e540288ac4347706bc6,mourner_rbush
05faec29130a0043b75183bb51fe08439588e706,mourner_rbush
0758de9a23287564203248e39df04b49ddb5985f,mourner_rbush
078e11d76c882337da9c40fb2cf26157e028ba38,mourner_rbush
07a79fb4f5b338fcd2588ead18f17e79f2a67401,mourner_rbush
07cdae858ffafc782f2d077d2767ca0261ae23b7,mourner_rbush
090b613973de2cf22895d1a82dbf5298f0efc093,mourner_rbush
0953be9682ca1ea06139bec33be8c0279877416b,mourner_rbush
09969e2e9a1f6ceed8cdf517b3be923195ac6163,mourner_rbush
09b048fbea2740b8654c7cdfc8c30291d17f1125,mourner_rbush
0a9e584649a30a5fac21905807efd27c4aba3fdf,mourner_rbush
0abb4e19162439c174d2d9f0ebeacd799aa2459c,mourner_rbush
0c6f21c3724b2e571bf0d1e9783ab2cc228eb922,mourner_rbush
0e736be96352cd779a2f9b12539691b3eb0d0a28,mourner_rbush
0ea940699a0d5f023660eab9685dc912d5e26cd5,mourner_rbush
0eb1a3bf85ad0f79401fe689a4ad3563eae63c47,mourner_rbush
0efe878cddd0f6d612ed1dbd33ad0933604095de,mourner_rbush
0f709d290177416968947fd6c22cb9c6314e6bfa,mourner_rbush
0f80947f2889372f212ed30c1bf092a665e1c452,mourner_rbush
0fb7834828e65c572e45c9cf3fd5a6bda665b615,mourner_rbush
1009c61db9e8c2f248b4f3357187de9238077816,mourner_rbush
10b75d378e6e560976c09d84ba06a1aeef644651,mourner_rbush
11dd2d51550e70005a3e75b65763183968a1ca2e,mourner_rbush
12eb00ebf6385f3465cfd22e458224c41cf460f2,mourner_rbush
136f212e77dabe10b9956d51094158a0ffda534b,mourner_rbush
1402f8de98ec4204a482fc775287eaed0c56fe82,mourner_rbush
14314c22487e47ce85ee610afc1c1846ca338248,mourner_rbush
14c23eddde9fef5c66f27f81ea86a3e1891ee60a,mourner_rbush
157886367b6014845cb35e0f885b18d76a7b8c6d,mourner_rbush
157ffe70a9123c8677953119d60862ea1a545ad8,mourner_rbush
1580babf4fdfc39d1517b4ab36f159ece135102d,mourner_rbush
15c31bddea48bb5df08b29d51621e8d39cd0b860,mourner_rbush
167b4d69edb1a353ce67e38a76862d6c3df9ec67,mourner_rbush
167d5a32b014a79cb34e765fd9e039baf49d2259,mourner_rbush
16989e9302341c84d7f095bc119ba85260939184,mourner_rbush
16e0e168d757bbc10bfc94cbc1ed773f2556c4f7,mourner_rbush
175cb6a0201eda595d485d2ce38a3199a1b9ed7b,mourner_rbush
186e8e4cd884a43950e59e5f3a3401d7d3c0666d,mourner_rbush
1923700d13aad75227b13908ae0dd14c70a62e32,mourner_rbush
1961e5d7796410c50d95b2361e1eb832a9d8e3bc,mourner_rbush
19682386116a7382c8c726227282b5c9ddeba141,mourner_rbush
1b33341ad492a74d44023d660214fcc665d01776,mourner_rbush
1b4e13b8101ce9a56079e433e4521e34ed0ddcdf,mourner_rbush
1d06bbc3bcb2bbef1bbacbea80976623cb8e22d3,mourner_rbush
1daaf1848786b1d525e93ee823f735a69c6c7eca,mourner_rbush
1dd0bf73d2324ffbabe3cb515cb11fc2f0f87c9a,mourner_rbush
1e4b03fd8b36dbda9a188adc3da68ca857e6abb1,mourner_rbush
1e555dc562ada68c0b3441532b7947242c881ead,mourner_rbush
1e85bc158bb4632b78be20ef88b97abdf7347f10,mourner_rbush
1f0ff6c58fcecbf5c05b38883448e4450138ea8d,mourner_rbush
1f71409d53e56a1a23c1f9989dd92d53aff57b31,mourner_rbush
1fbfc0fe6c4615fb7bda2eb9e698be9f51540399,mourner_rbush
20e92aa4158524f9b684caf194ab6f2651f1018a,mourner_rbush
2163f555475cf31c17dfee61a05e8eaac401e891,mourner_rbush
2280a55f4e97ce6cac5ff16edb2b971d0672dea8,mourner_rbush
229e31e1470fa45aab9b8aa14a4aa39da8dd9814,mourner_rbush
23e85c007d00652de5568cde388d13fc48f061fd,mourner_rbush
24a8520252cf6a3be83f02b7da2cc5426e8d1758,mourner_rbush
24a8ee253122df296e2353ec0addf0a8c006a58f,mourner_rbush
2504087a4601391dd1b7741d9fbaa9d6f5024a13,mourner_rbush
2521f5abf12ab3c54ec973c953dd24a8c16dec7b,mourner_rbush
255634e81f56693c059a5ab8ebe1d7739537f7d4,mourner_rbush
255f7defda1ac6bc7d3304abdb815879e27d0efd,mourner_rbush
2583621a334fa6113e9022c081d2cdc9f41bb52a,mourner_rbush
25d0a95403e2ebdf13fa1cc64e169acb7ef1b209,mourner_rbush
262f89219f2839ef72e8e0a2a61297ada9c176ce,mourner_rbush
2697a5e24cd1b5fc8ae90de804aec7e09c80446d,mourner_rbush
26a46956619e5d64d1f5ad487ca30b3c6134f8c4,mourner_rbush
26b09b66852a224ffe8418676ef587985f682de2,mourner_rbush
273dccb53de26d24439e3dc64ab0e365e489393c,mourner_rbush
27d90f412876caaa68ebe11e94e3b2abe832d0cb,mourner_rbush
283ad1310967449e6744e78ea88d20405ec550a0,mourner_rbush
29be8fd587148fc7c6bc5037f8fc81f77c6b80f6,mourner_rbush
29f115d2cbae236e1998098936c1f15cd1349264,mourner_rbush
2b8c47a5af0531d90499172925f970d021246759,mourner_rbush
2c29caddc432933d1a47d41bb858dbbc29e1ea0c,mourner_rbush
2cb5c8e3dff26b72fd09a46cba489e8bcad03187,mourner_rbush
2dcf09b15ddeb921e3d12c1c07dea343159c3ed3,mourner_rbush
2e05fbfef96f9e53b5fce435795c35d035e65cff,mourner_rbush
2e521c8688b5337c4ac54b722224519753c92553,mourner_rbush
300e0585df9b0ce1e0ecb57794cbd1c82d7ae576,mourner_rbush
305b603ac73856f282607c58e1794e7b1420a46a,mourner_rbush
307098e47d26f32d8dd27dbb7c4c3f3ce9c829dd,mourner_rbush
30cbdd31a7f636902559b1b478aeee5880f30c74,mourner_rbush
30e40711891f2b647f4dbf855c46cc59f2d27a84,mourner_rbush
316e68b4d9bb4170bc1d85b6986f23eee9b65fb9,mourner_rbush
323a3220862137a523cf96e03cf9c6bf50c1c1e1,mourner_rbush
32954a668d20d031480f3ca6a7f1e501fcf6dcd2,mourner_rbush
331701a2e4f8335fe5d214873e31b1239ad9fc71,mourner_rbush
3378621bda95825a5e41c1913b091768199f990f,mourner_rbush
3425f20365ec032d7303abc9ab0df071b242c024,mourner_rbush
343e8793a198116733fd33d2c49c30a84ec23a79,mourner_rbush
3457355fba48d4e20733bbc1cdd8ed6eb2df038a,mourner_rbush
34edf5d556e5f9f913fb001172a3d2bf900daa5f,mourner_rbush
36c3afdef40f80523c47e30165bd9e7de7dc5f72,mourner_rbush
36f9c5b6602bd0ed66172b48c6b4d5b3cc5386c2,mourner_rbush
3753694cb100cc64cde2324af1dc6b3e0d876f7e,mourner_rbush
38ff3b4655f1a92c067ef7f7d965fd4305dec390,mourner_rbush
393ed0fa6fe514e40f2f3528a6fde507d93ffc10,mourner_rbush
39bf2b1a3098fd90a3fd6a789f580f1892d9b0ad,mourner_rbush
39fcb8e402375250bde120b684a12d3c4a51e025,mourner_rbush
3a248a6b878dced230e50db34145f96744ff1e20,mourner_rbush
3a29a4d0a54914cbbad2d8767c30bb8219917382,mourner_rbush
3a561b63b82ae802428b464ec48f448e37e8cd82,mourner_rbush
3b4098ad6cbfc6f00bcedc3be7d397c4fd21830b,mourner_rbush
3b53a2f4e5871df01bee01b6a54f8d54f690719e,mourner_rbush
3c0b327bb0bbc9422ff75e419b6e149609478525,mourner_rbush
3c5875c445650bfc4a1ff43fb482e9032f6f305b,mourner_rbush
3cf9992c9f8aef4151acb6b3903465778146044f,mourner_rbush
3da5dc8bfa511a98d473372968940d87fc821329,mourner_rbush
3e03d4c243aeaebce4698e4ab8a669602f405b96,mourner_rbush
3e0601adf790fc0965c68ba98bdcf5a631f013b1,mourner_rbush
3e56509fa50c149ac98b1cc338aa7ac8c8adfe7f,mourner_rbush
3e6fd7a7e7f1e7bf451d8a1a0a66e4a675e6542e,mourner_rbush
3e7a3d51566ce5d75aedb042d1b33f1ac6fcfe97,mourner_rbush
40ad8df2281b353a77591f186138361e09b843e0,mourner_rbush
43f2f47ea83c5af033b8e992ef042c7a7f99113e,mourner_rbush
4421ddf256988acc237e2a11bd4d920eabe4f56b,mourner_rbush
44743625641502548d3af7eafe9ae25b07c92cf6,mourner_rbush
44b68e2ebc6408110f86e43f8b30d89bd3a44d10,mourner_rbush
44b8a30a2aa9de351b0048dc038ee6f2d0d64ac0,mourner_rbush
44cc6bb4aeeedce750cdb12b2b23d89bb3b40ea4,mourner_rbush
44fa9d68a8d67589115f021b1d690bf92aea03b9,mourner_rbush
451698aea4ce2db79240e57caa06914253771121,mourner_rbush
46c07ee0f23847be001a0f74fcee01b74c5e062d,mourner_rbush
4714254d6bdc85c10a98ac1bfd77c06f46f9697f,mourner_rbush
4767fddc14ae64a279d9165891a5ff93ee4a5bfa,mourner_rbush
480bc337216c0efd236934aaf18ec9542ca64f9a,mourner_rbush
482289afb15b6cc8ea99035b2cdd2d5b8ffed0db,mourner_rbush
49125c1324d225f8832a084c5446403ae9bc3a4c,mourner_rbush
49e60a3170f471d1735f9b47f0871f34484005a8,mourner_rbush
4a016487225a6f2de40fc8d5f3a59983b2602a94,mourner_rbush
4aa0ef394a2aa1286500b338972095ca39cd72ea,mourner_rbush
4b1124432e81fdf80bcb10578514551845138ff1,mourner_rbush
4b7bde5babfd4b3197f39dfa9cef9fb30f4d341c,mourner_rbush
4b8cf0dddea030db5ce7203973e74366db9f7b35,mourner_rbush
4bd2383c6bbc46b6a8f1587b7aca46a7371cfed5,mourner_rbush
4dcd5e58ada126379aac984141a2b47daca0069a,mourner_rbush
4e6ae92a4d1d6b7e790f2bee27609c07d08b1842,mourner_rbush
4edef38fe57c89c19997188ac57c3bacc6ab7543,mourner_rbush
4f157c84f160c15eb826771f7051fea68d35220f,mourner_rbush
4f2b6e269cf518166223a0f6de73e20cb1c0a3ab,mourner_rbush
4f6413efe828bdb1da358e711691aaa48a02e591,mourner_rbush
4f795ef8f931dc1a4e0b63591f10aa088906424f,mourner_rbush
50735d7d6b0242e0f54b3fdf4d57a8543f918d59,mourner_rbush
5090b3c39563ca4cac49c69bcbc2234816e1b572,mourner_rbush
50dad602891068b260896c2fbb75889cfece9a67,mourner_rbush
50dd6d16dc161738b82ddfcd194d945e20af887d,mourner_rbush
51da250d175fef83893bfc9a86587b66999f6027,mourner_rbush
522f65095c37cd2214ee1ff8acfa2b373cefe906,mourner_rbush
5635b4039d819b378e91ebea153260300bf4f0fa,mourner_rbush
563bdc8baa7960b5b3786a267f049321926878cb,mourner_rbush
56c5f59f242b43c74490d9a6c51d1c61c4afc655,mourner_rbush
5914662fd79414e8fd2a93b5501f29f07ca7dcb6,mourner_rbush
59ca7ce8e2d5344c6a850c4b418464175a8785fc,mourner_rbush
59f80457dd886c66065abbcd5df74d7b77717478,mourner_rbush
5a1703ea15cf50cdd9e257934efdcc80ec95daf5,mourner_rbush
5b84723bcb8dfbab462646180f337de9dabaf8a4,mourner_rbush
5c383333db7e98435e7bba9d957720e96105a7bd,mourner_rbush
5e5548aa9076df3bcd6ef0160073b2c2076b1a99,mourner_rbush
6043181620d54c3f30fec668198eac9f675b833a,mourner_rbush
6054e832213b998d9b421d2aa113080e274e4647,mourner_rbush
6153283da2c7fb7f7c0040f38fb3f438d5115423,mourner_rbush
615af0913ac2799c4b584630129314457ad4331f,mourner_rbush
624ce77768470ae954a0efb63adfd65dffb5a1d4,mourner_rbush
651237f530c4bd6fa2010813f7b9b673cf968d11,mourner_rbush
662e0cdb66bfbe4f0005098a4d97dfbfd6e900f6,mourner_rbush
66bd5300d881c4fae838ba811f4d54345e27abda,mourner_rbush
674711334468326dbe5433c3e9c537a744c805a6,mourner_rbush
676f313a0d0ef10fd711f32e696b2668bea578b8,mourner_rbush
676fac61e9d04dd45e4979f0149d298f0be89644,mourner_rbush
681c6945dfc8baab7c394df03d198113138383af,mourner_rbush
687c05e461c561c7973a0202b2cb06ae4a1e7cf3,mourner_rbush
6882211d82af01a16212edd894cdd9c990d6b411,mourner_rbush
6a92bf6befbffe9199d49adb2a6e356b4681d5f6,mourner_rbush
6ab7fec351d5e50ba3a44105d90b836c39ca22ce,mourner_rbush
6caee5ed321acad00f983c9bbcd100da88cf44de,mourner_rbush
6cc398b90599a7ba8b69d837114097d55e408b58,mourner_rbush
6dffc1e360d905b6425aac991490aa9f400d5d31,mourner_rbush
6edf29fc8d07e46fb761fbb81366b803285e73ef,mourner_rbush
7116186a9cf296dff13a3a9f2fb10c6e47626cbd,mourner_rbush
71596867d66db55e8693f5c406814f621ca44bfd,mourner_rbush
720ff0c6a2de0fd6035804f773fd2e56aa6021c4,mourner_rbush
725637cb85b232ec18c3c9078244ad8a29014987,mourner_rbush
727ffdd641345c1e6c25f3d543b98dafea106f26,mourner_rbush
72d53f44ac346fc4906574f4e636a86c2a2fabde,mourner_rbush
7338feedd9befbee7b323755af06eed3fd34da7c,mourner_rbush
73d25987e4d61f6edeb6b914308160735855497b,mourner_rbush
751a989cf057dc374f1fc521745aed60dea87894,mourner_rbush
75a9abf5234fa1bdfbb01d7685bbb22ed9941b2f,mourner_rbush
7775df270273cdec181b5540b308a2366ee19495,mourner_rbush
78154f53270b8801c4393ca759f9cb4d12ecc04c,mourner_rbush
78c22ee51cc8203b58d2794bf8b0491d465aac48,mourner_rbush
7ad12c3de31abb8d14b4f06ec2f15d8a3b62f7c2,mourner_rbush
7aeb25f730a169086054d9615777fcf43f042fa7,mourner_rbush
7af3be08b9035935c51a51fac53682df588e1dd7,mourner_rbush
7afcb608e0dc4a31b2fa0eb7a05bb6460a75315c,mourner_rbush
7c16ca1acf3dd4c9a6f740e3b9b406311ac55f53,mourner_rbush
7de72b41175117369e6d81d8bed474d9dc1702b7,mourner_rbush
7f6fa9b4e9065f856e6b0433e2a8ca9cac2b1929,mourner_rbush
8054fc2f0c0643916a5f7057c01f07d1a7a6cc51,mourner_rbush
80b58c29848904edeb964ed8a35027dfed108d01,mourner_rbush
813851dfad4910c940625fb03db3ecbb4831dac4,mourner_rbush
817a737858ce544f89bd6add45649d546a027a06,mourner_rbush
81c6f282b897625093948efe020e436772665519,mourner_rbush
8207dab19950dc596a528fa30c7642a4fbb1e877,mourner_rbush
8222d788ff2433e167497c80e212c5451532bde1,mourner_rbush
824f15354b90f863f69fdc6d052c0e1d03b22f49,mourner_rbush
828178283f9711402fc92dbfcebdf94d79f30ed1,mourner_rbush
83220a8eb04775fbd666f87d1249a7f374eb9e19,mourner_rbush
84a322f8e05afa39f9c22c32f26c6fec92caee25,mourner_rbush
84bb251f51dfb5522b4d1af2c78cd095cdae75b1,mourner_rbush
85164bd80a36d42ac76759b5637ae7cc07e19b8b,mourner_rbush
854acee0a0924048e992c9c15c2788e655f73e9d,mourner_rbush
85da01fb7ca0c6be57bca814139f24e4debf5848,mourner_rbush
86b3eb4d53161bbde0f8aff46b418e692ca4caed,mourner_rbush
86f26e6167209fda96826ed982cb8d8732d63a99,mourner_rbush
86fb9f11f45a36ee96d1e80b26fd51bcf7310d7b,mourner_rbush
8797eea500b562d897a7568d9df28f784201affc,mourner_rbush
89832b0a580fdb99d0c08f358bbf4a8add729ab0,mourner_rbush
89efe31d02178830353eb6e59e33985bda2d3b90,mourner_rbush
8b416dd7b091086e8ae89ffc2cb715da38a3cba6,mourner_rbush
8bd03c4a35ef3f0a0572da319693d37b1f55d4c5,mourner_rbush
8c48226b7632d748f792a40e7c05043bbad2de1f,mourner_rbush
8c7e4afa4f19b7c59b37f82cae2cf6daf17370f4,mourner_rbush
8ccf1447f4d496306a2742976f11273a80d5a06b,mourner_rbush
8d75bd3daa10f4c1e449c4915ee97f0da6314098,mourner_rbush
8e4f5f802bb7e29bcf5af7b87a1fbbad0ced1fff,mourner_rbush
8e8808d17b18e6b897cce33806f1dd7bb470fd4b,mourner_rbush
8f735278118ced23d71f8cab085078edaff5fe15,mourner_rbush
902641ec1c9a3e0b9fd36f077f83058f78074ea5,mourner_rbush
912308e4aef4d48e418f924a0aee557c80a2f501,mourner_rbush
93609a7bc69ddd66245d8c634c2bc806d4d91d40,mourner_rbush
943ef429a4715188595901ad56c36ef77d1f66be,mourner_rbush
947d2c6030d8d72868a7f27d4eb3fb5e7672c471,mourner_rbush
977bf16613fd2cc0e1ee5010faf285f311329c26,mourner_rbush
97e4cffe8681fcd5a87c97895a089a846f0b370d,mourner_rbush
9819865b5bd952933de0e8d348c5d9c79503155e,mourner_rbush
984298626b92c46e4a8260248fbebce3db4008b1,mourner_rbush
9996575da032ff036962e821b11b43224201e406,mourner_rbush
999ac5055cd71d31d68edcd0faa782f37c404a51,mourner_rbush
9a56cca6c8173ac12f31c84d2b53d56fd8d4473d,mourner_rbush
9aa5802f1f6c77f39b2e102a7f54e46789660b3c,mourner_rbush
9b4bd360f7db00349d8ca2faaeba7a6cfeb07b78,mourner_rbush
9b7a38e86ab700fbcfade53ce3b8b596687d5d39,mourner_rbush
9bd2435d8ddc574e63a5a38158dfc890af5b6837,mourner_rbush
9c0941f851b9d168a62945f26b7c8a439fa28029,mourner_rbush
9dfdfaaaee9b4057dd2238e37ed2a25cbbcf270c,mourner_rbush
9e489d9ca77a139991b59cea2f104109656626af,mourner_rbush
9e6cc188d63358ff789857826b235934a0201d9b,mourner_rbush
9e9230c11030ee14607dddff2fe30be9fafc8ed7,mourner_rbush
a0b04ce314a3d206416b04085804c011b519a349,mourner_rbush
a0b3d1f261dfcef1b6aec290639dd73777489fe6,mourner_rbush
a124adba59fc7a126f5eead0f34aabfcfc627b20,mourner_rbush
a1992445eb94d802ddaff39925767b60ede9d15c,mourner_rbush
a1c700b7d2354733643ad32b5130a6e48a3cf1b1,mourner_rbush
a22adcf96d0c8ed0525ba0b2ec58abd55fcd1772,mourner_rbush
a345dbd03e76552d8471115122d03293ad32c054,mourner_rbush
a366e72b568c890bcd854bc4845a6c5ce8eca20b,mourner_rbush
a3891f71131038bc4a76c54b467014e57297c3ba,mourner_rbush
a3fa715d6e705874b193cf5abef49b96572b03a8,mourner_rbush
a4bdf4e49c990f97417ef5bffa303a953218b745,mourner_rbush
a50bd73871ace588649465ade0543c6132f4086f,mourner_rbush
a7047e9cb4814fa48e8252b2fb382cc6cc649359,mourner_rbush
a81724c601941d5c08ca7ad2936653871a098e26,mourner_rbush
a85553d35b49827973b4125b5110829f915b1d0b,mourner_rbush
a93257e4283e40c92330095f06fb5cc92ba6c155,mourner_rbush
a957d738a63b089046c599cb499c98657b6751b0,mourner_rbush
a96d1ee1d2d147e3bcf7a3a140a82c37384b9254,mourner_rbush
a9d2aae3168dbf702264adef1e0eeaa59eeea76f,mourner_rbush
aa33f199f1064d8cfc8398eddb9868be267d3aa0,mourner_rbush
aaa5234fb3318f743dfb393a0939a792743d29bc,mourner_rbush
aaebbf0f848b42ab8c6dd1de7c32ff7badaf5f7a,mourner_rbush
ab938c543dfe2a3a6f9fd2765f285a96e981e00d,mourner_rbush
abba7cc977738929150c6da33175cc85c6776078,mourner_rbush
ac3718d02c9c2beddf250ec65529e0acfbeb4596,mourner_rbush
ad12aac07fd53440dd780032dabc1a49e6cc8d75,mourner_rbush
ad5bcda0e705d9df98e8fc7cec0a75ea60ca607c,mourner_rbush
adc1ed0bc96597028cfa5e19012d95ac42be68cb,mourner_rbush
adc6451c84e5a80069cdf922b43039cddadaf0c0,mourner_rbush
aff0b3a7977971cd4ff2097b73edfffb90cd3f0b,mourner_rbush
b05cf30ee5a94c1140008ce34f99967dccd92c05,mourner_rbush
b1f7ccd9488826950e5499b1dc8d751fb715b9e5,mourner_rbush
b2eb4088387afaffb20b81ed6e7d6f28fb121f7e,mourner_rbush
b375d4b9bfbb283f4876f71f31e10791beb56afe,mourner_rbush
b572071c10f0e6136cf0795abd064b66366d9972,mourner_rbush
b5acee4dc9edca123841907ba370ff5b08745612,mourner_rbush
b633a5f307147bd24c058b0b9c81da7fd474fddc,mourner_rbush
b69bdaab7115193afab021de55e95af315f3d795,mourner_rbush
b730a1dc31ebd4f509fdbb3d79b89201614384a5,mourner_rbush
b7970c122236fc3e3fc674fa482c1c7a1bf13389,mourner_rbush
b7f20004231f5eda7b120961943e778d42aea6c0,mourner_rbush
b8d87f9af5a959811ac51aa7b1561e23cd2c9f72,mourner_rbush
b8dbb6c59ac48692386ff9949ac80b06f0fcd54b,mourner_rbush
b8f8e5cd6fcd7182faa34138faf8fda2642b5a6e,mourner_rbush
b947e4fd71973a4da7d8b09382bc02a92c817423,mourner_rbush
b970b70ba2ee3f33a390c2d3970cddad5e662adb,mourner_rbush
b98444dd29cb471b6995485c81a88a46fbdc75ff,mourner_rbush
badfce5e731cb92e675654b0bc3432560d60d574,mourner_rbush
bc6256e34291585a3957b2233c5473553ecf8848,mourner_rbush
bc91782c1fd224a39c86af5252c124bcff7a9e8a,mourner_rbush
beaf33a83ef3035ffb591c0ce0f5b513b6dba51b,mourner_rbush
bff4ccd6881d208d18992a1f0a05d3ec5fda50f6,mourner_rbush
c25f8110b280f3c70de3c12340885939a11fd7f8,mourner_rbush
c2a02b3260b03c0ecf0e4cd5f70ec6c768d63fe4,mourner_rbush
c2ce48cb9b07fb10890a8e8f7cff1aca8874387c,mourner_rbush
c2faa8dbe787150fa27dd799c60572388158e98c,mourner_rbush
c357d9f275b766193f4969a3ba2edaf799f82a13,mourner_rbush
c3f6ad06f1e47ccec58998461f3383aa90066ecd,mourner_rbush
c54a73763331fc314fcd23677a3c2c7f910d17ee,mourner_rbush
c5c3503b660829647dfd85bb106552fefccdeafb,mourner_rbush
c679dccc50ef2b566efaf3fe329372e19d1ccfd5,mourner_rbush
c6f002e3c4da5ab16cadef824ba7ea1d4cb8f2d1,mourner_rbush
c6fdeea513dd1f2abf2a9b34efc264eae600eba5,mourner_rbush
c73a3fd3624f102e478b4a5f6974d9430dd36d91,mourner_rbush
c7a1be56b17ae9813c0a0c92e5d0e29ff88cb7fb,mourner_rbush
c7c79aa048ab45e7f1d3a55c711c8d169b22df27,mourner_rbush
c98a8fb58fc9895da28bb9dde4a30bf22f92175d,mourner_rbush
ca9bca8e4dadcd2d080a3db1e86497566bfb2d36,mourner_rbush
ca9f0bda8b52dd7da54ab9ece67b0f6d39da7455,mourner_rbush
cac22b5029a1c31a22441eee637fa97c323623f2,mourner_rbush
cbb1acf1024c8763a6cd3e94624bfcf31a4cef93,mourner_rbush
cc250e09b934caf7ecf6c8220f3cd63e33a2b4f8,mourner_rbush
cd3dd4cb3a6a9c2ffec70c6459a9cde5e3e5dcb2,mourner_rbush
cd88a54d5bffdf55fbe7bdac02301bd1a56e2b05,mourner_rbush
cda4e1f3994a981dcf1380ae81990b9d18d8dbde,mourner_rbush
cebf5c62eacd47e99cc61987ca0b2a39695ee426,mourner_rbush
cf5ca5ae3c05350b38f5670aec9b20b729dc3b87,mourner_rbush
d03f74a506ef7eb9e9b54b98232c9b45653828ad,mourner_rbush
d09b56787ffb3467f7f191b0563fbdda46a9fd99,mourner_rbush
d10ba0f9dbf69735f14a0358f89ba9fb3355c972,mourner_rbush
d1931940c227d270bebde7aa20e258ace402f06b,mourner_rbush
d214f50cc3f485248b4dcec005e86df86ee7860c,mourner_rbush
d282b2b32a396e78326e8a3ee21b92cc1e228c4c,mourner_rbush
d3bf777c8cf3bfca8f408088247ed949338814a7,mourner_rbush
d4519f5e7e317b0d0f67aac7969998922dd23e37,mourner_rbush
d5c09eff1cc864934ad6c48291d071a123923b69,mourner_rbush
d5ca6dea58e548046ec5f33d9ed5131cc74c38dd,mourner_rbush
d939cf60720ccdded4e8be359076a03c88ab6d79,mourner_rbush
daef173f4d9e69c02c0b6d90039088d73ff7c812,mourner_rbush
db28574620a1346b36883eaae3727ba7619987e2,mourner_rbush
dbfc840dec0c8784a9d30c4e0f19e80571485163,mourner_rbush
dc61dde891fdb8e6cea60796c45d68eb09b84d89,mourner_rbush
dd2101bb36bd0467635c139be2fa91cac74826e8,mourner_rbush
dd899b2982fa96a057f23a29b22c50972b5c1e93,mourner_rbush
de0eab06f349f6684d5dfb05acf846fe736b6aaa,mourner_rbush
de2c932330dc8e2cc8a737ceeef33248dff2debb,mourner_rbush
de6245f5eac2974bf0f0a94dd1677452fa59a4e6,mourner_rbush
df0bae24039a65bd332015bfa22807d68ec1cfd9,mourner_rbush
df39bd9774c7ee3680872aa33d95ecae0c100f0a,mourner_rbush
e027c595722201c9cbab710313a6b7c626dfddf9,mourner_rbush
e0f66f491dca005a5694414be36961e4f0b1debb,mourner_rbush
e225874ab0a4fd2bb0a4a931d03560f00c2c585a,mourner_rbush
e230e1298e5888b2f1fdc2a74248a13969b76cb8,mourner_rbush
e26085df5927f61ea832018000a1f4b561a9bf6f,mourner_rbush
e2ca7c82a3aec425afa4605701ed3f9d4d980790,mourner_rbush
e2d1b22d531b594b49dda9066dd11b4ef5747b8c,mourner_rbush
e35e221c8e39dbd9e05f298c16a1dfc22fe0a354,mourner_rbush
e3b7627c5ca242103c9e4023467517d1f7b16cbe,mourner_rbush
e5b6f2329c9a4f726e786d8fe6de6dda1e225265,mourner_rbush
e5c3aad3784168a6f82e4e5121ccaad479507881,mourner_rbush
e5e647b50884d7acc531640bb3112b72f5d80452,mourner_rbush
e6215af95e4c2ba86bb97b4ee0fb952f85898358,mourner_rbush
e76e57ae53f971dcd1eac8818dd8362e8b0b6e10,mourner_rbush
e7bfae091bfd1c986c73f777f307e190765efab8,mourner_rbush
e8a9a3ed3a91cd7f4dabaa3caf9adc5d5d73b423,mourner_rbush
e8d0ea2a49d8e66043bab2c8698478830dfee996,mourner_rbush
ea047b499d2c5abd2a8cbc010826b207728ca0ad,mourner_rbush
ebcc36e11ce500c8488eb84c700f67771a553596,mourner_rbush
ec0883d7bebe4f8c552d058c25774041924b257d,mourner_rbush
ed136b75e97ceef41dd296842fa9eb66e34e6e23,mourner_rbush
ed2a054d800c90d2eadd68c6ad2043a6c6176c0a,mourner_rbush
ed672333e5282e4203a9ff16788da6300ff30cae,mourner_rbush
edf9797a61fdf4650bd38887a342afbbb89c0654,mourner_rbush
f06fbdfb0c28ad56f44ceeec7a75e9c8047f2219,mourner_rbush
f076cc6dce2465928b30209d0b8a54e35d13ab64,mourner_rbush
f1dd56ae11f09c5340974a1c20e5dd171b5046c0,mourner_rbush
f208a62d9904841258b83946b1592a71f28fac3e,mourner_rbush
f2ba4bb9216b7e6abac90548cb28e9417fa8d9f0,mourner_rbush
f2bd644a95909632f9989de2601ca6b1f83407fc,mourner_rbush
f2df30d2ddaaee16ee5e61197eef1774173d10c0,mourner_rbush
f2df91b6b47cee239aba274707733daff80c57b9,mourner_rbush
f3d4ed20ac2902a97efe10fec88b514578d33d34,mourner_rbush
f3d5e33fe5600d5688ad1c2db6ad8c9bdc45a0b4,mourner_rbush
f44c0f12cf68d6eddb81bae77265a24cc5541e23,mourner_rbush
f469bbe00116a1fdb744a7e203fc8393b649d2b4,mourner_rbush
f493ecf77ccf71e1451b0782fc543f237e0f955d,mourner_rbush
f530c78fcdeb87fb5b7dbc942f3cdb3c07d0bae2,mourner_rbush
f5c5f5bad3600c4c1c0db83428e79c453b60b8a4,mourner_rbush
f6fa7dc52e19c9805ee050209b57ca03d28fbbf8,mourner_rbush
f85753d9cded0195791d8c1878611eeb277152f7,mourner_rbush
f908fec5125eb8e7d78371e8b274417665bba74c,mourner_rbush
f9a0b7c54f6a9d2820b84d2e5eae7e83d7b274b2,mourner_rbush
f9b0418d8381822e9f44f7d58ca4f324380a0c3f,mourner_rbush
facfa4a182be17691ca9388a9d3f25c75dfe917b,mourner_rbush
fbd509c8f76b73b939a911c1927a4b1c98b12b18,mourner_rbush
fdd5476960bb1d838a5cdbd25aa437d1cbd4b8f7,mourner_rbush
fe1a53ddf646e51bcac72a91a2d2d0a014ac0398,mourner_rbush
fe1e36da48abcd458a1f45d8ddcdc1b6c43edf75,mourner_rbush
ff1781018a3c9ef6233aaeafdfd34d52bfae9bcc,mourner_rbush
